ISO-10303-21;
HEADER;
/*Generated by software containing ST-Developer
 * from STEP Tools, Inc. (www.steptools.com)
 */
/*OPTION: using custom renumber hook */
/*description */
/*implementation_level */
FILE_DESCRIPTION(('STEP AP242 Edition 2','STEP AP242 Edition 2''CAx-IF Rec.Pracs.---Representation and Presentation of Product Manufa
cturing Information (PMI)---4.0---2014-10-13','STEP AP242 Edition 2''CAx-IF Rec.Pracs.---Representation and Presentation of Product Manufa
cturing Information (PMI)---4.0---2014-10-13''CAx-IF Rec.Pracs.---3D Tessellated Geometry---0.4---2014-09-14','STEP AP242 Edition 2''CAx-IF Rec.Pracs.---Representation and Presentation of Product Manufa
cturing Information (PMI)---4.0---2014-10-13''CAx-IF Rec.Pracs.---3D Tessellated Geometry---0.4---2014-09-14''2;1','STEP AP242 Edition 2''CAx-IF Rec.Pracs.---Representation and Presentation of Product Manufa
cturing Information (PMI)---4.0---2014-10-13''CAx-IF Rec.Pracs.---3D Tessellated Geometry---0.4---2014-09-14''2;1''CAx-IF Rec.Pracs.---User Defined Attributes---1.5---2016-08-15'),'2;1');
/*name */
/*time_stamp */
/*author */
/*organization */
/*preprocessor_version */
/*originating_system */
/*authorization */
FILE_NAME('/vol/tmp/translate-16654723780019578906/Part Studio 1 - CableClip.step','2026-03-23T13:46:59',(''),(''),'ST-DEVELOPER v20','ONSHAPE BY PTC INC, 1.212','  ');
FILE_SCHEMA(('AP242_MANAGED_MODEL_BASED_3D_ENGINEERING_MIM_LF { 1 0 10303 442 3 1 4 }'));
ENDSEC;
DATA;
#10=SHAPE_REPRESENTATION_RELATIONSHIP('','',#1359,#11);
#11=ADVANCED_BREP_SHAPE_REPRESENTATION('',(#1357),#2535);
#12=CONICAL_SURFACE('',#1433,0.00325,0.785398163397448);
#13=CONICAL_SURFACE('',#1436,0.00405,0.785398163397448);
#14=B_SPLINE_SURFACE_WITH_KNOTS('',3,1,((#2130,#2131),(#2132,#2133),(#2134,
#2135),(#2136,#2137),(#2138,#2139),(#2140,#2141),(#2142,#2143),(#2144,#2145),(#2146,#2147),(#2148,#2149),(#2150,#2151)),.SURF_OF_LINEAR_EXTRUSION.,.F.,.F.,.F.,(4,1,1,1,1,1,1,1,4),(2,2),(4.71238898038469,5.10508806208341,5.49778714378214,5.89048622548086,6.28318530717959,6.67588438887831,7.06858347057703,7.46128255227576,7.85398163397448),(0.,1.),.UNSPECIFIED.);
#15=B_SPLINE_SURFACE_WITH_KNOTS('',1,3,((#2306,#2307,#2308,#2309,#2310,
#2311,#2312,#2313,#2314,#2315,#2316,#2317,#2318,#2319,#2320,#2321,#2322,
#2323,#2324,#2325,#2326,#2327),(#2328,#2329,#2330,#2331,#2332,#2333,#2334,
#2335,#2336,#2337,#2338,#2339,#2340,#2341,#2342,#2343,#2344,#2345,#2346,
#2347,#2348,#2349)),.RULED_SURF.,.F.,.F.,.F.,(2,2),(4,2,2,2,2,2,2,2,2,2,4),(0.,1.),(0.00529342088517118,0.00724376998197461,0.0101119882207702,0.0129802064595658,0.0158484246983615,0.0172825338177593,0.0187166429371571,0.0215848611759527,0.0230189702953505,0.0244530794147483,0.0262764777164925),.UNSPECIFIED.);
#16=B_SPLINE_SURFACE_WITH_KNOTS('',1,3,((#2355,#2356,#2357,#2358,#2359,
#2360,#2361,#2362,#2363,#2364,#2365,#2366,#2367,#2368,#2369,#2370,#2371,
#2372,#2373,#2374,#2375,#2376),(#2377,#2378,#2379,#2380,#2381,#2382,#2383,
#2384,#2385,#2386,#2387,#2388,#2389,#2390,#2391,#2392,#2393,#2394,#2395,
#2396,#2397,#2398)),.RULED_SURF.,.F.,.F.,.F.,(2,2),(4,2,2,2,2,2,2,2,2,2,4),(0.,1.),(0.00542037168023042,0.00724376998197463,0.00867787910137244,0.0101119882207702,0.0129802064595659,0.0144143155789637,0.0158484246983615,0.0187166429371571,0.0215848611759528,0.0244530794147484,0.0264034285115518),.UNSPECIFIED.);
#17=B_SPLINE_SURFACE_WITH_KNOTS('',1,3,((#2419,#2420,#2421,#2422,#2423,
#2424,#2425,#2426,#2427,#2428),(#2429,#2430,#2431,#2432,#2433,#2434,#2435,
#2436,#2437,#2438)),.RULED_SURF.,.F.,.F.,.F.,(2,2),(4,2,2,2,4),(0.,1.),(0.,0.00123359250411957,0.00246718500823914,0.00370077751235871,0.00493437001647828),.UNSPECIFIED.);
#18=B_SPLINE_SURFACE_WITH_KNOTS('',1,3,((#2449,#2450,#2451,#2452,#2453,
#2454,#2455,#2456,#2457,#2458),(#2459,#2460,#2461,#2462,#2463,#2464,#2465,
#2466,#2467,#2468)),.RULED_SURF.,.F.,.F.,.F.,(2,2),(4,2,2,2,4),(0.,1.),(0.,0.00123359250411957,0.00246718500823914,0.00370077751235871,0.00493437001647828),.UNSPECIFIED.);
#19=B_SPLINE_SURFACE_WITH_KNOTS('',1,3,((#2479,#2480,#2481,#2482,#2483,
#2484,#2485,#2486,#2487,#2488),(#2489,#2490,#2491,#2492,#2493,#2494,#2495,
#2496,#2497,#2498)),.RULED_SURF.,.F.,.F.,.F.,(2,2),(4,2,2,2,4),(0.,1.),(0.,0.00123359250411957,0.00246718500823914,0.00370077751235871,0.00493437001647828),.UNSPECIFIED.);
#20=B_SPLINE_SURFACE_WITH_KNOTS('',1,3,((#2509,#2510,#2511,#2512,#2513,
#2514,#2515,#2516,#2517,#2518),(#2519,#2520,#2521,#2522,#2523,#2524,#2525,
#2526,#2527,#2528)),.RULED_SURF.,.F.,.F.,.F.,(2,2),(4,2,2,2,4),(0.,1.),(0.,0.00123359250411957,0.00246718500823914,0.00370077751235871,0.00493437001647828),.UNSPECIFIED.);
#21=CYLINDRICAL_SURFACE('',#1390,0.00325);
#22=CYLINDRICAL_SURFACE('',#1396,0.0021);
#23=CYLINDRICAL_SURFACE('',#1400,0.0021);
#24=CYLINDRICAL_SURFACE('',#1402,0.0021);
#25=CYLINDRICAL_SURFACE('',#1406,0.0021);
#26=CIRCLE('',#1366,0.0011);
#27=CIRCLE('',#1367,0.0021);
#28=CIRCLE('',#1369,0.0011);
#29=CIRCLE('',#1370,0.0021);
#30=CIRCLE('',#1372,0.0011);
#31=CIRCLE('',#1373,0.0021);
#32=CIRCLE('',#1375,0.0011);
#33=CIRCLE('',#1376,0.0021);
#34=CIRCLE('',#1378,0.00405);
#35=CIRCLE('',#1380,0.00405);
#36=CIRCLE('',#1385,0.0021);
#37=CIRCLE('',#1388,0.00405);
#38=CIRCLE('',#1391,0.00325);
#39=CIRCLE('',#1392,0.00325);
#40=CIRCLE('',#1394,0.00405);
#41=CIRCLE('',#1397,0.0021);
#42=CIRCLE('',#1403,0.0021);
#43=CIRCLE('',#1407,0.0021);
#44=TOROIDAL_SURFACE('',#1365,0.0011,0.001);
#45=TOROIDAL_SURFACE('',#1368,0.0011,0.001);
#46=TOROIDAL_SURFACE('',#1371,0.0011,0.001);
#47=TOROIDAL_SURFACE('',#1374,0.0011,0.001);
#48=B_SPLINE_CURVE_WITH_KNOTS('',3,(#1771,#1772,#1773,#1774,#1775,#1776,#1777),.UNSPECIFIED.,.F.,.F.,(4,1,1,1,4),(0.,0.25,0.5,0.75,1.),.UNSPECIFIED.);
#49=B_SPLINE_CURVE_WITH_KNOTS('',3,(#1792,#1793,#1794,#1795,#1796,#1797,#1798),.UNSPECIFIED.,.F.,.F.,(4,1,1,1,4),(0.,0.25,0.5,0.75,1.),.UNSPECIFIED.);
#50=B_SPLINE_CURVE_WITH_KNOTS('',3,(#1813,#1814,#1815,#1816,#1817,#1818,#1819),.UNSPECIFIED.,.F.,.F.,(4,1,1,1,4),(0.,0.25,0.5,0.75,1.),.UNSPECIFIED.);
#51=B_SPLINE_CURVE_WITH_KNOTS('',3,(#1834,#1835,#1836,#1837,#1838,#1839,#1840),.UNSPECIFIED.,.F.,.F.,(4,1,1,1,4),(0.,0.25,0.5,0.75,1.),.UNSPECIFIED.);
#52=B_SPLINE_CURVE_WITH_KNOTS('',3,(#1847,#1848,#1849,#1850,#1851,#1852,#1853,#1854,#1855,#1856,#1857,#1858,#1859),.UNSPECIFIED.,.F.,.F.,(4,1,1,1,1,1,1,1,1,1,4),(0.,0.125,0.1875,0.25,0.375,0.5,0.625,0.75,0.8125,0.875,1.),.UNSPECIFIED.);
#53=B_SPLINE_CURVE_WITH_KNOTS('',3,(#1866,#1867,#1868,#1869,#1870,#1871,#1872,#1873,#1874,#1875,#1876,#1877,#1878),.UNSPECIFIED.,.F.,.F.,(4,1,1,1,1,1,1,1,1,1,4),(0.,0.125,0.1875,0.25,0.375,0.5,0.625,0.75,0.8125,0.875,1.),.UNSPECIFIED.);
#54=B_SPLINE_CURVE_WITH_KNOTS('',3,(#1885,#1886,#1887,#1888,#1889,#1890,#1891,#1892,#1893,#1894,#1895,#1896,#1897),.UNSPECIFIED.,.F.,.F.,(4,1,1,1,1,1,1,1,1,1,4),(0.,0.125,0.1875,0.25,0.375,0.5,0.625,0.75,0.8125,0.875,1.),.UNSPECIFIED.);
#55=B_SPLINE_CURVE_WITH_KNOTS('',3,(#1904,#1905,#1906,#1907,#1908,#1909,#1910,#1911,#1912,#1913,#1914,#1915,#1916),.UNSPECIFIED.,.F.,.F.,(4,1,1,1,1,1,1,1,1,1,4),(0.,0.125,0.1875,0.25,0.375,0.5,0.625,0.75,0.8125,0.875,1.),.UNSPECIFIED.);
#56=B_SPLINE_CURVE_WITH_KNOTS('',3,(#1925,#1926,#1927,#1928,#1929,#1930,#1931,#1932,#1933),.UNSPECIFIED.,.F.,.F.,(4,1,1,1,1,1,4),(0.622064091757924,0.669306080288183,0.716548068818443,0.763790057348702,0.811032045878962,0.905516022939481,1.),.UNSPECIFIED.);
#57=B_SPLINE_CURVE_WITH_KNOTS('',3,(#1942,#1943,#1944,#1945,#1946,#1947,#1948,#1949,#1950),.UNSPECIFIED.,.F.,.F.,(4,1,1,1,1,1,4),(0.,0.0940780545170776,0.188156109034155,0.235195136292694,0.282234163551233,0.329273190809772,0.376312218068311),.UNSPECIFIED.);
#58=B_SPLINE_CURVE_WITH_KNOTS('',3,(#1955,#1956,#1957,#1958,#1959,#1960,#1961),.UNSPECIFIED.,.F.,.F.,(4,1,1,1,4),(0.,0.25,0.5,0.75,1.),.UNSPECIFIED.);
#59=B_SPLINE_CURVE_WITH_KNOTS('',3,(#1976,#1977,#1978,#1979,#1980,#1981,#1982),.UNSPECIFIED.,.F.,.F.,(4,1,1,1,4),(0.,0.25,0.5,0.75,1.),.UNSPECIFIED.);
#60=B_SPLINE_CURVE_WITH_KNOTS('',3,(#1997,#1998,#1999,#2000,#2001,#2002,#2003),.UNSPECIFIED.,.F.,.F.,(4,1,1,1,4),(0.,0.25,0.5,0.75,1.),.UNSPECIFIED.);
#61=B_SPLINE_CURVE_WITH_KNOTS('',3,(#2043,#2044,#2045,#2046),.UNSPECIFIED.,.F.,.F.,(4,4),(0.,1.),.UNSPECIFIED.);
#62=B_SPLINE_CURVE_WITH_KNOTS('',3,(#2050,#2051,#2052,#2053),.UNSPECIFIED.,.F.,.F.,(4,4),(0.,1.),.UNSPECIFIED.);
#63=B_SPLINE_CURVE_WITH_KNOTS('',3,(#2060,#2061,#2062,#2063,#2064,#2065,#2066,#2067,#2068),.UNSPECIFIED.,.F.,.F.,(4,1,1,1,1,1,4),(0.622064091757919,0.669306080288179,0.716548068818439,0.763790057348699,0.811032045878959,0.90551602293948,1.),.UNSPECIFIED.);
#64=B_SPLINE_CURVE_WITH_KNOTS('',3,(#2073,#2074,#2075,#2076),.UNSPECIFIED.,.F.,.F.,(4,4),(0.,1.),.UNSPECIFIED.);
#65=B_SPLINE_CURVE_WITH_KNOTS('',3,(#2080,#2081,#2082,#2083),.UNSPECIFIED.,.F.,.F.,(4,4),(0.,1.),.UNSPECIFIED.);
#66=B_SPLINE_CURVE_WITH_KNOTS('',3,(#2107,#2108,#2109,#2110),.UNSPECIFIED.,.F.,.F.,(4,4),(0.,1.),.UNSPECIFIED.);
#67=B_SPLINE_CURVE_WITH_KNOTS('',3,(#2115,#2116,#2117,#2118),.UNSPECIFIED.,.F.,.F.,(4,4),(0.,1.),.UNSPECIFIED.);
#68=B_SPLINE_CURVE_WITH_KNOTS('',3,(#2120,#2121,#2122,#2123),.UNSPECIFIED.,.F.,.F.,(4,4),(0.,1.),.UNSPECIFIED.);
#69=B_SPLINE_CURVE_WITH_KNOTS('',3,(#2125,#2126,#2127,#2128),.UNSPECIFIED.,.F.,.F.,(4,4),(0.,1.),.UNSPECIFIED.);
#70=B_SPLINE_CURVE_WITH_KNOTS('',3,(#2152,#2153,#2154,#2155,#2156,#2157,#2158,#2159,#2160,#2161,#2162),.UNSPECIFIED.,.F.,.F.,(4,1,1,1,1,1,1,1,4),(0.,0.125,0.25,0.375,0.5,0.625,0.75,0.875,1.),.UNSPECIFIED.);
#71=B_SPLINE_CURVE_WITH_KNOTS('',3,(#2163,#2164,#2165,#2166,#2167,#2168,#2169,#2170,#2171,#2172,#2173),.UNSPECIFIED.,.F.,.F.,(4,1,1,1,1,1,1,1,4),(0.,0.125,0.25,0.375,0.5,0.625,0.75,0.875,1.),.UNSPECIFIED.);
#72=B_SPLINE_CURVE_WITH_KNOTS('',3,(#2175,#2176,#2177,#2178,#2179,#2180,#2181,#2182,#2183),.UNSPECIFIED.,.F.,.F.,(4,1,1,1,1,1,4),(0.,0.0940780545170777,0.188156109034155,0.235195136292694,0.282234163551233,0.329273190809772,0.376312218068311),.UNSPECIFIED.);
#73=B_SPLINE_CURVE_WITH_KNOTS('',3,(#2192,#2193,#2194,#2195,#2196,#2197,#2198),.UNSPECIFIED.,.F.,.F.,(4,1,1,1,4),(0.,0.25,0.5,0.75,1.),.UNSPECIFIED.);
#74=B_SPLINE_CURVE_WITH_KNOTS('',3,(#2350,#2351,#2352,#2353,#2354),.UNSPECIFIED.,.F.,.F.,(4,1,4),(0.,0.00260605597431914,0.00521211194863828),.UNSPECIFIED.);
#75=B_SPLINE_CURVE_WITH_KNOTS('',3,(#2399,#2400,#2401,#2402,#2403),.UNSPECIFIED.,.F.,.F.,(4,1,4),(0.,0.00260605597431916,0.00521211194863832),.UNSPECIFIED.);
#76=B_SPLINE_CURVE_WITH_KNOTS('',3,(#2415,#2416,#2417,#2418),.UNSPECIFIED.,.F.,.F.,(4,4),(0.,1.),.UNSPECIFIED.);
#77=B_SPLINE_CURVE_WITH_KNOTS('',3,(#2439,#2440,#2441,#2442),.UNSPECIFIED.,.F.,.F.,(4,4),(0.,1.),.UNSPECIFIED.);
#78=B_SPLINE_CURVE_WITH_KNOTS('',3,(#2445,#2446,#2447,#2448),.UNSPECIFIED.,.F.,.F.,(4,4),(0.,1.),.UNSPECIFIED.);
#79=B_SPLINE_CURVE_WITH_KNOTS('',3,(#2469,#2470,#2471,#2472),.UNSPECIFIED.,.F.,.F.,(4,4),(0.,1.),.UNSPECIFIED.);
#80=B_SPLINE_CURVE_WITH_KNOTS('',3,(#2475,#2476,#2477,#2478),.UNSPECIFIED.,.F.,.F.,(4,4),(0.,1.),.UNSPECIFIED.);
#81=B_SPLINE_CURVE_WITH_KNOTS('',3,(#2499,#2500,#2501,#2502),.UNSPECIFIED.,.F.,.F.,(4,4),(0.,1.),.UNSPECIFIED.);
#82=B_SPLINE_CURVE_WITH_KNOTS('',3,(#2505,#2506,#2507,#2508),.UNSPECIFIED.,.F.,.F.,(4,4),(0.,1.),.UNSPECIFIED.);
#83=B_SPLINE_CURVE_WITH_KNOTS('',3,(#2529,#2530,#2531,#2532),.UNSPECIFIED.,.F.,.F.,(4,4),(0.,1.),.UNSPECIFIED.);
#84=ORIENTED_EDGE('',*,*,#468,.T.);
#85=ORIENTED_EDGE('',*,*,#469,.T.);
#86=ORIENTED_EDGE('',*,*,#470,.T.);
#87=ORIENTED_EDGE('',*,*,#471,.F.);
#88=ORIENTED_EDGE('',*,*,#472,.T.);
#89=ORIENTED_EDGE('',*,*,#473,.T.);
#90=ORIENTED_EDGE('',*,*,#474,.T.);
#91=ORIENTED_EDGE('',*,*,#475,.T.);
#92=ORIENTED_EDGE('',*,*,#476,.T.);
#93=ORIENTED_EDGE('',*,*,#477,.T.);
#94=ORIENTED_EDGE('',*,*,#478,.F.);
#95=ORIENTED_EDGE('',*,*,#479,.F.);
#96=ORIENTED_EDGE('',*,*,#480,.T.);
#97=ORIENTED_EDGE('',*,*,#481,.T.);
#98=ORIENTED_EDGE('',*,*,#482,.T.);
#99=ORIENTED_EDGE('',*,*,#483,.F.);
#100=ORIENTED_EDGE('',*,*,#484,.T.);
#101=ORIENTED_EDGE('',*,*,#485,.T.);
#102=ORIENTED_EDGE('',*,*,#486,.T.);
#103=ORIENTED_EDGE('',*,*,#487,.F.);
#104=ORIENTED_EDGE('',*,*,#488,.T.);
#105=ORIENTED_EDGE('',*,*,#489,.T.);
#106=ORIENTED_EDGE('',*,*,#490,.F.);
#107=ORIENTED_EDGE('',*,*,#491,.T.);
#108=ORIENTED_EDGE('',*,*,#492,.T.);
#109=ORIENTED_EDGE('',*,*,#493,.F.);
#110=ORIENTED_EDGE('',*,*,#494,.F.);
#111=ORIENTED_EDGE('',*,*,#495,.T.);
#112=ORIENTED_EDGE('',*,*,#496,.F.);
#113=ORIENTED_EDGE('',*,*,#497,.F.);
#114=ORIENTED_EDGE('',*,*,#498,.T.);
#115=ORIENTED_EDGE('',*,*,#499,.F.);
#116=ORIENTED_EDGE('',*,*,#500,.F.);
#117=ORIENTED_EDGE('',*,*,#501,.T.);
#118=ORIENTED_EDGE('',*,*,#502,.F.);
#119=ORIENTED_EDGE('',*,*,#503,.F.);
#120=ORIENTED_EDGE('',*,*,#504,.T.);
#121=ORIENTED_EDGE('',*,*,#505,.F.);
#122=ORIENTED_EDGE('',*,*,#506,.F.);
#123=ORIENTED_EDGE('',*,*,#507,.T.);
#124=ORIENTED_EDGE('',*,*,#508,.T.);
#125=ORIENTED_EDGE('',*,*,#509,.T.);
#126=ORIENTED_EDGE('',*,*,#510,.T.);
#127=ORIENTED_EDGE('',*,*,#511,.T.);
#128=ORIENTED_EDGE('',*,*,#512,.T.);
#129=ORIENTED_EDGE('',*,*,#513,.T.);
#130=ORIENTED_EDGE('',*,*,#514,.F.);
#131=ORIENTED_EDGE('',*,*,#515,.T.);
#132=ORIENTED_EDGE('',*,*,#516,.T.);
#133=ORIENTED_EDGE('',*,*,#517,.T.);
#134=ORIENTED_EDGE('',*,*,#518,.T.);
#135=ORIENTED_EDGE('',*,*,#519,.T.);
#136=ORIENTED_EDGE('',*,*,#520,.F.);
#137=ORIENTED_EDGE('',*,*,#521,.F.);
#138=ORIENTED_EDGE('',*,*,#522,.T.);
#139=ORIENTED_EDGE('',*,*,#523,.T.);
#140=ORIENTED_EDGE('',*,*,#524,.T.);
#141=ORIENTED_EDGE('',*,*,#525,.F.);
#142=ORIENTED_EDGE('',*,*,#526,.T.);
#143=ORIENTED_EDGE('',*,*,#527,.T.);
#144=ORIENTED_EDGE('',*,*,#528,.F.);
#145=ORIENTED_EDGE('',*,*,#529,.F.);
#146=ORIENTED_EDGE('',*,*,#530,.T.);
#147=ORIENTED_EDGE('',*,*,#531,.T.);
#148=ORIENTED_EDGE('',*,*,#532,.T.);
#149=ORIENTED_EDGE('',*,*,#533,.T.);
#150=ORIENTED_EDGE('',*,*,#534,.F.);
#151=ORIENTED_EDGE('',*,*,#535,.F.);
#152=ORIENTED_EDGE('',*,*,#536,.T.);
#153=ORIENTED_EDGE('',*,*,#537,.T.);
#154=ORIENTED_EDGE('',*,*,#538,.T.);
#155=ORIENTED_EDGE('',*,*,#469,.F.);
#156=ORIENTED_EDGE('',*,*,#539,.T.);
#157=ORIENTED_EDGE('',*,*,#540,.T.);
#158=ORIENTED_EDGE('',*,*,#541,.T.);
#159=ORIENTED_EDGE('',*,*,#522,.F.);
#160=ORIENTED_EDGE('',*,*,#542,.F.);
#161=ORIENTED_EDGE('',*,*,#514,.T.);
#162=ORIENTED_EDGE('',*,*,#543,.T.);
#163=ORIENTED_EDGE('',*,*,#471,.T.);
#164=ORIENTED_EDGE('',*,*,#544,.T.);
#165=ORIENTED_EDGE('',*,*,#545,.T.);
#166=ORIENTED_EDGE('',*,*,#546,.F.);
#167=ORIENTED_EDGE('',*,*,#520,.T.);
#168=ORIENTED_EDGE('',*,*,#547,.T.);
#169=ORIENTED_EDGE('',*,*,#548,.T.);
#170=ORIENTED_EDGE('',*,*,#549,.F.);
#171=ORIENTED_EDGE('',*,*,#478,.T.);
#172=ORIENTED_EDGE('',*,*,#550,.T.);
#173=ORIENTED_EDGE('',*,*,#551,.F.);
#174=ORIENTED_EDGE('',*,*,#552,.F.);
#175=ORIENTED_EDGE('',*,*,#534,.T.);
#176=ORIENTED_EDGE('',*,*,#553,.T.);
#177=ORIENTED_EDGE('',*,*,#508,.F.);
#178=ORIENTED_EDGE('',*,*,#554,.T.);
#179=ORIENTED_EDGE('',*,*,#555,.F.);
#180=ORIENTED_EDGE('',*,*,#556,.T.);
#181=ORIENTED_EDGE('',*,*,#557,.T.);
#182=ORIENTED_EDGE('',*,*,#558,.T.);
#183=ORIENTED_EDGE('',*,*,#559,.T.);
#184=ORIENTED_EDGE('',*,*,#560,.F.);
#185=ORIENTED_EDGE('',*,*,#527,.F.);
#186=ORIENTED_EDGE('',*,*,#561,.T.);
#187=ORIENTED_EDGE('',*,*,#560,.T.);
#188=ORIENTED_EDGE('',*,*,#562,.T.);
#189=ORIENTED_EDGE('',*,*,#563,.T.);
#190=ORIENTED_EDGE('',*,*,#564,.T.);
#191=ORIENTED_EDGE('',*,*,#565,.F.);
#192=ORIENTED_EDGE('',*,*,#566,.T.);
#193=ORIENTED_EDGE('',*,*,#485,.F.);
#194=ORIENTED_EDGE('',*,*,#567,.T.);
#195=ORIENTED_EDGE('',*,*,#568,.T.);
#196=ORIENTED_EDGE('',*,*,#569,.F.);
#197=ORIENTED_EDGE('',*,*,#570,.F.);
#198=ORIENTED_EDGE('',*,*,#571,.T.);
#199=ORIENTED_EDGE('',*,*,#572,.F.);
#200=ORIENTED_EDGE('',*,*,#573,.F.);
#201=ORIENTED_EDGE('',*,*,#492,.F.);
#202=ORIENTED_EDGE('',*,*,#574,.T.);
#203=ORIENTED_EDGE('',*,*,#575,.F.);
#204=ORIENTED_EDGE('',*,*,#576,.F.);
#205=ORIENTED_EDGE('',*,*,#525,.T.);
#206=ORIENTED_EDGE('',*,*,#577,.T.);
#207=ORIENTED_EDGE('',*,*,#494,.T.);
#208=ORIENTED_EDGE('',*,*,#578,.T.);
#209=ORIENTED_EDGE('',*,*,#579,.T.);
#210=ORIENTED_EDGE('',*,*,#580,.T.);
#211=ORIENTED_EDGE('',*,*,#487,.T.);
#212=ORIENTED_EDGE('',*,*,#581,.T.);
#213=ORIENTED_EDGE('',*,*,#532,.F.);
#214=ORIENTED_EDGE('',*,*,#582,.T.);
#215=ORIENTED_EDGE('',*,*,#480,.F.);
#216=ORIENTED_EDGE('',*,*,#583,.F.);
#217=ORIENTED_EDGE('',*,*,#518,.F.);
#218=ORIENTED_EDGE('',*,*,#584,.T.);
#219=ORIENTED_EDGE('',*,*,#473,.F.);
#220=ORIENTED_EDGE('',*,*,#585,.T.);
#221=ORIENTED_EDGE('',*,*,#563,.F.);
#222=ORIENTED_EDGE('',*,*,#586,.T.);
#223=ORIENTED_EDGE('',*,*,#555,.T.);
#224=ORIENTED_EDGE('',*,*,#587,.T.);
#225=ORIENTED_EDGE('',*,*,#588,.T.);
#226=ORIENTED_EDGE('',*,*,#589,.T.);
#227=ORIENTED_EDGE('',*,*,#590,.T.);
#228=ORIENTED_EDGE('',*,*,#565,.T.);
#229=ORIENTED_EDGE('',*,*,#591,.T.);
#230=ORIENTED_EDGE('',*,*,#592,.T.);
#231=ORIENTED_EDGE('',*,*,#579,.F.);
#232=ORIENTED_EDGE('',*,*,#593,.T.);
#233=ORIENTED_EDGE('',*,*,#570,.T.);
#234=ORIENTED_EDGE('',*,*,#594,.F.);
#235=ORIENTED_EDGE('',*,*,#595,.F.);
#236=ORIENTED_EDGE('',*,*,#596,.T.);
#237=ORIENTED_EDGE('',*,*,#597,.T.);
#238=ORIENTED_EDGE('',*,*,#503,.T.);
#239=ORIENTED_EDGE('',*,*,#598,.T.);
#240=ORIENTED_EDGE('',*,*,#502,.T.);
#241=ORIENTED_EDGE('',*,*,#599,.F.);
#242=ORIENTED_EDGE('',*,*,#600,.F.);
#243=ORIENTED_EDGE('',*,*,#601,.T.);
#244=ORIENTED_EDGE('',*,*,#476,.F.);
#245=ORIENTED_EDGE('',*,*,#602,.T.);
#246=ORIENTED_EDGE('',*,*,#596,.F.);
#247=ORIENTED_EDGE('',*,*,#603,.T.);
#248=ORIENTED_EDGE('',*,*,#536,.F.);
#249=ORIENTED_EDGE('',*,*,#540,.F.);
#250=ORIENTED_EDGE('',*,*,#604,.T.);
#251=ORIENTED_EDGE('',*,*,#506,.T.);
#252=ORIENTED_EDGE('',*,*,#605,.T.);
#253=ORIENTED_EDGE('',*,*,#505,.T.);
#254=ORIENTED_EDGE('',*,*,#606,.T.);
#255=ORIENTED_EDGE('',*,*,#607,.T.);
#256=ORIENTED_EDGE('',*,*,#497,.T.);
#257=ORIENTED_EDGE('',*,*,#608,.T.);
#258=ORIENTED_EDGE('',*,*,#496,.T.);
#259=ORIENTED_EDGE('',*,*,#609,.F.);
#260=ORIENTED_EDGE('',*,*,#610,.F.);
#261=ORIENTED_EDGE('',*,*,#611,.T.);
#262=ORIENTED_EDGE('',*,*,#490,.T.);
#263=ORIENTED_EDGE('',*,*,#612,.T.);
#264=ORIENTED_EDGE('',*,*,#606,.F.);
#265=ORIENTED_EDGE('',*,*,#613,.T.);
#266=ORIENTED_EDGE('',*,*,#529,.T.);
#267=ORIENTED_EDGE('',*,*,#614,.F.);
#268=ORIENTED_EDGE('',*,*,#615,.T.);
#269=ORIENTED_EDGE('',*,*,#500,.T.);
#270=ORIENTED_EDGE('',*,*,#616,.T.);
#271=ORIENTED_EDGE('',*,*,#499,.T.);
#272=ORIENTED_EDGE('',*,*,#617,.F.);
#273=ORIENTED_EDGE('',*,*,#618,.T.);
#274=ORIENTED_EDGE('',*,*,#619,.T.);
#275=ORIENTED_EDGE('',*,*,#483,.T.);
#276=ORIENTED_EDGE('',*,*,#620,.T.);
#277=ORIENTED_EDGE('',*,*,#614,.T.);
#278=ORIENTED_EDGE('',*,*,#621,.T.);
#279=ORIENTED_EDGE('',*,*,#595,.T.);
#280=ORIENTED_EDGE('',*,*,#617,.T.);
#281=ORIENTED_EDGE('',*,*,#594,.T.);
#282=ORIENTED_EDGE('',*,*,#569,.T.);
#283=ORIENTED_EDGE('',*,*,#622,.F.);
#284=ORIENTED_EDGE('',*,*,#623,.T.);
#285=ORIENTED_EDGE('',*,*,#567,.F.);
#286=ORIENTED_EDGE('',*,*,#484,.F.);
#287=ORIENTED_EDGE('',*,*,#619,.F.);
#288=ORIENTED_EDGE('',*,*,#622,.T.);
#289=ORIENTED_EDGE('',*,*,#568,.F.);
#290=ORIENTED_EDGE('',*,*,#623,.F.);
#291=ORIENTED_EDGE('',*,*,#618,.F.);
#292=ORIENTED_EDGE('',*,*,#609,.T.);
#293=ORIENTED_EDGE('',*,*,#528,.T.);
#294=ORIENTED_EDGE('',*,*,#576,.T.);
#295=ORIENTED_EDGE('',*,*,#624,.F.);
#296=ORIENTED_EDGE('',*,*,#625,.T.);
#297=ORIENTED_EDGE('',*,*,#574,.F.);
#298=ORIENTED_EDGE('',*,*,#491,.F.);
#299=ORIENTED_EDGE('',*,*,#611,.F.);
#300=ORIENTED_EDGE('',*,*,#610,.T.);
#301=ORIENTED_EDGE('',*,*,#624,.T.);
#302=ORIENTED_EDGE('',*,*,#575,.T.);
#303=ORIENTED_EDGE('',*,*,#625,.F.);
#304=ORIENTED_EDGE('',*,*,#626,.T.);
#305=ORIENTED_EDGE('',*,*,#544,.F.);
#306=ORIENTED_EDGE('',*,*,#470,.F.);
#307=ORIENTED_EDGE('',*,*,#538,.F.);
#308=ORIENTED_EDGE('',*,*,#627,.T.);
#309=ORIENTED_EDGE('',*,*,#545,.F.);
#310=ORIENTED_EDGE('',*,*,#626,.F.);
#311=ORIENTED_EDGE('',*,*,#537,.F.);
#312=ORIENTED_EDGE('',*,*,#542,.T.);
#313=ORIENTED_EDGE('',*,*,#521,.T.);
#314=ORIENTED_EDGE('',*,*,#546,.T.);
#315=ORIENTED_EDGE('',*,*,#627,.F.);
#316=ORIENTED_EDGE('',*,*,#599,.T.);
#317=ORIENTED_EDGE('',*,*,#535,.T.);
#318=ORIENTED_EDGE('',*,*,#552,.T.);
#319=ORIENTED_EDGE('',*,*,#628,.F.);
#320=ORIENTED_EDGE('',*,*,#629,.T.);
#321=ORIENTED_EDGE('',*,*,#550,.F.);
#322=ORIENTED_EDGE('',*,*,#477,.F.);
#323=ORIENTED_EDGE('',*,*,#601,.F.);
#324=ORIENTED_EDGE('',*,*,#600,.T.);
#325=ORIENTED_EDGE('',*,*,#628,.T.);
#326=ORIENTED_EDGE('',*,*,#551,.T.);
#327=ORIENTED_EDGE('',*,*,#629,.F.);
#328=ORIENTED_EDGE('',*,*,#573,.T.);
#329=ORIENTED_EDGE('',*,*,#630,.F.);
#330=ORIENTED_EDGE('',*,*,#631,.F.);
#331=ORIENTED_EDGE('',*,*,#632,.T.);
#332=ORIENTED_EDGE('',*,*,#493,.T.);
#333=ORIENTED_EDGE('',*,*,#632,.F.);
#334=ORIENTED_EDGE('',*,*,#633,.T.);
#335=ORIENTED_EDGE('',*,*,#634,.T.);
#336=ORIENTED_EDGE('',*,*,#578,.F.);
#337=ORIENTED_EDGE('',*,*,#571,.F.);
#338=ORIENTED_EDGE('',*,*,#593,.F.);
#339=ORIENTED_EDGE('',*,*,#634,.F.);
#340=ORIENTED_EDGE('',*,*,#635,.T.);
#341=ORIENTED_EDGE('',*,*,#636,.T.);
#342=ORIENTED_EDGE('',*,*,#572,.T.);
#343=ORIENTED_EDGE('',*,*,#636,.F.);
#344=ORIENTED_EDGE('',*,*,#637,.F.);
#345=ORIENTED_EDGE('',*,*,#630,.T.);
#346=ORIENTED_EDGE('',*,*,#631,.T.);
#347=ORIENTED_EDGE('',*,*,#637,.T.);
#348=ORIENTED_EDGE('',*,*,#635,.F.);
#349=ORIENTED_EDGE('',*,*,#633,.F.);
#350=ORIENTED_EDGE('',*,*,#583,.T.);
#351=ORIENTED_EDGE('',*,*,#638,.F.);
#352=ORIENTED_EDGE('',*,*,#639,.F.);
#353=ORIENTED_EDGE('',*,*,#640,.T.);
#354=ORIENTED_EDGE('',*,*,#547,.F.);
#355=ORIENTED_EDGE('',*,*,#519,.F.);
#356=ORIENTED_EDGE('',*,*,#640,.F.);
#357=ORIENTED_EDGE('',*,*,#641,.T.);
#358=ORIENTED_EDGE('',*,*,#642,.T.);
#359=ORIENTED_EDGE('',*,*,#548,.F.);
#360=ORIENTED_EDGE('',*,*,#642,.F.);
#361=ORIENTED_EDGE('',*,*,#643,.T.);
#362=ORIENTED_EDGE('',*,*,#644,.T.);
#363=ORIENTED_EDGE('',*,*,#549,.T.);
#364=ORIENTED_EDGE('',*,*,#644,.F.);
#365=ORIENTED_EDGE('',*,*,#645,.F.);
#366=ORIENTED_EDGE('',*,*,#638,.T.);
#367=ORIENTED_EDGE('',*,*,#479,.T.);
#368=ORIENTED_EDGE('',*,*,#639,.T.);
#369=ORIENTED_EDGE('',*,*,#645,.T.);
#370=ORIENTED_EDGE('',*,*,#643,.F.);
#371=ORIENTED_EDGE('',*,*,#641,.F.);
#372=ORIENTED_EDGE('',*,*,#559,.F.);
#373=ORIENTED_EDGE('',*,*,#646,.T.);
#374=ORIENTED_EDGE('',*,*,#515,.F.);
#375=ORIENTED_EDGE('',*,*,#556,.F.);
#376=ORIENTED_EDGE('',*,*,#586,.F.);
#377=ORIENTED_EDGE('',*,*,#562,.F.);
#378=ORIENTED_EDGE('',*,*,#511,.F.);
#379=ORIENTED_EDGE('',*,*,#647,.T.);
#380=ORIENTED_EDGE('',*,*,#588,.F.);
#381=ORIENTED_EDGE('',*,*,#564,.F.);
#382=ORIENTED_EDGE('',*,*,#587,.F.);
#383=ORIENTED_EDGE('',*,*,#554,.F.);
#384=ORIENTED_EDGE('',*,*,#561,.F.);
#385=ORIENTED_EDGE('',*,*,#526,.F.);
#386=ORIENTED_EDGE('',*,*,#648,.F.);
#387=ORIENTED_EDGE('',*,*,#557,.F.);
#388=ORIENTED_EDGE('',*,*,#648,.T.);
#389=ORIENTED_EDGE('',*,*,#585,.F.);
#390=ORIENTED_EDGE('',*,*,#649,.F.);
#391=ORIENTED_EDGE('',*,*,#512,.F.);
#392=ORIENTED_EDGE('',*,*,#646,.F.);
#393=ORIENTED_EDGE('',*,*,#558,.F.);
#394=ORIENTED_EDGE('',*,*,#649,.T.);
#395=ORIENTED_EDGE('',*,*,#472,.F.);
#396=ORIENTED_EDGE('',*,*,#543,.F.);
#397=ORIENTED_EDGE('',*,*,#513,.F.);
#398=ORIENTED_EDGE('',*,*,#566,.F.);
#399=ORIENTED_EDGE('',*,*,#590,.F.);
#400=ORIENTED_EDGE('',*,*,#650,.F.);
#401=ORIENTED_EDGE('',*,*,#486,.F.);
#402=ORIENTED_EDGE('',*,*,#647,.F.);
#403=ORIENTED_EDGE('',*,*,#510,.F.);
#404=ORIENTED_EDGE('',*,*,#651,.F.);
#405=ORIENTED_EDGE('',*,*,#581,.F.);
#406=ORIENTED_EDGE('',*,*,#650,.T.);
#407=ORIENTED_EDGE('',*,*,#589,.F.);
#408=ORIENTED_EDGE('',*,*,#651,.T.);
#409=ORIENTED_EDGE('',*,*,#509,.F.);
#410=ORIENTED_EDGE('',*,*,#553,.F.);
#411=ORIENTED_EDGE('',*,*,#533,.F.);
#412=ORIENTED_EDGE('',*,*,#613,.F.);
#413=ORIENTED_EDGE('',*,*,#608,.F.);
#414=ORIENTED_EDGE('',*,*,#652,.F.);
#415=ORIENTED_EDGE('',*,*,#523,.F.);
#416=ORIENTED_EDGE('',*,*,#652,.T.);
#417=ORIENTED_EDGE('',*,*,#498,.F.);
#418=ORIENTED_EDGE('',*,*,#653,.F.);
#419=ORIENTED_EDGE('',*,*,#495,.F.);
#420=ORIENTED_EDGE('',*,*,#577,.F.);
#421=ORIENTED_EDGE('',*,*,#524,.F.);
#422=ORIENTED_EDGE('',*,*,#653,.T.);
#423=ORIENTED_EDGE('',*,*,#607,.F.);
#424=ORIENTED_EDGE('',*,*,#612,.F.);
#425=ORIENTED_EDGE('',*,*,#489,.F.);
#426=ORIENTED_EDGE('',*,*,#621,.F.);
#427=ORIENTED_EDGE('',*,*,#616,.F.);
#428=ORIENTED_EDGE('',*,*,#654,.F.);
#429=ORIENTED_EDGE('',*,*,#591,.F.);
#430=ORIENTED_EDGE('',*,*,#654,.T.);
#431=ORIENTED_EDGE('',*,*,#501,.F.);
#432=ORIENTED_EDGE('',*,*,#655,.F.);
#433=ORIENTED_EDGE('',*,*,#488,.F.);
#434=ORIENTED_EDGE('',*,*,#580,.F.);
#435=ORIENTED_EDGE('',*,*,#592,.F.);
#436=ORIENTED_EDGE('',*,*,#620,.F.);
#437=ORIENTED_EDGE('',*,*,#482,.F.);
#438=ORIENTED_EDGE('',*,*,#655,.T.);
#439=ORIENTED_EDGE('',*,*,#615,.F.);
#440=ORIENTED_EDGE('',*,*,#603,.F.);
#441=ORIENTED_EDGE('',*,*,#598,.F.);
#442=ORIENTED_EDGE('',*,*,#656,.F.);
#443=ORIENTED_EDGE('',*,*,#530,.F.);
#444=ORIENTED_EDGE('',*,*,#656,.T.);
#445=ORIENTED_EDGE('',*,*,#504,.F.);
#446=ORIENTED_EDGE('',*,*,#657,.F.);
#447=ORIENTED_EDGE('',*,*,#481,.F.);
#448=ORIENTED_EDGE('',*,*,#582,.F.);
#449=ORIENTED_EDGE('',*,*,#531,.F.);
#450=ORIENTED_EDGE('',*,*,#602,.F.);
#451=ORIENTED_EDGE('',*,*,#475,.F.);
#452=ORIENTED_EDGE('',*,*,#657,.T.);
#453=ORIENTED_EDGE('',*,*,#597,.F.);
#454=ORIENTED_EDGE('',*,*,#541,.F.);
#455=ORIENTED_EDGE('',*,*,#605,.F.);
#456=ORIENTED_EDGE('',*,*,#658,.F.);
#457=ORIENTED_EDGE('',*,*,#516,.F.);
#458=ORIENTED_EDGE('',*,*,#658,.T.);
#459=ORIENTED_EDGE('',*,*,#507,.F.);
#460=ORIENTED_EDGE('',*,*,#659,.F.);
#461=ORIENTED_EDGE('',*,*,#474,.F.);
#462=ORIENTED_EDGE('',*,*,#584,.F.);
#463=ORIENTED_EDGE('',*,*,#517,.F.);
#464=ORIENTED_EDGE('',*,*,#659,.T.);
#465=ORIENTED_EDGE('',*,*,#604,.F.);
#466=ORIENTED_EDGE('',*,*,#539,.F.);
#467=ORIENTED_EDGE('',*,*,#468,.F.);
#468=EDGE_CURVE('',#660,#661,#784,.T.);
#469=EDGE_CURVE('',#661,#662,#785,.T.);
#470=EDGE_CURVE('',#662,#663,#786,.T.);
#471=EDGE_CURVE('',#664,#663,#787,.T.);
#472=EDGE_CURVE('',#664,#665,#788,.T.);
#473=EDGE_CURVE('',#665,#666,#789,.T.);
#474=EDGE_CURVE('',#666,#660,#48,.T.);
#475=EDGE_CURVE('',#667,#668,#790,.T.);
#476=EDGE_CURVE('',#668,#669,#791,.T.);
#477=EDGE_CURVE('',#669,#670,#792,.T.);
#478=EDGE_CURVE('',#671,#670,#793,.T.);
#479=EDGE_CURVE('',#672,#671,#794,.T.);
#480=EDGE_CURVE('',#672,#673,#795,.T.);
#481=EDGE_CURVE('',#673,#667,#49,.T.);
#482=EDGE_CURVE('',#674,#675,#796,.T.);
#483=EDGE_CURVE('',#676,#675,#797,.T.);
#484=EDGE_CURVE('',#676,#677,#798,.T.);
#485=EDGE_CURVE('',#677,#678,#799,.T.);
#486=EDGE_CURVE('',#678,#679,#800,.T.);
#487=EDGE_CURVE('',#680,#679,#801,.T.);
#488=EDGE_CURVE('',#680,#674,#50,.T.);
#489=EDGE_CURVE('',#681,#682,#802,.T.);
#490=EDGE_CURVE('',#683,#682,#803,.T.);
#491=EDGE_CURVE('',#683,#684,#804,.T.);
#492=EDGE_CURVE('',#684,#685,#805,.T.);
#493=EDGE_CURVE('',#686,#685,#806,.T.);
#494=EDGE_CURVE('',#687,#686,#807,.T.);
#495=EDGE_CURVE('',#687,#681,#51,.T.);
#496=EDGE_CURVE('',#688,#688,#26,.F.);
#497=EDGE_CURVE('',#689,#690,#27,.T.);
#498=EDGE_CURVE('',#689,#690,#52,.T.);
#499=EDGE_CURVE('',#691,#691,#28,.F.);
#500=EDGE_CURVE('',#692,#693,#29,.T.);
#501=EDGE_CURVE('',#692,#693,#53,.T.);
#502=EDGE_CURVE('',#694,#694,#30,.F.);
#503=EDGE_CURVE('',#695,#696,#31,.T.);
#504=EDGE_CURVE('',#695,#696,#54,.T.);
#505=EDGE_CURVE('',#697,#697,#32,.F.);
#506=EDGE_CURVE('',#698,#699,#33,.T.);
#507=EDGE_CURVE('',#698,#699,#55,.T.);
#508=EDGE_CURVE('',#700,#701,#808,.T.);
#509=EDGE_CURVE('',#701,#702,#809,.T.);
#510=EDGE_CURVE('',#702,#703,#34,.T.);
#511=EDGE_CURVE('',#703,#700,#56,.T.);
#512=EDGE_CURVE('',#704,#705,#35,.F.);
#513=EDGE_CURVE('',#705,#706,#810,.T.);
#514=EDGE_CURVE('',#707,#706,#811,.T.);
#515=EDGE_CURVE('',#707,#704,#57,.T.);
#516=EDGE_CURVE('',#708,#709,#812,.T.);
#517=EDGE_CURVE('',#709,#710,#58,.T.);
#518=EDGE_CURVE('',#710,#711,#813,.T.);
#519=EDGE_CURVE('',#711,#712,#814,.T.);
#520=EDGE_CURVE('',#713,#712,#815,.T.);
#521=EDGE_CURVE('',#714,#713,#816,.T.);
#522=EDGE_CURVE('',#714,#708,#817,.T.);
#523=EDGE_CURVE('',#715,#716,#818,.T.);
#524=EDGE_CURVE('',#716,#717,#59,.T.);
#525=EDGE_CURVE('',#718,#717,#819,.T.);
#526=EDGE_CURVE('',#718,#719,#820,.T.);
#527=EDGE_CURVE('',#719,#720,#821,.T.);
#528=EDGE_CURVE('',#721,#720,#822,.T.);
#529=EDGE_CURVE('',#715,#721,#823,.T.);
#530=EDGE_CURVE('',#722,#723,#824,.T.);
#531=EDGE_CURVE('',#723,#724,#60,.T.);
#532=EDGE_CURVE('',#724,#725,#825,.T.);
#533=EDGE_CURVE('',#725,#726,#826,.T.);
#534=EDGE_CURVE('',#727,#726,#827,.T.);
#535=EDGE_CURVE('',#728,#727,#828,.T.);
#536=EDGE_CURVE('',#728,#722,#829,.T.);
#537=EDGE_CURVE('',#729,#730,#830,.T.);
#538=EDGE_CURVE('',#730,#662,#831,.T.);
#539=EDGE_CURVE('',#661,#731,#832,.F.);
#540=EDGE_CURVE('',#731,#732,#36,.T.);
#541=EDGE_CURVE('',#732,#708,#833,.T.);
#542=EDGE_CURVE('',#729,#714,#834,.T.);
#543=EDGE_CURVE('',#706,#664,#835,.F.);
#544=EDGE_CURVE('',#663,#733,#836,.T.);
#545=EDGE_CURVE('',#733,#734,#837,.T.);
#546=EDGE_CURVE('',#713,#734,#838,.T.);
#547=EDGE_CURVE('',#712,#735,#839,.T.);
#548=EDGE_CURVE('',#735,#736,#840,.T.);
#549=EDGE_CURVE('',#671,#736,#841,.T.);
#550=EDGE_CURVE('',#670,#737,#842,.T.);
#551=EDGE_CURVE('',#738,#737,#843,.T.);
#552=EDGE_CURVE('',#727,#738,#844,.T.);
#553=EDGE_CURVE('',#726,#701,#845,.T.);
#554=EDGE_CURVE('',#700,#739,#61,.T.);
#555=EDGE_CURVE('',#740,#739,#846,.T.);
#556=EDGE_CURVE('',#740,#707,#62,.T.);
#557=EDGE_CURVE('',#741,#742,#847,.T.);
#558=EDGE_CURVE('',#742,#743,#37,.F.);
#559=EDGE_CURVE('',#743,#744,#63,.T.);
#560=EDGE_CURVE('',#741,#744,#848,.T.);
#561=EDGE_CURVE('',#719,#741,#849,.T.);
#562=EDGE_CURVE('',#744,#745,#64,.T.);
#563=EDGE_CURVE('',#745,#746,#850,.T.);
#564=EDGE_CURVE('',#746,#747,#65,.T.);
#565=EDGE_CURVE('',#748,#747,#851,.T.);
#566=EDGE_CURVE('',#748,#678,#852,.F.);
#567=EDGE_CURVE('',#677,#749,#853,.T.);
#568=EDGE_CURVE('',#749,#750,#854,.T.);
#569=EDGE_CURVE('',#751,#750,#855,.T.);
#570=EDGE_CURVE('',#752,#751,#856,.T.);
#571=EDGE_CURVE('',#752,#753,#857,.T.);
#572=EDGE_CURVE('',#754,#753,#858,.T.);
#573=EDGE_CURVE('',#685,#754,#859,.T.);
#574=EDGE_CURVE('',#684,#755,#860,.T.);
#575=EDGE_CURVE('',#756,#755,#861,.T.);
#576=EDGE_CURVE('',#720,#756,#862,.T.);
#577=EDGE_CURVE('',#717,#687,#66,.T.);
#578=EDGE_CURVE('',#686,#757,#863,.T.);
#579=EDGE_CURVE('',#757,#758,#864,.T.);
#580=EDGE_CURVE('',#758,#680,#67,.T.);
#581=EDGE_CURVE('',#679,#725,#38,.F.);
#582=EDGE_CURVE('',#724,#673,#68,.T.);
#583=EDGE_CURVE('',#711,#672,#865,.T.);
#584=EDGE_CURVE('',#710,#666,#69,.T.);
#585=EDGE_CURVE('',#665,#718,#39,.T.);
#586=EDGE_CURVE('',#745,#740,#70,.T.);
#587=EDGE_CURVE('',#739,#746,#71,.T.);
#588=EDGE_CURVE('',#747,#759,#72,.T.);
#589=EDGE_CURVE('',#759,#760,#40,.T.);
#590=EDGE_CURVE('',#760,#748,#866,.T.);
#591=EDGE_CURVE('',#761,#762,#867,.T.);
#592=EDGE_CURVE('',#762,#758,#73,.T.);
#593=EDGE_CURVE('',#757,#752,#868,.T.);
#594=EDGE_CURVE('',#763,#751,#869,.T.);
#595=EDGE_CURVE('',#761,#763,#870,.T.);
#596=EDGE_CURVE('',#764,#765,#41,.T.);
#597=EDGE_CURVE('',#765,#695,#871,.F.);
#598=EDGE_CURVE('',#696,#764,#872,.T.);
#599=EDGE_CURVE('',#766,#728,#873,.T.);
#600=EDGE_CURVE('',#767,#766,#874,.T.);
#601=EDGE_CURVE('',#767,#669,#875,.T.);
#602=EDGE_CURVE('',#668,#765,#876,.T.);
#603=EDGE_CURVE('',#764,#722,#877,.F.);
#604=EDGE_CURVE('',#731,#698,#878,.F.);
#605=EDGE_CURVE('',#699,#732,#879,.T.);
#606=EDGE_CURVE('',#768,#769,#42,.T.);
#607=EDGE_CURVE('',#769,#689,#880,.F.);
#608=EDGE_CURVE('',#690,#768,#881,.T.);
#609=EDGE_CURVE('',#770,#721,#882,.T.);
#610=EDGE_CURVE('',#771,#770,#883,.T.);
#611=EDGE_CURVE('',#771,#683,#884,.T.);
#612=EDGE_CURVE('',#682,#769,#885,.F.);
#613=EDGE_CURVE('',#768,#715,#886,.T.);
#614=EDGE_CURVE('',#772,#773,#43,.T.);
#615=EDGE_CURVE('',#772,#692,#887,.F.);
#616=EDGE_CURVE('',#693,#773,#888,.T.);
#617=EDGE_CURVE('',#774,#763,#889,.T.);
#618=EDGE_CURVE('',#774,#775,#890,.T.);
#619=EDGE_CURVE('',#775,#676,#891,.T.);
#620=EDGE_CURVE('',#675,#772,#892,.T.);
#621=EDGE_CURVE('',#773,#761,#893,.F.);
#622=EDGE_CURVE('',#774,#750,#894,.T.);
#623=EDGE_CURVE('',#775,#749,#895,.T.);
#624=EDGE_CURVE('',#770,#756,#896,.T.);
#625=EDGE_CURVE('',#771,#755,#897,.T.);
#626=EDGE_CURVE('',#730,#733,#898,.T.);
#627=EDGE_CURVE('',#729,#734,#899,.T.);
#628=EDGE_CURVE('',#766,#738,#900,.T.);
#629=EDGE_CURVE('',#767,#737,#901,.T.);
#630=EDGE_CURVE('',#776,#754,#902,.T.);
#631=EDGE_CURVE('',#777,#776,#903,.T.);
#632=EDGE_CURVE('',#777,#686,#904,.T.);
#633=EDGE_CURVE('',#777,#778,#905,.T.);
#634=EDGE_CURVE('',#778,#757,#906,.T.);
#635=EDGE_CURVE('',#778,#779,#907,.T.);
#636=EDGE_CURVE('',#779,#753,#908,.T.);
#637=EDGE_CURVE('',#776,#779,#909,.T.);
#638=EDGE_CURVE('',#780,#672,#910,.T.);
#639=EDGE_CURVE('',#781,#780,#911,.T.);
#640=EDGE_CURVE('',#781,#711,#912,.T.);
#641=EDGE_CURVE('',#781,#782,#913,.T.);
#642=EDGE_CURVE('',#782,#735,#914,.T.);
#643=EDGE_CURVE('',#782,#783,#915,.T.);
#644=EDGE_CURVE('',#783,#736,#916,.T.);
#645=EDGE_CURVE('',#780,#783,#917,.T.);
#646=EDGE_CURVE('',#743,#704,#74,.T.);
#647=EDGE_CURVE('',#703,#759,#75,.T.);
#648=EDGE_CURVE('',#742,#718,#918,.T.);
#649=EDGE_CURVE('',#705,#665,#919,.T.);
#650=EDGE_CURVE('',#679,#760,#920,.T.);
#651=EDGE_CURVE('',#725,#702,#921,.T.);
#652=EDGE_CURVE('',#716,#690,#76,.F.);
#653=EDGE_CURVE('',#681,#689,#77,.T.);
#654=EDGE_CURVE('',#762,#693,#78,.F.);
#655=EDGE_CURVE('',#674,#692,#79,.T.);
#656=EDGE_CURVE('',#723,#696,#80,.F.);
#657=EDGE_CURVE('',#667,#695,#81,.T.);
#658=EDGE_CURVE('',#709,#699,#82,.F.);
#659=EDGE_CURVE('',#660,#698,#83,.T.);
#660=VERTEX_POINT('',#1759);
#661=VERTEX_POINT('',#1760);
#662=VERTEX_POINT('',#1762);
#663=VERTEX_POINT('',#1764);
#664=VERTEX_POINT('',#1766);
#665=VERTEX_POINT('',#1768);
#666=VERTEX_POINT('',#1770);
#667=VERTEX_POINT('',#1780);
#668=VERTEX_POINT('',#1781);
#669=VERTEX_POINT('',#1783);
#670=VERTEX_POINT('',#1785);
#671=VERTEX_POINT('',#1787);
#672=VERTEX_POINT('',#1789);
#673=VERTEX_POINT('',#1791);
#674=VERTEX_POINT('',#1801);
#675=VERTEX_POINT('',#1802);
#676=VERTEX_POINT('',#1804);
#677=VERTEX_POINT('',#1806);
#678=VERTEX_POINT('',#1808);
#679=VERTEX_POINT('',#1810);
#680=VERTEX_POINT('',#1812);
#681=VERTEX_POINT('',#1822);
#682=VERTEX_POINT('',#1823);
#683=VERTEX_POINT('',#1825);
#684=VERTEX_POINT('',#1827);
#685=VERTEX_POINT('',#1829);
#686=VERTEX_POINT('',#1831);
#687=VERTEX_POINT('',#1833);
#688=VERTEX_POINT('',#1843);
#689=VERTEX_POINT('',#1845);
#690=VERTEX_POINT('',#1846);
#691=VERTEX_POINT('',#1862);
#692=VERTEX_POINT('',#1864);
#693=VERTEX_POINT('',#1865);
#694=VERTEX_POINT('',#1881);
#695=VERTEX_POINT('',#1883);
#696=VERTEX_POINT('',#1884);
#697=VERTEX_POINT('',#1900);
#698=VERTEX_POINT('',#1902);
#699=VERTEX_POINT('',#1903);
#700=VERTEX_POINT('',#1919);
#701=VERTEX_POINT('',#1920);
#702=VERTEX_POINT('',#1922);
#703=VERTEX_POINT('',#1924);
#704=VERTEX_POINT('',#1936);
#705=VERTEX_POINT('',#1937);
#706=VERTEX_POINT('',#1939);
#707=VERTEX_POINT('',#1941);
#708=VERTEX_POINT('',#1953);
#709=VERTEX_POINT('',#1954);
#710=VERTEX_POINT('',#1962);
#711=VERTEX_POINT('',#1964);
#712=VERTEX_POINT('',#1966);
#713=VERTEX_POINT('',#1968);
#714=VERTEX_POINT('',#1970);
#715=VERTEX_POINT('',#1974);
#716=VERTEX_POINT('',#1975);
#717=VERTEX_POINT('',#1983);
#718=VERTEX_POINT('',#1985);
#719=VERTEX_POINT('',#1987);
#720=VERTEX_POINT('',#1989);
#721=VERTEX_POINT('',#1991);
#722=VERTEX_POINT('',#1995);
#723=VERTEX_POINT('',#1996);
#724=VERTEX_POINT('',#2004);
#725=VERTEX_POINT('',#2006);
#726=VERTEX_POINT('',#2008);
#727=VERTEX_POINT('',#2010);
#728=VERTEX_POINT('',#2012);
#729=VERTEX_POINT('',#2016);
#730=VERTEX_POINT('',#2017);
#731=VERTEX_POINT('',#2020);
#732=VERTEX_POINT('',#2022);
#733=VERTEX_POINT('',#2028);
#734=VERTEX_POINT('',#2030);
#735=VERTEX_POINT('',#2033);
#736=VERTEX_POINT('',#2035);
#737=VERTEX_POINT('',#2038);
#738=VERTEX_POINT('',#2040);
#739=VERTEX_POINT('',#2047);
#740=VERTEX_POINT('',#2049);
#741=VERTEX_POINT('',#2056);
#742=VERTEX_POINT('',#2057);
#743=VERTEX_POINT('',#2059);
#744=VERTEX_POINT('',#2069);
#745=VERTEX_POINT('',#2077);
#746=VERTEX_POINT('',#2079);
#747=VERTEX_POINT('',#2084);
#748=VERTEX_POINT('',#2086);
#749=VERTEX_POINT('',#2089);
#750=VERTEX_POINT('',#2091);
#751=VERTEX_POINT('',#2093);
#752=VERTEX_POINT('',#2095);
#753=VERTEX_POINT('',#2097);
#754=VERTEX_POINT('',#2099);
#755=VERTEX_POINT('',#2102);
#756=VERTEX_POINT('',#2104);
#757=VERTEX_POINT('',#2112);
#758=VERTEX_POINT('',#2114);
#759=VERTEX_POINT('',#2184);
#760=VERTEX_POINT('',#2186);
#761=VERTEX_POINT('',#2190);
#762=VERTEX_POINT('',#2191);
#763=VERTEX_POINT('',#2201);
#764=VERTEX_POINT('',#2205);
#765=VERTEX_POINT('',#2206);
#766=VERTEX_POINT('',#2212);
#767=VERTEX_POINT('',#2214);
#768=VERTEX_POINT('',#2224);
#769=VERTEX_POINT('',#2225);
#770=VERTEX_POINT('',#2231);
#771=VERTEX_POINT('',#2233);
#772=VERTEX_POINT('',#2239);
#773=VERTEX_POINT('',#2240);
#774=VERTEX_POINT('',#2246);
#775=VERTEX_POINT('',#2248);
#776=VERTEX_POINT('',#2274);
#777=VERTEX_POINT('',#2276);
#778=VERTEX_POINT('',#2280);
#779=VERTEX_POINT('',#2284);
#780=VERTEX_POINT('',#2291);
#781=VERTEX_POINT('',#2293);
#782=VERTEX_POINT('',#2297);
#783=VERTEX_POINT('',#2301);
#784=LINE('',#1758,#922);
#785=LINE('',#1761,#923);
#786=LINE('',#1763,#924);
#787=LINE('',#1765,#925);
#788=LINE('',#1767,#926);
#789=LINE('',#1769,#927);
#790=LINE('',#1779,#928);
#791=LINE('',#1782,#929);
#792=LINE('',#1784,#930);
#793=LINE('',#1786,#931);
#794=LINE('',#1788,#932);
#795=LINE('',#1790,#933);
#796=LINE('',#1800,#934);
#797=LINE('',#1803,#935);
#798=LINE('',#1805,#936);
#799=LINE('',#1807,#937);
#800=LINE('',#1809,#938);
#801=LINE('',#1811,#939);
#802=LINE('',#1821,#940);
#803=LINE('',#1824,#941);
#804=LINE('',#1826,#942);
#805=LINE('',#1828,#943);
#806=LINE('',#1830,#944);
#807=LINE('',#1832,#945);
#808=LINE('',#1918,#946);
#809=LINE('',#1921,#947);
#810=LINE('',#1938,#948);
#811=LINE('',#1940,#949);
#812=LINE('',#1952,#950);
#813=LINE('',#1963,#951);
#814=LINE('',#1965,#952);
#815=LINE('',#1967,#953);
#816=LINE('',#1969,#954);
#817=LINE('',#1971,#955);
#818=LINE('',#1973,#956);
#819=LINE('',#1984,#957);
#820=LINE('',#1986,#958);
#821=LINE('',#1988,#959);
#822=LINE('',#1990,#960);
#823=LINE('',#1992,#961);
#824=LINE('',#1994,#962);
#825=LINE('',#2005,#963);
#826=LINE('',#2007,#964);
#827=LINE('',#2009,#965);
#828=LINE('',#2011,#966);
#829=LINE('',#2013,#967);
#830=LINE('',#2015,#968);
#831=LINE('',#2018,#969);
#832=LINE('',#2019,#970);
#833=LINE('',#2023,#971);
#834=LINE('',#2024,#972);
#835=LINE('',#2026,#973);
#836=LINE('',#2027,#974);
#837=LINE('',#2029,#975);
#838=LINE('',#2031,#976);
#839=LINE('',#2032,#977);
#840=LINE('',#2034,#978);
#841=LINE('',#2036,#979);
#842=LINE('',#2037,#980);
#843=LINE('',#2039,#981);
#844=LINE('',#2041,#982);
#845=LINE('',#2042,#983);
#846=LINE('',#2048,#984);
#847=LINE('',#2055,#985);
#848=LINE('',#2070,#986);
#849=LINE('',#2072,#987);
#850=LINE('',#2078,#988);
#851=LINE('',#2085,#989);
#852=LINE('',#2087,#990);
#853=LINE('',#2088,#991);
#854=LINE('',#2090,#992);
#855=LINE('',#2092,#993);
#856=LINE('',#2094,#994);
#857=LINE('',#2096,#995);
#858=LINE('',#2098,#996);
#859=LINE('',#2100,#997);
#860=LINE('',#2101,#998);
#861=LINE('',#2103,#999);
#862=LINE('',#2105,#1000);
#863=LINE('',#2111,#1001);
#864=LINE('',#2113,#1002);
#865=LINE('',#2124,#1003);
#866=LINE('',#2187,#1004);
#867=LINE('',#2189,#1005);
#868=LINE('',#2199,#1006);
#869=LINE('',#2200,#1007);
#870=LINE('',#2202,#1008);
#871=LINE('',#2207,#1009);
#872=LINE('',#2208,#1010);
#873=LINE('',#2211,#1011);
#874=LINE('',#2213,#1012);
#875=LINE('',#2215,#1013);
#876=LINE('',#2216,#1014);
#877=LINE('',#2217,#1015);
#878=LINE('',#2219,#1016);
#879=LINE('',#2220,#1017);
#880=LINE('',#2226,#1018);
#881=LINE('',#2227,#1019);
#882=LINE('',#2230,#1020);
#883=LINE('',#2232,#1021);
#884=LINE('',#2234,#1022);
#885=LINE('',#2235,#1023);
#886=LINE('',#2236,#1024);
#887=LINE('',#2241,#1025);
#888=LINE('',#2242,#1026);
#889=LINE('',#2245,#1027);
#890=LINE('',#2247,#1028);
#891=LINE('',#2249,#1029);
#892=LINE('',#2250,#1030);
#893=LINE('',#2251,#1031);
#894=LINE('',#2253,#1032);
#895=LINE('',#2255,#1033);
#896=LINE('',#2258,#1034);
#897=LINE('',#2260,#1035);
#898=LINE('',#2263,#1036);
#899=LINE('',#2265,#1037);
#900=LINE('',#2268,#1038);
#901=LINE('',#2270,#1039);
#902=LINE('',#2273,#1040);
#903=LINE('',#2275,#1041);
#904=LINE('',#2277,#1042);
#905=LINE('',#2279,#1043);
#906=LINE('',#2281,#1044);
#907=LINE('',#2283,#1045);
#908=LINE('',#2285,#1046);
#909=LINE('',#2287,#1047);
#910=LINE('',#2290,#1048);
#911=LINE('',#2292,#1049);
#912=LINE('',#2294,#1050);
#913=LINE('',#2296,#1051);
#914=LINE('',#2298,#1052);
#915=LINE('',#2300,#1053);
#916=LINE('',#2302,#1054);
#917=LINE('',#2304,#1055);
#918=LINE('',#2405,#1056);
#919=LINE('',#2407,#1057);
#920=LINE('',#2410,#1058);
#921=LINE('',#2412,#1059);
#922=VECTOR('',#1450,1.);
#923=VECTOR('',#1451,1.);
#924=VECTOR('',#1452,1.);
#925=VECTOR('',#1453,1.);
#926=VECTOR('',#1454,1.);
#927=VECTOR('',#1455,1.);
#928=VECTOR('',#1458,1.);
#929=VECTOR('',#1459,1.);
#930=VECTOR('',#1460,1.);
#931=VECTOR('',#1461,1.);
#932=VECTOR('',#1462,1.);
#933=VECTOR('',#1463,1.);
#934=VECTOR('',#1466,1.);
#935=VECTOR('',#1467,1.);
#936=VECTOR('',#1468,1.);
#937=VECTOR('',#1469,1.);
#938=VECTOR('',#1470,1.);
#939=VECTOR('',#1471,1.);
#940=VECTOR('',#1474,1.);
#941=VECTOR('',#1475,1.);
#942=VECTOR('',#1476,1.);
#943=VECTOR('',#1477,1.);
#944=VECTOR('',#1478,1.);
#945=VECTOR('',#1479,1.);
#946=VECTOR('',#1506,1.);
#947=VECTOR('',#1507,1.);
#948=VECTOR('',#1514,1.);
#949=VECTOR('',#1515,1.);
#950=VECTOR('',#1518,1.);
#951=VECTOR('',#1519,1.);
#952=VECTOR('',#1520,1.);
#953=VECTOR('',#1521,1.);
#954=VECTOR('',#1522,1.);
#955=VECTOR('',#1523,1.);
#956=VECTOR('',#1526,1.);
#957=VECTOR('',#1527,1.);
#958=VECTOR('',#1528,1.);
#959=VECTOR('',#1529,1.);
#960=VECTOR('',#1530,1.);
#961=VECTOR('',#1531,1.);
#962=VECTOR('',#1534,1.);
#963=VECTOR('',#1535,1.);
#964=VECTOR('',#1536,1.);
#965=VECTOR('',#1537,1.);
#966=VECTOR('',#1538,1.);
#967=VECTOR('',#1539,1.);
#968=VECTOR('',#1542,1.);
#969=VECTOR('',#1543,1.);
#970=VECTOR('',#1544,1.);
#971=VECTOR('',#1547,1.);
#972=VECTOR('',#1548,1.);
#973=VECTOR('',#1551,1.);
#974=VECTOR('',#1552,1.);
#975=VECTOR('',#1553,1.);
#976=VECTOR('',#1554,1.);
#977=VECTOR('',#1555,1.);
#978=VECTOR('',#1556,1.);
#979=VECTOR('',#1557,1.);
#980=VECTOR('',#1558,1.);
#981=VECTOR('',#1559,1.);
#982=VECTOR('',#1560,1.);
#983=VECTOR('',#1561,1.);
#984=VECTOR('',#1562,1.);
#985=VECTOR('',#1565,1.);
#986=VECTOR('',#1568,1.);
#987=VECTOR('',#1571,1.);
#988=VECTOR('',#1572,1.);
#989=VECTOR('',#1573,1.);
#990=VECTOR('',#1574,1.);
#991=VECTOR('',#1575,1.);
#992=VECTOR('',#1576,1.);
#993=VECTOR('',#1577,1.);
#994=VECTOR('',#1578,1.);
#995=VECTOR('',#1579,1.);
#996=VECTOR('',#1580,1.);
#997=VECTOR('',#1581,1.);
#998=VECTOR('',#1582,1.);
#999=VECTOR('',#1583,1.);
#1000=VECTOR('',#1584,1.);
#1001=VECTOR('',#1587,1.);
#1002=VECTOR('',#1588,1.);
#1003=VECTOR('',#1591,1.);
#1004=VECTOR('',#1598,1.);
#1005=VECTOR('',#1601,1.);
#1006=VECTOR('',#1602,1.);
#1007=VECTOR('',#1603,1.);
#1008=VECTOR('',#1604,1.);
#1009=VECTOR('',#1609,1.);
#1010=VECTOR('',#1610,1.);
#1011=VECTOR('',#1615,1.);
#1012=VECTOR('',#1616,1.);
#1013=VECTOR('',#1617,1.);
#1014=VECTOR('',#1618,1.);
#1015=VECTOR('',#1619,1.);
#1016=VECTOR('',#1622,1.);
#1017=VECTOR('',#1623,1.);
#1018=VECTOR('',#1630,1.);
#1019=VECTOR('',#1631,1.);
#1020=VECTOR('',#1636,1.);
#1021=VECTOR('',#1637,1.);
#1022=VECTOR('',#1638,1.);
#1023=VECTOR('',#1639,1.);
#1024=VECTOR('',#1640,1.);
#1025=VECTOR('',#1645,1.);
#1026=VECTOR('',#1646,1.);
#1027=VECTOR('',#1651,1.);
#1028=VECTOR('',#1652,1.);
#1029=VECTOR('',#1653,1.);
#1030=VECTOR('',#1654,1.);
#1031=VECTOR('',#1655,1.);
#1032=VECTOR('',#1658,1.);
#1033=VECTOR('',#1661,1.);
#1034=VECTOR('',#1666,1.);
#1035=VECTOR('',#1669,1.);
#1036=VECTOR('',#1674,1.);
#1037=VECTOR('',#1677,1.);
#1038=VECTOR('',#1682,1.);
#1039=VECTOR('',#1685,1.);
#1040=VECTOR('',#1690,1.);
#1041=VECTOR('',#1691,1.);
#1042=VECTOR('',#1692,1.);
#1043=VECTOR('',#1695,1.);
#1044=VECTOR('',#1696,1.);
#1045=VECTOR('',#1699,1.);
#1046=VECTOR('',#1700,1.);
#1047=VECTOR('',#1703,1.);
#1048=VECTOR('',#1708,1.);
#1049=VECTOR('',#1709,1.);
#1050=VECTOR('',#1710,1.);
#1051=VECTOR('',#1713,1.);
#1052=VECTOR('',#1714,1.);
#1053=VECTOR('',#1717,1.);
#1054=VECTOR('',#1718,1.);
#1055=VECTOR('',#1721,1.);
#1056=VECTOR('',#1726,1.);
#1057=VECTOR('',#1729,1.);
#1058=VECTOR('',#1734,1.);
#1059=VECTOR('',#1737,1.);
#1060=EDGE_LOOP('',(#84,#85,#86,#87,#88,#89,#90));
#1061=EDGE_LOOP('',(#91,#92,#93,#94,#95,#96,#97));
#1062=EDGE_LOOP('',(#98,#99,#100,#101,#102,#103,#104));
#1063=EDGE_LOOP('',(#105,#106,#107,#108,#109,#110,#111));
#1064=EDGE_LOOP('',(#112));
#1065=EDGE_LOOP('',(#113,#114));
#1066=EDGE_LOOP('',(#115));
#1067=EDGE_LOOP('',(#116,#117));
#1068=EDGE_LOOP('',(#118));
#1069=EDGE_LOOP('',(#119,#120));
#1070=EDGE_LOOP('',(#121));
#1071=EDGE_LOOP('',(#122,#123));
#1072=EDGE_LOOP('',(#124,#125,#126,#127));
#1073=EDGE_LOOP('',(#128,#129,#130,#131));
#1074=EDGE_LOOP('',(#132,#133,#134,#135,#136,#137,#138));
#1075=EDGE_LOOP('',(#139,#140,#141,#142,#143,#144,#145));
#1076=EDGE_LOOP('',(#146,#147,#148,#149,#150,#151,#152));
#1077=EDGE_LOOP('',(#153,#154,#155,#156,#157,#158,#159,#160));
#1078=EDGE_LOOP('',(#161,#162,#163,#164,#165,#166,#167,#168,#169,#170,#171,#172,#173,#174,#175,#176,#177,#178,#179,#180));
#1079=EDGE_LOOP('',(#181,#182,#183,#184));
#1080=EDGE_LOOP('',(#185,#186,#187,#188,#189,#190,#191,#192,#193,#194,#195,#196,#197,#198,#199,#200,#201,#202,#203,#204));
#1081=EDGE_LOOP('',(#205,#206,#207,#208,#209,#210,#211,#212,#213,#214,#215,#216,#217,#218,#219,#220));
#1082=EDGE_LOOP('',(#221,#222,#223,#224));
#1083=EDGE_LOOP('',(#225,#226,#227,#228));
#1084=EDGE_LOOP('',(#229,#230,#231,#232,#233,#234,#235));
#1085=EDGE_LOOP('',(#236,#237,#238,#239));
#1086=EDGE_LOOP('',(#240));
#1087=EDGE_LOOP('',(#241,#242,#243,#244,#245,#246,#247,#248));
#1088=EDGE_LOOP('',(#249,#250,#251,#252));
#1089=EDGE_LOOP('',(#253));
#1090=EDGE_LOOP('',(#254,#255,#256,#257));
#1091=EDGE_LOOP('',(#258));
#1092=EDGE_LOOP('',(#259,#260,#261,#262,#263,#264,#265,#266));
#1093=EDGE_LOOP('',(#267,#268,#269,#270));
#1094=EDGE_LOOP('',(#271));
#1095=EDGE_LOOP('',(#272,#273,#274,#275,#276,#277,#278,#279));
#1096=EDGE_LOOP('',(#280,#281,#282,#283));
#1097=EDGE_LOOP('',(#284,#285,#286,#287));
#1098=EDGE_LOOP('',(#288,#289,#290,#291));
#1099=EDGE_LOOP('',(#292,#293,#294,#295));
#1100=EDGE_LOOP('',(#296,#297,#298,#299));
#1101=EDGE_LOOP('',(#300,#301,#302,#303));
#1102=EDGE_LOOP('',(#304,#305,#306,#307));
#1103=EDGE_LOOP('',(#308,#309,#310,#311));
#1104=EDGE_LOOP('',(#312,#313,#314,#315));
#1105=EDGE_LOOP('',(#316,#317,#318,#319));
#1106=EDGE_LOOP('',(#320,#321,#322,#323));
#1107=EDGE_LOOP('',(#324,#325,#326,#327));
#1108=EDGE_LOOP('',(#328,#329,#330,#331,#332));
#1109=EDGE_LOOP('',(#333,#334,#335,#336));
#1110=EDGE_LOOP('',(#337,#338,#339,#340,#341));
#1111=EDGE_LOOP('',(#342,#343,#344,#345));
#1112=EDGE_LOOP('',(#346,#347,#348,#349));
#1113=EDGE_LOOP('',(#350,#351,#352,#353));
#1114=EDGE_LOOP('',(#354,#355,#356,#357,#358));
#1115=EDGE_LOOP('',(#359,#360,#361,#362));
#1116=EDGE_LOOP('',(#363,#364,#365,#366,#367));
#1117=EDGE_LOOP('',(#368,#369,#370,#371));
#1118=EDGE_LOOP('',(#372,#373,#374,#375,#376,#377));
#1119=EDGE_LOOP('',(#378,#379,#380,#381,#382,#383));
#1120=EDGE_LOOP('',(#384,#385,#386,#387));
#1121=EDGE_LOOP('',(#388,#389,#390,#391,#392,#393));
#1122=EDGE_LOOP('',(#394,#395,#396,#397));
#1123=EDGE_LOOP('',(#398,#399,#400,#401));
#1124=EDGE_LOOP('',(#402,#403,#404,#405,#406,#407));
#1125=EDGE_LOOP('',(#408,#409,#410,#411));
#1126=EDGE_LOOP('',(#412,#413,#414,#415));
#1127=EDGE_LOOP('',(#416,#417,#418,#419,#420,#421));
#1128=EDGE_LOOP('',(#422,#423,#424,#425));
#1129=EDGE_LOOP('',(#426,#427,#428,#429));
#1130=EDGE_LOOP('',(#430,#431,#432,#433,#434,#435));
#1131=EDGE_LOOP('',(#436,#437,#438,#439));
#1132=EDGE_LOOP('',(#440,#441,#442,#443));
#1133=EDGE_LOOP('',(#444,#445,#446,#447,#448,#449));
#1134=EDGE_LOOP('',(#450,#451,#452,#453));
#1135=EDGE_LOOP('',(#454,#455,#456,#457));
#1136=EDGE_LOOP('',(#458,#459,#460,#461,#462,#463));
#1137=EDGE_LOOP('',(#464,#465,#466,#467));
#1138=FACE_BOUND('',#1060,.T.);
#1139=FACE_BOUND('',#1061,.T.);
#1140=FACE_BOUND('',#1062,.T.);
#1141=FACE_BOUND('',#1063,.T.);
#1142=FACE_BOUND('',#1064,.T.);
#1143=FACE_BOUND('',#1065,.T.);
#1144=FACE_BOUND('',#1066,.T.);
#1145=FACE_BOUND('',#1067,.T.);
#1146=FACE_BOUND('',#1068,.T.);
#1147=FACE_BOUND('',#1069,.T.);
#1148=FACE_BOUND('',#1070,.T.);
#1149=FACE_BOUND('',#1071,.T.);
#1150=FACE_BOUND('',#1072,.T.);
#1151=FACE_BOUND('',#1073,.T.);
#1152=FACE_BOUND('',#1074,.T.);
#1153=FACE_BOUND('',#1075,.T.);
#1154=FACE_BOUND('',#1076,.T.);
#1155=FACE_BOUND('',#1077,.T.);
#1156=FACE_BOUND('',#1078,.T.);
#1157=FACE_BOUND('',#1079,.T.);
#1158=FACE_BOUND('',#1080,.T.);
#1159=FACE_BOUND('',#1081,.T.);
#1160=FACE_BOUND('',#1082,.T.);
#1161=FACE_BOUND('',#1083,.T.);
#1162=FACE_BOUND('',#1084,.T.);
#1163=FACE_BOUND('',#1085,.T.);
#1164=FACE_BOUND('',#1086,.T.);
#1165=FACE_BOUND('',#1087,.T.);
#1166=FACE_BOUND('',#1088,.T.);
#1167=FACE_BOUND('',#1089,.T.);
#1168=FACE_BOUND('',#1090,.T.);
#1169=FACE_BOUND('',#1091,.T.);
#1170=FACE_BOUND('',#1092,.T.);
#1171=FACE_BOUND('',#1093,.T.);
#1172=FACE_BOUND('',#1094,.T.);
#1173=FACE_BOUND('',#1095,.T.);
#1174=FACE_BOUND('',#1096,.T.);
#1175=FACE_BOUND('',#1097,.T.);
#1176=FACE_BOUND('',#1098,.T.);
#1177=FACE_BOUND('',#1099,.T.);
#1178=FACE_BOUND('',#1100,.T.);
#1179=FACE_BOUND('',#1101,.T.);
#1180=FACE_BOUND('',#1102,.T.);
#1181=FACE_BOUND('',#1103,.T.);
#1182=FACE_BOUND('',#1104,.T.);
#1183=FACE_BOUND('',#1105,.T.);
#1184=FACE_BOUND('',#1106,.T.);
#1185=FACE_BOUND('',#1107,.T.);
#1186=FACE_BOUND('',#1108,.T.);
#1187=FACE_BOUND('',#1109,.T.);
#1188=FACE_BOUND('',#1110,.T.);
#1189=FACE_BOUND('',#1111,.T.);
#1190=FACE_BOUND('',#1112,.T.);
#1191=FACE_BOUND('',#1113,.T.);
#1192=FACE_BOUND('',#1114,.T.);
#1193=FACE_BOUND('',#1115,.T.);
#1194=FACE_BOUND('',#1116,.T.);
#1195=FACE_BOUND('',#1117,.T.);
#1196=FACE_BOUND('',#1118,.T.);
#1197=FACE_BOUND('',#1119,.T.);
#1198=FACE_BOUND('',#1120,.T.);
#1199=FACE_BOUND('',#1121,.T.);
#1200=FACE_BOUND('',#1122,.T.);
#1201=FACE_BOUND('',#1123,.T.);
#1202=FACE_BOUND('',#1124,.T.);
#1203=FACE_BOUND('',#1125,.T.);
#1204=FACE_BOUND('',#1126,.T.);
#1205=FACE_BOUND('',#1127,.T.);
#1206=FACE_BOUND('',#1128,.T.);
#1207=FACE_BOUND('',#1129,.T.);
#1208=FACE_BOUND('',#1130,.T.);
#1209=FACE_BOUND('',#1131,.T.);
#1210=FACE_BOUND('',#1132,.T.);
#1211=FACE_BOUND('',#1133,.T.);
#1212=FACE_BOUND('',#1134,.T.);
#1213=FACE_BOUND('',#1135,.T.);
#1214=FACE_BOUND('',#1136,.T.);
#1215=FACE_BOUND('',#1137,.T.);
#1216=PLANE('',#1361);
#1217=PLANE('',#1362);
#1218=PLANE('',#1363);
#1219=PLANE('',#1364);
#1220=PLANE('',#1377);
#1221=PLANE('',#1379);
#1222=PLANE('',#1381);
#1223=PLANE('',#1382);
#1224=PLANE('',#1383);
#1225=PLANE('',#1384);
#1226=PLANE('',#1386);
#1227=PLANE('',#1387);
#1228=PLANE('',#1389);
#1229=PLANE('',#1393);
#1230=PLANE('',#1395);
#1231=PLANE('',#1398);
#1232=PLANE('',#1399);
#1233=PLANE('',#1401);
#1234=PLANE('',#1404);
#1235=PLANE('',#1405);
#1236=PLANE('',#1408);
#1237=PLANE('',#1409);
#1238=PLANE('',#1410);
#1239=PLANE('',#1411);
#1240=PLANE('',#1412);
#1241=PLANE('',#1413);
#1242=PLANE('',#1414);
#1243=PLANE('',#1415);
#1244=PLANE('',#1416);
#1245=PLANE('',#1417);
#1246=PLANE('',#1418);
#1247=PLANE('',#1419);
#1248=PLANE('',#1420);
#1249=PLANE('',#1421);
#1250=PLANE('',#1422);
#1251=PLANE('',#1423);
#1252=PLANE('',#1424);
#1253=PLANE('',#1425);
#1254=PLANE('',#1426);
#1255=PLANE('',#1427);
#1256=PLANE('',#1428);
#1257=PLANE('',#1429);
#1258=PLANE('',#1430);
#1259=PLANE('',#1431);
#1260=PLANE('',#1432);
#1261=PLANE('',#1434);
#1262=PLANE('',#1435);
#1263=PLANE('',#1437);
#1264=PLANE('',#1438);
#1265=PLANE('',#1439);
#1266=PLANE('',#1440);
#1267=PLANE('',#1441);
#1268=PLANE('',#1442);
#1269=PLANE('',#1443);
#1270=PLANE('',#1444);
#1271=PLANE('',#1445);
#1272=ADVANCED_FACE('',(#1138),#1216,.T.);
#1273=ADVANCED_FACE('',(#1139),#1217,.T.);
#1274=ADVANCED_FACE('',(#1140),#1218,.F.);
#1275=ADVANCED_FACE('',(#1141),#1219,.F.);
#1276=ADVANCED_FACE('',(#1142,#1143),#44,.F.);
#1277=ADVANCED_FACE('',(#1144,#1145),#45,.F.);
#1278=ADVANCED_FACE('',(#1146,#1147),#46,.F.);
#1279=ADVANCED_FACE('',(#1148,#1149),#47,.F.);
#1280=ADVANCED_FACE('',(#1150),#1220,.F.);
#1281=ADVANCED_FACE('',(#1151),#1221,.T.);
#1282=ADVANCED_FACE('',(#1152),#1222,.T.);
#1283=ADVANCED_FACE('',(#1153),#1223,.F.);
#1284=ADVANCED_FACE('',(#1154),#1224,.T.);
#1285=ADVANCED_FACE('',(#1155),#1225,.T.);
#1286=ADVANCED_FACE('',(#1156),#1226,.T.);
#1287=ADVANCED_FACE('',(#1157),#1227,.T.);
#1288=ADVANCED_FACE('',(#1158),#1228,.T.);
#1289=ADVANCED_FACE('',(#1159),#21,.F.);
#1290=ADVANCED_FACE('',(#1160),#14,.F.);
#1291=ADVANCED_FACE('',(#1161),#1229,.F.);
#1292=ADVANCED_FACE('',(#1162),#1230,.F.);
#1293=ADVANCED_FACE('',(#1163),#22,.F.);
#1294=ADVANCED_FACE('',(#1164),#1231,.F.);
#1295=ADVANCED_FACE('',(#1165),#1232,.T.);
#1296=ADVANCED_FACE('',(#1166),#23,.F.);
#1297=ADVANCED_FACE('',(#1167),#1233,.F.);
#1298=ADVANCED_FACE('',(#1168),#24,.F.);
#1299=ADVANCED_FACE('',(#1169),#1234,.F.);
#1300=ADVANCED_FACE('',(#1170),#1235,.T.);
#1301=ADVANCED_FACE('',(#1171),#25,.F.);
#1302=ADVANCED_FACE('',(#1172),#1236,.F.);
#1303=ADVANCED_FACE('',(#1173),#1237,.T.);
#1304=ADVANCED_FACE('',(#1174),#1238,.F.);
#1305=ADVANCED_FACE('',(#1175),#1239,.T.);
#1306=ADVANCED_FACE('',(#1176),#1240,.T.);
#1307=ADVANCED_FACE('',(#1177),#1241,.F.);
#1308=ADVANCED_FACE('',(#1178),#1242,.T.);
#1309=ADVANCED_FACE('',(#1179),#1243,.F.);
#1310=ADVANCED_FACE('',(#1180),#1244,.T.);
#1311=ADVANCED_FACE('',(#1181),#1245,.T.);
#1312=ADVANCED_FACE('',(#1182),#1246,.F.);
#1313=ADVANCED_FACE('',(#1183),#1247,.F.);
#1314=ADVANCED_FACE('',(#1184),#1248,.T.);
#1315=ADVANCED_FACE('',(#1185),#1249,.F.);
#1316=ADVANCED_FACE('',(#1186),#1250,.F.);
#1317=ADVANCED_FACE('',(#1187),#1251,.T.);
#1318=ADVANCED_FACE('',(#1188),#1252,.T.);
#1319=ADVANCED_FACE('',(#1189),#1253,.F.);
#1320=ADVANCED_FACE('',(#1190),#1254,.F.);
#1321=ADVANCED_FACE('',(#1191),#1255,.F.);
#1322=ADVANCED_FACE('',(#1192),#1256,.T.);
#1323=ADVANCED_FACE('',(#1193),#1257,.T.);
#1324=ADVANCED_FACE('',(#1194),#1258,.F.);
#1325=ADVANCED_FACE('',(#1195),#1259,.F.);
#1326=ADVANCED_FACE('',(#1196),#15,.T.);
#1327=ADVANCED_FACE('',(#1197),#16,.T.);
#1328=ADVANCED_FACE('',(#1198),#1260,.T.);
#1329=ADVANCED_FACE('',(#1199),#12,.F.);
#1330=ADVANCED_FACE('',(#1200),#1261,.F.);
#1331=ADVANCED_FACE('',(#1201),#1262,.F.);
#1332=ADVANCED_FACE('',(#1202),#13,.F.);
#1333=ADVANCED_FACE('',(#1203),#1263,.T.);
#1334=ADVANCED_FACE('',(#1204),#1264,.T.);
#1335=ADVANCED_FACE('',(#1205),#17,.T.);
#1336=ADVANCED_FACE('',(#1206),#1265,.F.);
#1337=ADVANCED_FACE('',(#1207),#1266,.F.);
#1338=ADVANCED_FACE('',(#1208),#18,.T.);
#1339=ADVANCED_FACE('',(#1209),#1267,.T.);
#1340=ADVANCED_FACE('',(#1210),#1268,.F.);
#1341=ADVANCED_FACE('',(#1211),#19,.T.);
#1342=ADVANCED_FACE('',(#1212),#1269,.T.);
#1343=ADVANCED_FACE('',(#1213),#1270,.T.);
#1344=ADVANCED_FACE('',(#1214),#20,.T.);
#1345=ADVANCED_FACE('',(#1215),#1271,.F.);
#1346=CLOSED_SHELL('',(#1272,#1273,#1274,#1275,#1276,#1277,#1278,#1279,#1280,#1281,#1282,#1283,#1284,#1285,#1286,#1287,#1288,#1289,#1290,#1291,#1292,#1293,#1294,#1295,#1296,#1297,#1298,#1299,#1300,#1301,#1302,#1303,#1304,#1305,#1306,#1307,#1308,#1309,#1310,#1311,#1312,#1313,#1314,#1315,#1316,#1317,#1318,#1319,#1320,#1321,#1322,#1323,#1324,#1325,#1326,#1327,#1328,#1329,#1330,#1331,#1332,#1333,#1334,#1335,#1336,#1337,#1338,#1339,#1340,#1341,#1342,#1343,#1344,#1345));
#1347=STYLED_ITEM('',(#1348),#1357);
#1348=PRESENTATION_STYLE_ASSIGNMENT((#1349));
#1349=SURFACE_STYLE_USAGE(.BOTH.,#1350);
#1350=SURFACE_SIDE_STYLE('',(#1353,#1351));
#1351=SURFACE_STYLE_RENDERING_WITH_PROPERTIES(.CONSTANT_SHADING.,#1356,(#1352));
#1352=SURFACE_STYLE_TRANSPARENT(0.392156862745098);
#1353=SURFACE_STYLE_FILL_AREA(#1354);
#1354=FILL_AREA_STYLE('',(#1355));
#1355=FILL_AREA_STYLE_COLOUR('',#1356);
#1356=COLOUR_RGB('',0.615686274509804,0.811764705882353,0.929411764705882);
#1357=MANIFOLD_SOLID_BREP('CableClip',#1346);
#1358=SHAPE_DEFINITION_REPRESENTATION(#2540,#1359);
#1359=SHAPE_REPRESENTATION('CableClip',(#1360),#2535);
#1360=AXIS2_PLACEMENT_3D('',#1756,#1446,#1447);
#1361=AXIS2_PLACEMENT_3D('',#1757,#1448,#1449);
#1362=AXIS2_PLACEMENT_3D('',#1778,#1456,#1457);
#1363=AXIS2_PLACEMENT_3D('',#1799,#1464,#1465);
#1364=AXIS2_PLACEMENT_3D('',#1820,#1472,#1473);
#1365=AXIS2_PLACEMENT_3D('',#1841,#1480,#1481);
#1366=AXIS2_PLACEMENT_3D('',#1842,#1482,#1483);
#1367=AXIS2_PLACEMENT_3D('',#1844,#1484,#1485);
#1368=AXIS2_PLACEMENT_3D('',#1860,#1486,#1487);
#1369=AXIS2_PLACEMENT_3D('',#1861,#1488,#1489);
#1370=AXIS2_PLACEMENT_3D('',#1863,#1490,#1491);
#1371=AXIS2_PLACEMENT_3D('',#1879,#1492,#1493);
#1372=AXIS2_PLACEMENT_3D('',#1880,#1494,#1495);
#1373=AXIS2_PLACEMENT_3D('',#1882,#1496,#1497);
#1374=AXIS2_PLACEMENT_3D('',#1898,#1498,#1499);
#1375=AXIS2_PLACEMENT_3D('',#1899,#1500,#1501);
#1376=AXIS2_PLACEMENT_3D('',#1901,#1502,#1503);
#1377=AXIS2_PLACEMENT_3D('',#1917,#1504,#1505);
#1378=AXIS2_PLACEMENT_3D('',#1923,#1508,#1509);
#1379=AXIS2_PLACEMENT_3D('',#1934,#1510,#1511);
#1380=AXIS2_PLACEMENT_3D('',#1935,#1512,#1513);
#1381=AXIS2_PLACEMENT_3D('',#1951,#1516,#1517);
#1382=AXIS2_PLACEMENT_3D('',#1972,#1524,#1525);
#1383=AXIS2_PLACEMENT_3D('',#1993,#1532,#1533);
#1384=AXIS2_PLACEMENT_3D('',#2014,#1540,#1541);
#1385=AXIS2_PLACEMENT_3D('',#2021,#1545,#1546);
#1386=AXIS2_PLACEMENT_3D('',#2025,#1549,#1550);
#1387=AXIS2_PLACEMENT_3D('',#2054,#1563,#1564);
#1388=AXIS2_PLACEMENT_3D('',#2058,#1566,#1567);
#1389=AXIS2_PLACEMENT_3D('',#2071,#1569,#1570);
#1390=AXIS2_PLACEMENT_3D('',#2106,#1585,#1586);
#1391=AXIS2_PLACEMENT_3D('',#2119,#1589,#1590);
#1392=AXIS2_PLACEMENT_3D('',#2129,#1592,#1593);
#1393=AXIS2_PLACEMENT_3D('',#2174,#1594,#1595);
#1394=AXIS2_PLACEMENT_3D('',#2185,#1596,#1597);
#1395=AXIS2_PLACEMENT_3D('',#2188,#1599,#1600);
#1396=AXIS2_PLACEMENT_3D('',#2203,#1605,#1606);
#1397=AXIS2_PLACEMENT_3D('',#2204,#1607,#1608);
#1398=AXIS2_PLACEMENT_3D('',#2209,#1611,#1612);
#1399=AXIS2_PLACEMENT_3D('',#2210,#1613,#1614);
#1400=AXIS2_PLACEMENT_3D('',#2218,#1620,#1621);
#1401=AXIS2_PLACEMENT_3D('',#2221,#1624,#1625);
#1402=AXIS2_PLACEMENT_3D('',#2222,#1626,#1627);
#1403=AXIS2_PLACEMENT_3D('',#2223,#1628,#1629);
#1404=AXIS2_PLACEMENT_3D('',#2228,#1632,#1633);
#1405=AXIS2_PLACEMENT_3D('',#2229,#1634,#1635);
#1406=AXIS2_PLACEMENT_3D('',#2237,#1641,#1642);
#1407=AXIS2_PLACEMENT_3D('',#2238,#1643,#1644);
#1408=AXIS2_PLACEMENT_3D('',#2243,#1647,#1648);
#1409=AXIS2_PLACEMENT_3D('',#2244,#1649,#1650);
#1410=AXIS2_PLACEMENT_3D('',#2252,#1656,#1657);
#1411=AXIS2_PLACEMENT_3D('',#2254,#1659,#1660);
#1412=AXIS2_PLACEMENT_3D('',#2256,#1662,#1663);
#1413=AXIS2_PLACEMENT_3D('',#2257,#1664,#1665);
#1414=AXIS2_PLACEMENT_3D('',#2259,#1667,#1668);
#1415=AXIS2_PLACEMENT_3D('',#2261,#1670,#1671);
#1416=AXIS2_PLACEMENT_3D('',#2262,#1672,#1673);
#1417=AXIS2_PLACEMENT_3D('',#2264,#1675,#1676);
#1418=AXIS2_PLACEMENT_3D('',#2266,#1678,#1679);
#1419=AXIS2_PLACEMENT_3D('',#2267,#1680,#1681);
#1420=AXIS2_PLACEMENT_3D('',#2269,#1683,#1684);
#1421=AXIS2_PLACEMENT_3D('',#2271,#1686,#1687);
#1422=AXIS2_PLACEMENT_3D('',#2272,#1688,#1689);
#1423=AXIS2_PLACEMENT_3D('',#2278,#1693,#1694);
#1424=AXIS2_PLACEMENT_3D('',#2282,#1697,#1698);
#1425=AXIS2_PLACEMENT_3D('',#2286,#1701,#1702);
#1426=AXIS2_PLACEMENT_3D('',#2288,#1704,#1705);
#1427=AXIS2_PLACEMENT_3D('',#2289,#1706,#1707);
#1428=AXIS2_PLACEMENT_3D('',#2295,#1711,#1712);
#1429=AXIS2_PLACEMENT_3D('',#2299,#1715,#1716);
#1430=AXIS2_PLACEMENT_3D('',#2303,#1719,#1720);
#1431=AXIS2_PLACEMENT_3D('',#2305,#1722,#1723);
#1432=AXIS2_PLACEMENT_3D('',#2404,#1724,#1725);
#1433=AXIS2_PLACEMENT_3D('',#2406,#1727,#1728);
#1434=AXIS2_PLACEMENT_3D('',#2408,#1730,#1731);
#1435=AXIS2_PLACEMENT_3D('',#2409,#1732,#1733);
#1436=AXIS2_PLACEMENT_3D('',#2411,#1735,#1736);
#1437=AXIS2_PLACEMENT_3D('',#2413,#1738,#1739);
#1438=AXIS2_PLACEMENT_3D('',#2414,#1740,#1741);
#1439=AXIS2_PLACEMENT_3D('',#2443,#1742,#1743);
#1440=AXIS2_PLACEMENT_3D('',#2444,#1744,#1745);
#1441=AXIS2_PLACEMENT_3D('',#2473,#1746,#1747);
#1442=AXIS2_PLACEMENT_3D('',#2474,#1748,#1749);
#1443=AXIS2_PLACEMENT_3D('',#2503,#1750,#1751);
#1444=AXIS2_PLACEMENT_3D('',#2504,#1752,#1753);
#1445=AXIS2_PLACEMENT_3D('',#2533,#1754,#1755);
#1446=DIRECTION('',(0.,0.,1.));
#1447=DIRECTION('',(1.,0.,0.));
#1448=DIRECTION('',(0.,-1.,0.));
#1449=DIRECTION('',(0.,0.,-1.));
#1450=DIRECTION('',(0.,0.,-1.));
#1451=DIRECTION('',(-1.,0.,0.));
#1452=DIRECTION('',(0.,0.,-1.));
#1453=DIRECTION('',(-1.,0.,0.));
#1454=DIRECTION('',(0.,0.,1.));
#1455=DIRECTION('',(-1.,0.,0.));
#1456=DIRECTION('',(0.,-1.,0.));
#1457=DIRECTION('',(0.,0.,-1.));
#1458=DIRECTION('',(0.,0.,-1.));
#1459=DIRECTION('',(-1.,0.,0.));
#1460=DIRECTION('',(0.,0.,-1.));
#1461=DIRECTION('',(-1.,0.,0.));
#1462=DIRECTION('',(0.,0.,-1.));
#1463=DIRECTION('',(-1.,0.,0.));
#1464=DIRECTION('',(0.,-1.,0.));
#1465=DIRECTION('',(0.,0.,-1.));
#1466=DIRECTION('',(0.,0.,-1.));
#1467=DIRECTION('',(-1.,0.,0.));
#1468=DIRECTION('',(0.,0.,-1.));
#1469=DIRECTION('',(-1.,0.,0.));
#1470=DIRECTION('',(0.,0.,1.));
#1471=DIRECTION('',(-1.,0.,0.));
#1472=DIRECTION('',(0.,-1.,0.));
#1473=DIRECTION('',(0.,0.,-1.));
#1474=DIRECTION('',(0.,0.,-1.));
#1475=DIRECTION('',(-1.,0.,0.));
#1476=DIRECTION('',(0.,0.,-1.));
#1477=DIRECTION('',(-1.,0.,0.));
#1478=DIRECTION('',(0.,0.,-1.));
#1479=DIRECTION('',(-1.,0.,0.));
#1480=DIRECTION('',(0.,0.,1.));
#1481=DIRECTION('',(1.,0.,0.));
#1482=DIRECTION('',(0.,0.,1.));
#1483=DIRECTION('',(1.,0.,0.));
#1484=DIRECTION('',(0.,0.,1.));
#1485=DIRECTION('',(1.,0.,0.));
#1486=DIRECTION('',(0.,0.,1.));
#1487=DIRECTION('',(1.,0.,0.));
#1488=DIRECTION('',(0.,0.,1.));
#1489=DIRECTION('',(1.,0.,0.));
#1490=DIRECTION('',(0.,0.,1.));
#1491=DIRECTION('',(1.,0.,0.));
#1492=DIRECTION('',(0.,0.,1.));
#1493=DIRECTION('',(1.,0.,0.));
#1494=DIRECTION('',(0.,0.,1.));
#1495=DIRECTION('',(1.,0.,0.));
#1496=DIRECTION('',(0.,0.,1.));
#1497=DIRECTION('',(1.,0.,0.));
#1498=DIRECTION('',(0.,0.,1.));
#1499=DIRECTION('',(1.,0.,0.));
#1500=DIRECTION('',(0.,0.,1.));
#1501=DIRECTION('',(1.,0.,0.));
#1502=DIRECTION('',(0.,0.,1.));
#1503=DIRECTION('',(1.,0.,0.));
#1504=DIRECTION('',(1.,0.,0.));
#1505=DIRECTION('',(0.,1.,0.));
#1506=DIRECTION('',(0.,-1.,0.));
#1507=DIRECTION('',(0.,0.,1.));
#1508=DIRECTION('',(1.,0.,0.));
#1509=DIRECTION('',(0.,0.,-1.));
#1510=DIRECTION('',(1.,0.,0.));
#1511=DIRECTION('',(0.,1.,0.));
#1512=DIRECTION('',(1.,0.,0.));
#1513=DIRECTION('',(0.,0.,-1.));
#1514=DIRECTION('',(0.,0.,-1.));
#1515=DIRECTION('',(0.,-1.,0.));
#1516=DIRECTION('',(0.,-1.,0.));
#1517=DIRECTION('',(0.,0.,-1.));
#1518=DIRECTION('',(0.,0.,1.));
#1519=DIRECTION('',(-1.,0.,0.));
#1520=DIRECTION('',(0.,0.,-1.));
#1521=DIRECTION('',(-1.,0.,0.));
#1522=DIRECTION('',(0.,0.,-1.));
#1523=DIRECTION('',(-1.,0.,0.));
#1524=DIRECTION('',(0.,-1.,0.));
#1525=DIRECTION('',(0.,0.,-1.));
#1526=DIRECTION('',(0.,0.,1.));
#1527=DIRECTION('',(-1.,0.,0.));
#1528=DIRECTION('',(0.,0.,-1.));
#1529=DIRECTION('',(-1.,0.,0.));
#1530=DIRECTION('',(0.,0.,-1.));
#1531=DIRECTION('',(-1.,0.,0.));
#1532=DIRECTION('',(0.,-1.,0.));
#1533=DIRECTION('',(0.,0.,-1.));
#1534=DIRECTION('',(0.,0.,1.));
#1535=DIRECTION('',(-1.,0.,0.));
#1536=DIRECTION('',(0.,0.,-1.));
#1537=DIRECTION('',(-1.,0.,0.));
#1538=DIRECTION('',(0.,0.,-1.));
#1539=DIRECTION('',(-1.,0.,0.));
#1540=DIRECTION('',(0.,0.,1.));
#1541=DIRECTION('',(1.,0.,0.));
#1542=DIRECTION('',(1.,0.,0.));
#1543=DIRECTION('',(0.,-1.,0.));
#1544=DIRECTION('',(0.400734021904129,-0.916194435525856,0.));
#1545=DIRECTION('',(0.,0.,1.));
#1546=DIRECTION('',(1.,0.,0.));
#1547=DIRECTION('',(-0.400734021904128,-0.916194435525856,0.));
#1548=DIRECTION('',(0.,-1.,0.));
#1549=DIRECTION('',(0.,0.,-1.));
#1550=DIRECTION('',(-1.,0.,0.));
#1551=DIRECTION('',(0.707106781186548,0.707106781186547,0.));
#1552=DIRECTION('',(0.,1.,0.));
#1553=DIRECTION('',(-1.,0.,0.));
#1554=DIRECTION('',(0.,1.,0.));
#1555=DIRECTION('',(0.,1.,0.));
#1556=DIRECTION('',(-1.,0.,0.));
#1557=DIRECTION('',(0.,1.,0.));
#1558=DIRECTION('',(0.,1.,0.));
#1559=DIRECTION('',(1.,0.,0.));
#1560=DIRECTION('',(0.,1.,0.));
#1561=DIRECTION('',(-0.707106781186548,0.707106781186547,0.));
#1562=DIRECTION('',(-1.,0.,0.));
#1563=DIRECTION('',(1.,0.,0.));
#1564=DIRECTION('',(0.,1.,0.));
#1565=DIRECTION('',(0.,0.,1.));
#1566=DIRECTION('',(1.,0.,0.));
#1567=DIRECTION('',(0.,0.,-1.));
#1568=DIRECTION('',(0.,-1.,0.));
#1569=DIRECTION('',(0.,0.,-1.));
#1570=DIRECTION('',(-1.,0.,0.));
#1571=DIRECTION('',(0.707106781186548,-0.707106781186547,0.));
#1572=DIRECTION('',(-1.,0.,0.));
#1573=DIRECTION('',(0.,-1.,0.));
#1574=DIRECTION('',(-0.707106781186548,-0.707106781186547,0.));
#1575=DIRECTION('',(0.,-1.,0.));
#1576=DIRECTION('',(1.,0.,0.));
#1577=DIRECTION('',(0.,-1.,0.));
#1578=DIRECTION('',(-1.,0.,0.));
#1579=DIRECTION('',(0.,-1.,0.));
#1580=DIRECTION('',(-1.,0.,0.));
#1581=DIRECTION('',(0.,-1.,0.));
#1582=DIRECTION('',(0.,-1.,0.));
#1583=DIRECTION('',(-1.,0.,0.));
#1584=DIRECTION('',(0.,-1.,0.));
#1585=DIRECTION('',(-1.,0.,0.));
#1586=DIRECTION('',(0.,0.,1.));
#1587=DIRECTION('',(-1.,0.,0.));
#1588=DIRECTION('',(-1.,0.,0.));
#1589=DIRECTION('',(1.,0.,0.));
#1590=DIRECTION('',(0.,0.,-1.));
#1591=DIRECTION('',(-1.,0.,0.));
#1592=DIRECTION('',(1.,0.,0.));
#1593=DIRECTION('',(0.,0.,-1.));
#1594=DIRECTION('',(1.,0.,0.));
#1595=DIRECTION('',(0.,1.,0.));
#1596=DIRECTION('',(1.,0.,0.));
#1597=DIRECTION('',(0.,0.,-1.));
#1598=DIRECTION('',(0.,0.,-1.));
#1599=DIRECTION('',(0.,-1.,0.));
#1600=DIRECTION('',(0.,0.,-1.));
#1601=DIRECTION('',(0.,0.,1.));
#1602=DIRECTION('',(0.,0.,-1.));
#1603=DIRECTION('',(0.,0.,-1.));
#1604=DIRECTION('',(-1.,0.,0.));
#1605=DIRECTION('',(0.,0.,-1.));
#1606=DIRECTION('',(-1.,0.,0.));
#1607=DIRECTION('',(0.,0.,-1.));
#1608=DIRECTION('',(1.,0.,0.));
#1609=DIRECTION('',(0.,0.,-1.));
#1610=DIRECTION('',(0.,0.,-1.));
#1611=DIRECTION('',(0.,0.,1.));
#1612=DIRECTION('',(1.,0.,0.));
#1613=DIRECTION('',(0.,0.,1.));
#1614=DIRECTION('',(1.,0.,0.));
#1615=DIRECTION('',(0.,-1.,0.));
#1616=DIRECTION('',(-1.,0.,0.));
#1617=DIRECTION('',(0.,-1.,0.));
#1618=DIRECTION('',(-0.400734021904131,0.916194435525855,0.));
#1619=DIRECTION('',(0.400734021904131,0.916194435525855,0.));
#1620=DIRECTION('',(0.,0.,-1.));
#1621=DIRECTION('',(-1.,0.,0.));
#1622=DIRECTION('',(0.,0.,-1.));
#1623=DIRECTION('',(0.,0.,-1.));
#1624=DIRECTION('',(0.,0.,1.));
#1625=DIRECTION('',(1.,0.,0.));
#1626=DIRECTION('',(0.,0.,-1.));
#1627=DIRECTION('',(-1.,0.,0.));
#1628=DIRECTION('',(0.,0.,-1.));
#1629=DIRECTION('',(1.,0.,0.));
#1630=DIRECTION('',(0.,0.,-1.));
#1631=DIRECTION('',(0.,0.,-1.));
#1632=DIRECTION('',(0.,0.,1.));
#1633=DIRECTION('',(1.,0.,0.));
#1634=DIRECTION('',(0.,0.,1.));
#1635=DIRECTION('',(1.,0.,0.));
#1636=DIRECTION('',(0.,1.,0.));
#1637=DIRECTION('',(1.,0.,0.));
#1638=DIRECTION('',(0.,1.,0.));
#1639=DIRECTION('',(-0.400734021904129,0.916194435525855,0.));
#1640=DIRECTION('',(0.400734021904128,0.916194435525856,0.));
#1641=DIRECTION('',(0.,0.,-1.));
#1642=DIRECTION('',(-1.,0.,0.));
#1643=DIRECTION('',(0.,0.,1.));
#1644=DIRECTION('',(1.,0.,0.));
#1645=DIRECTION('',(0.,0.,-1.));
#1646=DIRECTION('',(0.,0.,-1.));
#1647=DIRECTION('',(0.,0.,1.));
#1648=DIRECTION('',(1.,0.,0.));
#1649=DIRECTION('',(0.,0.,1.));
#1650=DIRECTION('',(1.,0.,0.));
#1651=DIRECTION('',(0.,1.,0.));
#1652=DIRECTION('',(-1.,0.,0.));
#1653=DIRECTION('',(0.,1.,0.));
#1654=DIRECTION('',(0.400734021904128,-0.916194435525856,0.));
#1655=DIRECTION('',(-0.400734021904128,-0.916194435525856,0.));
#1656=DIRECTION('',(1.,0.,0.));
#1657=DIRECTION('',(0.,0.,-1.));
#1658=DIRECTION('',(0.,0.,-1.));
#1659=DIRECTION('',(1.,0.,0.));
#1660=DIRECTION('',(0.,0.,-1.));
#1661=DIRECTION('',(0.,0.,-1.));
#1662=DIRECTION('',(0.,1.,0.));
#1663=DIRECTION('',(0.,0.,1.));
#1664=DIRECTION('',(1.,0.,0.));
#1665=DIRECTION('',(0.,0.,-1.));
#1666=DIRECTION('',(0.,0.,-1.));
#1667=DIRECTION('',(1.,0.,0.));
#1668=DIRECTION('',(0.,0.,-1.));
#1669=DIRECTION('',(0.,0.,-1.));
#1670=DIRECTION('',(0.,-1.,0.));
#1671=DIRECTION('',(0.,0.,-1.));
#1672=DIRECTION('',(-1.,0.,0.));
#1673=DIRECTION('',(0.,0.,1.));
#1674=DIRECTION('',(0.,0.,-1.));
#1675=DIRECTION('',(0.,-1.,0.));
#1676=DIRECTION('',(0.,0.,-1.));
#1677=DIRECTION('',(0.,0.,-1.));
#1678=DIRECTION('',(-1.,0.,0.));
#1679=DIRECTION('',(0.,0.,1.));
#1680=DIRECTION('',(-1.,0.,0.));
#1681=DIRECTION('',(0.,0.,1.));
#1682=DIRECTION('',(0.,0.,-1.));
#1683=DIRECTION('',(-1.,0.,0.));
#1684=DIRECTION('',(0.,0.,1.));
#1685=DIRECTION('',(0.,0.,-1.));
#1686=DIRECTION('',(0.,1.,0.));
#1687=DIRECTION('',(0.,0.,1.));
#1688=DIRECTION('',(1.,0.,0.));
#1689=DIRECTION('',(0.,0.,-1.));
#1690=DIRECTION('',(0.,0.,-1.));
#1691=DIRECTION('',(0.,-1.,0.));
#1692=DIRECTION('',(0.,0.,-1.));
#1693=DIRECTION('',(0.,-1.,0.));
#1694=DIRECTION('',(0.,0.,-1.));
#1695=DIRECTION('',(-1.,0.,0.));
#1696=DIRECTION('',(0.,0.,-1.));
#1697=DIRECTION('',(1.,0.,0.));
#1698=DIRECTION('',(0.,0.,-1.));
#1699=DIRECTION('',(0.,-1.,0.));
#1700=DIRECTION('',(0.,0.,-1.));
#1701=DIRECTION('',(0.,-1.,0.));
#1702=DIRECTION('',(0.,0.,-1.));
#1703=DIRECTION('',(-1.,0.,0.));
#1704=DIRECTION('',(0.,0.,1.));
#1705=DIRECTION('',(1.,0.,0.));
#1706=DIRECTION('',(0.,-1.,0.));
#1707=DIRECTION('',(0.,0.,-1.));
#1708=DIRECTION('',(0.,0.,-1.));
#1709=DIRECTION('',(-1.,0.,0.));
#1710=DIRECTION('',(0.,0.,-1.));
#1711=DIRECTION('',(-1.,0.,0.));
#1712=DIRECTION('',(0.,0.,1.));
#1713=DIRECTION('',(0.,1.,0.));
#1714=DIRECTION('',(0.,0.,-1.));
#1715=DIRECTION('',(0.,-1.,0.));
#1716=DIRECTION('',(0.,0.,-1.));
#1717=DIRECTION('',(-1.,0.,0.));
#1718=DIRECTION('',(0.,0.,-1.));
#1719=DIRECTION('',(-1.,0.,0.));
#1720=DIRECTION('',(0.,0.,1.));
#1721=DIRECTION('',(0.,1.,0.));
#1722=DIRECTION('',(0.,0.,1.));
#1723=DIRECTION('',(1.,0.,0.));
#1724=DIRECTION('',(0.707106781186547,0.707106781186548,0.));
#1725=DIRECTION('',(0.,0.,1.));
#1726=DIRECTION('',(-0.707106781186548,0.707106781186547,0.));
#1727=DIRECTION('',(1.,0.,0.));
#1728=DIRECTION('',(0.,0.,-1.));
#1729=DIRECTION('',(-0.707106781186548,-0.707106781186547,0.));
#1730=DIRECTION('',(-0.707106781186547,0.707106781186548,0.));
#1731=DIRECTION('',(0.,0.,-1.));
#1732=DIRECTION('',(0.707106781186547,-0.707106781186548,0.));
#1733=DIRECTION('',(0.,0.,-1.));
#1734=DIRECTION('',(-0.707106781186548,-0.707106781186547,0.));
#1735=DIRECTION('',(-1.,0.,0.));
#1736=DIRECTION('',(0.,0.,1.));
#1737=DIRECTION('',(-0.707106781186548,0.707106781186547,0.));
#1738=DIRECTION('',(-0.707106781186547,-0.707106781186548,0.));
#1739=DIRECTION('',(0.,0.,1.));
#1740=DIRECTION('',(-0.916194435525856,0.400734021904128,0.));
#1741=DIRECTION('',(0.,0.,-1.));
#1742=DIRECTION('',(-0.916194435525855,-0.400734021904129,0.));
#1743=DIRECTION('',(0.,0.,-1.));
#1744=DIRECTION('',(0.916194435525856,-0.400734021904128,0.));
#1745=DIRECTION('',(0.,0.,-1.));
#1746=DIRECTION('',(0.916194435525856,0.400734021904128,0.));
#1747=DIRECTION('',(0.,0.,-1.));
#1748=DIRECTION('',(-0.916194435525855,0.40073402190413,0.));
#1749=DIRECTION('',(0.,0.,-1.));
#1750=DIRECTION('',(-0.916194435525855,-0.40073402190413,0.));
#1751=DIRECTION('',(0.,0.,-1.));
#1752=DIRECTION('',(0.916194435525856,-0.400734021904128,0.));
#1753=DIRECTION('',(0.,0.,-1.));
#1754=DIRECTION('',(0.916194435525855,0.400734021904129,0.));
#1755=DIRECTION('',(0.,0.,-1.));
#1756=CARTESIAN_POINT('',(0.,0.,0.));
#1757=CARTESIAN_POINT('',(0.,0.00325,0.00345));
#1758=CARTESIAN_POINT('',(0.00456135897423384,0.00325,0.00345));
#1759=CARTESIAN_POINT('',(0.00456135897423383,0.00325,0.0023));
#1760=CARTESIAN_POINT('',(0.00456135897423384,0.00325,0.0002));
#1761=CARTESIAN_POINT('',(0.,0.00325,0.0002));
#1762=CARTESIAN_POINT('',(0.00295,0.00325,0.0002));
#1763=CARTESIAN_POINT('',(0.00295,0.00325,0.001));
#1764=CARTESIAN_POINT('',(0.00295,0.00325,0.));
#1765=CARTESIAN_POINT('',(0.,0.00325,0.));
#1766=CARTESIAN_POINT('',(0.005,0.00325,0.));
#1767=CARTESIAN_POINT('',(0.005,0.00325,0.00345));
#1768=CARTESIAN_POINT('',(0.005,0.00325,0.00345));
#1769=CARTESIAN_POINT('',(0.,0.00325,0.00345));
#1770=CARTESIAN_POINT('',(0.00319898828417044,0.00325,0.00345));
#1771=CARTESIAN_POINT('',(0.00319898828417044,0.00325,0.00344999998224057));
#1772=CARTESIAN_POINT('',(0.00339412317349523,0.00325,0.0034294517960324));
#1773=CARTESIAN_POINT('',(0.00374775465177382,0.00325,0.00335160653060827));
#1774=CARTESIAN_POINT('',(0.00411898706292608,0.00325,0.00317337280736095));
#1775=CARTESIAN_POINT('',(0.00447890438327082,0.00325,0.00278733069726592));
#1776=CARTESIAN_POINT('',(0.00456357382729143,0.00325,0.00246277310349044));
#1777=CARTESIAN_POINT('',(0.00456135897423383,0.00325,0.0023));
#1778=CARTESIAN_POINT('',(0.,0.00325,0.00345));
#1779=CARTESIAN_POINT('',(-0.000838641025766164,0.00325,0.0002));
#1780=CARTESIAN_POINT('',(-0.000838641025766165,0.00325,0.0023));
#1781=CARTESIAN_POINT('',(-0.000838641025766164,0.00325,0.0002));
#1782=CARTESIAN_POINT('',(0.,0.00325,0.0002));
#1783=CARTESIAN_POINT('',(-0.00245,0.00325,0.0002));
#1784=CARTESIAN_POINT('',(-0.00245,0.00325,0.001));
#1785=CARTESIAN_POINT('',(-0.00245,0.00325,0.));
#1786=CARTESIAN_POINT('',(0.,0.00325,0.));
#1787=CARTESIAN_POINT('',(-7.5E-05,0.00325,0.));
#1788=CARTESIAN_POINT('',(-7.5E-05,0.00325,0.0045));
#1789=CARTESIAN_POINT('',(-7.5E-05,0.00325,0.00345));
#1790=CARTESIAN_POINT('',(0.,0.00325,0.00345));
#1791=CARTESIAN_POINT('',(-0.00220101171582955,0.00325,0.00345));
#1792=CARTESIAN_POINT('',(-0.00220101171582955,0.00325,0.00344999998224057));
#1793=CARTESIAN_POINT('',(-0.00200587682650491,0.00325,0.00342945179603241));
#1794=CARTESIAN_POINT('',(-0.0016522453482265,0.00325,0.00335160653060831));
#1795=CARTESIAN_POINT('',(-0.00128101293707382,0.00325,0.00317337280736092));
#1796=CARTESIAN_POINT('',(-0.000921095616729204,0.00325,0.002787330697266));
#1797=CARTESIAN_POINT('',(-0.000836426172708572,0.00325,0.00246277310349027));
#1798=CARTESIAN_POINT('',(-0.000838641025766165,0.00325,0.0023));
#1799=CARTESIAN_POINT('',(0.0027,-0.00325,0.00345));
#1800=CARTESIAN_POINT('',(-0.00456135897423384,-0.00325,0.0002));
#1801=CARTESIAN_POINT('',(-0.00456135897423383,-0.00325,0.0023));
#1802=CARTESIAN_POINT('',(-0.00456135897423384,-0.00325,0.0002));
#1803=CARTESIAN_POINT('',(0.0027,-0.00325,0.0002));
#1804=CARTESIAN_POINT('',(-0.00295,-0.00325,0.0002));
#1805=CARTESIAN_POINT('',(-0.00295,-0.00325,0.001));
#1806=CARTESIAN_POINT('',(-0.00295,-0.00325,0.));
#1807=CARTESIAN_POINT('',(0.0027,-0.00325,0.));
#1808=CARTESIAN_POINT('',(-0.005,-0.00325,0.));
#1809=CARTESIAN_POINT('',(-0.005,-0.00325,0.00345));
#1810=CARTESIAN_POINT('',(-0.005,-0.00325,0.00345));
#1811=CARTESIAN_POINT('',(0.0027,-0.00325,0.00345));
#1812=CARTESIAN_POINT('',(-0.0032004417463954,-0.00325,0.00345));
#1813=CARTESIAN_POINT('',(-0.0032004417463954,-0.00325,0.00344999998216912));
#1814=CARTESIAN_POINT('',(-0.00339531891761002,-0.00325,0.00342946246782469));
#1815=CARTESIAN_POINT('',(-0.0037484694565634,-0.00325,0.00335165174664794));
#1816=CARTESIAN_POINT('',(-0.00412179081901465,-0.00325,0.00317103531828226));
#1817=CARTESIAN_POINT('',(-0.00447848684214065,-0.00325,0.0027875983507267));
#1818=CARTESIAN_POINT('',(-0.00456305673444023,-0.00325,0.00246341745928618));
#1819=CARTESIAN_POINT('',(-0.00456135897423383,-0.00325,0.0023));
#1820=CARTESIAN_POINT('',(0.0027,-0.00325,0.00345));
#1821=CARTESIAN_POINT('',(0.000838641025766163,-0.00325,0.00345));
#1822=CARTESIAN_POINT('',(0.000838641025766165,-0.00325,0.0023));
#1823=CARTESIAN_POINT('',(0.000838641025766163,-0.00325,0.0002));
#1824=CARTESIAN_POINT('',(0.0027,-0.00325,0.0002));
#1825=CARTESIAN_POINT('',(0.00245,-0.00325,0.0002));
#1826=CARTESIAN_POINT('',(0.00245,-0.00325,0.001));
#1827=CARTESIAN_POINT('',(0.00245,-0.00325,0.));
#1828=CARTESIAN_POINT('',(0.0027,-0.00325,0.));
#1829=CARTESIAN_POINT('',(7.5E-05,-0.00325,0.));
#1830=CARTESIAN_POINT('',(7.5E-05,-0.00325,0.0045));
#1831=CARTESIAN_POINT('',(7.5E-05,-0.00325,0.00345));
#1832=CARTESIAN_POINT('',(0.0027,-0.00325,0.00345));
#1833=CARTESIAN_POINT('',(0.0021995582536046,-0.00325,0.00345));
#1834=CARTESIAN_POINT('',(0.0021995582536046,-0.00325,0.00344999998216912));
#1835=CARTESIAN_POINT('',(0.00200468108238988,-0.00325,0.00342946246782468));
#1836=CARTESIAN_POINT('',(0.00165153054343639,-0.00325,0.00335165174664791));
#1837=CARTESIAN_POINT('',(0.0012782091809854,-0.00325,0.00317103531828227));
#1838=CARTESIAN_POINT('',(0.000921513157859327,-0.00325,0.00278759835072667));
#1839=CARTESIAN_POINT('',(0.000836943265559762,-0.00325,0.00246341745928624));
#1840=CARTESIAN_POINT('',(0.000838641025766165,-0.00325,0.0023));
#1841=CARTESIAN_POINT('',(0.0027,-0.00484896896257338,0.0023));
#1842=CARTESIAN_POINT('',(0.0027,-0.00484896896257338,0.0033));
#1843=CARTESIAN_POINT('',(0.0038,-0.00484896896257338,0.0033));
#1844=CARTESIAN_POINT('',(0.0027,-0.00484896896257338,0.0023));
#1845=CARTESIAN_POINT('',(0.000999228782077623,-0.00361715028099446,0.0023));
#1846=CARTESIAN_POINT('',(0.00440077121792238,-0.00361715028099446,0.0023));
#1847=CARTESIAN_POINT('',(0.000999228782077621,-0.00361715028099446,0.0023));
#1848=CARTESIAN_POINT('',(0.000998644725109732,-0.00361795668805377,0.00247472563951285));
#1849=CARTESIAN_POINT('',(0.00107984471190042,-0.00361229447882015,0.00271803704948266));
#1850=CARTESIAN_POINT('',(0.00134837680946354,-0.00360058821974078,0.00298717294558846));
#1851=CARTESIAN_POINT('',(0.00163906108855962,-0.00358491239364718,0.0031552902282451));
#1852=CARTESIAN_POINT('',(0.00210446921855003,-0.00355590988037444,0.00326744242324144));
#1853=CARTESIAN_POINT('',(0.00269689125146518,-0.00353501883315014,0.00328361210403038));
#1854=CARTESIAN_POINT('',(0.00328814022106187,-0.00355541612172274,0.00326806223185401));
#1855=CARTESIAN_POINT('',(0.00375491317265383,-0.00358452654126453,0.00315753171140943));
#1856=CARTESIAN_POINT('',(0.00404767537815461,-0.00360046692541563,0.00299041335390101));
#1857=CARTESIAN_POINT('',(0.00432015542328369,-0.00361211282762634,0.00271914558384837));
#1858=CARTESIAN_POINT('',(0.00440156927991398,-0.00361825216464481,0.00247482630134962));
#1859=CARTESIAN_POINT('',(0.00440077121792238,-0.00361715028099446,0.0023));
#1860=CARTESIAN_POINT('',(-0.0027,-0.00484896896257338,0.0023));
#1861=CARTESIAN_POINT('',(-0.0027,-0.00484896896257338,0.0033));
#1862=CARTESIAN_POINT('',(-0.0016,-0.00484896896257338,0.0033));
#1863=CARTESIAN_POINT('',(-0.0027,-0.00484896896257338,0.0023));
#1864=CARTESIAN_POINT('',(-0.00440077121792238,-0.00361715028099446,0.0023));
#1865=CARTESIAN_POINT('',(-0.000999228782077623,-0.00361715028099446,0.0023));
#1866=CARTESIAN_POINT('',(-0.00440077121792238,-0.00361715028099446,0.0023));
#1867=CARTESIAN_POINT('',(-0.00440135527489026,-0.00361795668805376,0.00247472563951182));
#1868=CARTESIAN_POINT('',(-0.00432015528809924,-0.00361229447881993,0.00271803704948299));
#1869=CARTESIAN_POINT('',(-0.00405162319053702,-0.00360058821974115,0.00298717294558825));
#1870=CARTESIAN_POINT('',(-0.00376093891144007,-0.00358491239364697,0.00315529022824522));
#1871=CARTESIAN_POINT('',(-0.00329553078145008,-0.00355590988037452,0.0032674424232414));
#1872=CARTESIAN_POINT('',(-0.0027031087485348,-0.00353501883315012,0.0032836121040304));
#1873=CARTESIAN_POINT('',(-0.00211185977893809,-0.00355541612172276,0.00326806223185398));
#1874=CARTESIAN_POINT('',(-0.0016450868273463,-0.00358452654126447,0.00315753171140949));
#1875=CARTESIAN_POINT('',(-0.00135232462184516,-0.00360046692541574,0.0029904133539009));
#1876=CARTESIAN_POINT('',(-0.00107984457671645,-0.00361211282762627,0.00271914558384849));
#1877=CARTESIAN_POINT('',(-0.000998430720086026,-0.00361825216464481,0.00247482630134931));
#1878=CARTESIAN_POINT('',(-0.000999228782077623,-0.00361715028099446,0.0023));
#1879=CARTESIAN_POINT('',(-0.0027,0.00484896896257338,0.0023));
#1880=CARTESIAN_POINT('',(-0.0027,0.00484896896257338,0.0033));
#1881=CARTESIAN_POINT('',(-0.0016,0.00484896896257338,0.0033));
#1882=CARTESIAN_POINT('',(-0.0027,0.00484896896257338,0.0023));
#1883=CARTESIAN_POINT('',(-0.000999228782077623,0.00361715028099446,0.0023));
#1884=CARTESIAN_POINT('',(-0.00440077121792238,0.00361715028099446,0.0023));
#1885=CARTESIAN_POINT('',(-0.000999228782077618,0.00361715028099446,0.0023));
#1886=CARTESIAN_POINT('',(-0.000998431394501727,0.00361825123347951,0.00247467856144499));
#1887=CARTESIAN_POINT('',(-0.00108001216703183,0.00361210674283571,0.00271930758131093));
#1888=CARTESIAN_POINT('',(-0.00135204507984761,0.00360047737712178,0.00299019260476494));
#1889=CARTESIAN_POINT('',(-0.00164524866503615,0.003584520523275,0.00315765880810166));
#1890=CARTESIAN_POINT('',(-0.00211180094971711,0.00355541802509778,0.0032680221073043));
#1891=CARTESIAN_POINT('',(-0.00270313809434673,0.00353501882191238,0.00328361206128858));
#1892=CARTESIAN_POINT('',(-0.00329547222742335,0.00355590802195042,0.00326748271875835));
#1893=CARTESIAN_POINT('',(-0.00376109987768144,0.00358491828802137,0.00315516266139305));
#1894=CARTESIAN_POINT('',(-0.0040513451621079,0.00360057798155204,0.00298739450681877));
#1895=CARTESIAN_POINT('',(-0.0043203220068162,0.00361230048595471,0.00271787469333617));
#1896=CARTESIAN_POINT('',(-0.00440135576659287,0.00361795736694722,0.00247487273655436));
#1897=CARTESIAN_POINT('',(-0.00440077121792238,0.00361715028099445,0.0023));
#1898=CARTESIAN_POINT('',(0.0027,0.00484896896257338,0.0023));
#1899=CARTESIAN_POINT('',(0.0027,0.00484896896257338,0.0033));
#1900=CARTESIAN_POINT('',(0.0038,0.00484896896257338,0.0033));
#1901=CARTESIAN_POINT('',(0.0027,0.00484896896257338,0.0023));
#1902=CARTESIAN_POINT('',(0.00440077121792238,0.00361715028099446,0.0023));
#1903=CARTESIAN_POINT('',(0.000999228782077623,0.00361715028099446,0.0023));
#1904=CARTESIAN_POINT('',(0.00440077121792238,0.00361715028099446,0.0023));
#1905=CARTESIAN_POINT('',(0.00440156860549827,0.00361825123347949,0.00247467856144322));
#1906=CARTESIAN_POINT('',(0.00431998783296746,0.00361210674283536,0.00271930758131163));
#1907=CARTESIAN_POINT('',(0.00404795492015356,0.00360047737712238,0.00299019260476437));
#1908=CARTESIAN_POINT('',(0.00375475133496317,0.00358452052327465,0.00315765880810199));
#1909=CARTESIAN_POINT('',(0.00328819905028312,0.00355541802509792,0.00326802210730418));
#1910=CARTESIAN_POINT('',(0.00269686190565327,0.00353501882191233,0.00328361206128865));
#1911=CARTESIAN_POINT('',(0.00210452777257641,0.00355590802195052,0.00326748271875818));
#1912=CARTESIAN_POINT('',(0.00163890012231934,0.00358491828802111,0.00315516266139352));
#1913=CARTESIAN_POINT('',(0.00134865483789075,0.00360057798155249,0.00298739450681796));
#1914=CARTESIAN_POINT('',(0.00107967799318461,0.00361230048595444,0.00271787469333697));
#1915=CARTESIAN_POINT('',(0.000998644233407137,0.00361795736694721,0.00247487273655281));
#1916=CARTESIAN_POINT('',(0.000999228782077625,0.00361715028099445,0.0023));
#1917=CARTESIAN_POINT('',(-0.0058,0.0003,0.));
#1918=CARTESIAN_POINT('',(-0.0058,0.,0.));
#1919=CARTESIAN_POINT('',(-0.0058,0.00605020651608844,0.));
#1920=CARTESIAN_POINT('',(-0.0058,0.00405,0.));
#1921=CARTESIAN_POINT('',(-0.0058,0.00405,0.00345));
#1922=CARTESIAN_POINT('',(-0.0058,0.00405,0.00345));
#1923=CARTESIAN_POINT('',(-0.0058,0.,0.00345));
#1924=CARTESIAN_POINT('',(-0.0058,0.00247395060177264,0.00665656111775699));
#1925=CARTESIAN_POINT('',(-0.0058,0.00247395264721329,0.00665656487504804));
#1926=CARTESIAN_POINT('',(-0.0058,0.00277590733964163,0.00649203197127875));
#1927=CARTESIAN_POINT('',(-0.0058,0.00329315815503029,0.00614844435435337));
#1928=CARTESIAN_POINT('',(-0.0058,0.00403109654387738,0.00547282062071324));
#1929=CARTESIAN_POINT('',(-0.0058,0.00467164766447668,0.0046655404652019));
#1930=CARTESIAN_POINT('',(-0.0058,0.00532544926004694,0.0035714520881897));
#1931=CARTESIAN_POINT('',(-0.0058,0.00590590578993065,0.00196582632998551));
#1932=CARTESIAN_POINT('',(-0.0058,0.00605045111197986,0.000669270075234643));
#1933=CARTESIAN_POINT('',(-0.0058,0.00605020651606086,-7.54747396308417E-11));
#1934=CARTESIAN_POINT('',(0.0058,0.0003,0.));
#1935=CARTESIAN_POINT('',(0.0058,0.,0.00345));
#1936=CARTESIAN_POINT('',(0.0058,0.00247326667119591,0.00665708871460286));
#1937=CARTESIAN_POINT('',(0.0058,0.00405,0.00345));
#1938=CARTESIAN_POINT('',(0.0058,0.00405,0.));
#1939=CARTESIAN_POINT('',(0.0058,0.00405,0.));
#1940=CARTESIAN_POINT('',(0.0058,0.,0.));
#1941=CARTESIAN_POINT('',(0.0058,0.00604990335675787,0.));
#1942=CARTESIAN_POINT('',(0.0058,0.00604990335677637,-4.22885591290761E-11));
#1943=CARTESIAN_POINT('',(0.0058,0.00604960985597426,0.000670735843143792));
#1944=CARTESIAN_POINT('',(0.0058,0.0059062579345342,0.00196318176615024));
#1945=CARTESIAN_POINT('',(0.0058,0.00532532782502944,0.0035725790214668));
#1946=CARTESIAN_POINT('',(0.0058,0.00466686962423802,0.00467250070307438));
#1947=CARTESIAN_POINT('',(0.0058,0.00402746801515314,0.00547617787273958));
#1948=CARTESIAN_POINT('',(0.0058,0.00328799250682274,0.00615218741349132));
#1949=CARTESIAN_POINT('',(0.0058,0.00277512933057972,0.00649263209020935));
#1950=CARTESIAN_POINT('',(0.0058,0.00247326870034778,0.00665709244306068));
#1951=CARTESIAN_POINT('',(0.,0.00325,0.00345));
#1952=CARTESIAN_POINT('',(0.000838641025766164,0.00325,0.00345));
#1953=CARTESIAN_POINT('',(0.000838641025766164,0.00325,0.0002));
#1954=CARTESIAN_POINT('',(0.000838641025766164,0.00325,0.0023));
#1955=CARTESIAN_POINT('',(0.000838641025766164,0.00325,0.0023));
#1956=CARTESIAN_POINT('',(0.000836947699703805,0.00325,0.0024629906519251));
#1957=CARTESIAN_POINT('',(0.000921460324934788,0.00325,0.00278779116034661));
#1958=CARTESIAN_POINT('',(0.00127838744500522,0.00325,0.00317100069565418));
#1959=CARTESIAN_POINT('',(0.00165087032028165,0.00325,0.00335159742754032));
#1960=CARTESIAN_POINT('',(0.00200439674678698,0.00325,0.00342943250255739));
#1961=CARTESIAN_POINT('',(0.0021995582536046,0.00325,0.00344999998216912));
#1962=CARTESIAN_POINT('',(0.0021995582536046,0.00325,0.00345));
#1963=CARTESIAN_POINT('',(0.,0.00325,0.00345));
#1964=CARTESIAN_POINT('',(7.5E-05,0.00325,0.00345));
#1965=CARTESIAN_POINT('',(7.5E-05,0.00325,0.0045));
#1966=CARTESIAN_POINT('',(7.5E-05,0.00325,0.));
#1967=CARTESIAN_POINT('',(0.,0.00325,0.));
#1968=CARTESIAN_POINT('',(0.00245,0.00325,0.));
#1969=CARTESIAN_POINT('',(0.00245,0.00325,0.001));
#1970=CARTESIAN_POINT('',(0.00245,0.00325,0.0002));
#1971=CARTESIAN_POINT('',(0.,0.00325,0.0002));
#1972=CARTESIAN_POINT('',(0.0027,-0.00325,0.00345));
#1973=CARTESIAN_POINT('',(0.00456135897423384,-0.00325,0.00345));
#1974=CARTESIAN_POINT('',(0.00456135897423384,-0.00325,0.0002));
#1975=CARTESIAN_POINT('',(0.00456135897423384,-0.00325,0.0023));
#1976=CARTESIAN_POINT('',(0.00456135897423384,-0.00325,0.0023));
#1977=CARTESIAN_POINT('',(0.00456356801726894,-0.00325,0.00246234611561918));
#1978=CARTESIAN_POINT('',(0.00447895815593906,-0.00325,0.00278752356329435));
#1979=CARTESIAN_POINT('',(0.00411880757362098,-0.00325,0.00317333825806834));
#1980=CARTESIAN_POINT('',(0.00374841883632598,-0.00325,0.00335155186175029));
#1981=CARTESIAN_POINT('',(0.00339440919437889,-0.00325,0.00342942167732632));
#1982=CARTESIAN_POINT('',(0.00319898828417044,-0.00325,0.00344999998224057));
#1983=CARTESIAN_POINT('',(0.00319898828417044,-0.00325,0.00345));
#1984=CARTESIAN_POINT('',(0.0027,-0.00325,0.00345));
#1985=CARTESIAN_POINT('',(0.005,-0.00325,0.00345));
#1986=CARTESIAN_POINT('',(0.005,-0.00325,0.));
#1987=CARTESIAN_POINT('',(0.005,-0.00325,0.));
#1988=CARTESIAN_POINT('',(0.0027,-0.00325,0.));
#1989=CARTESIAN_POINT('',(0.00295,-0.00325,0.));
#1990=CARTESIAN_POINT('',(0.00295,-0.00325,0.001));
#1991=CARTESIAN_POINT('',(0.00295,-0.00325,0.0002));
#1992=CARTESIAN_POINT('',(0.0027,-0.00325,0.0002));
#1993=CARTESIAN_POINT('',(0.,0.00325,0.00345));
#1994=CARTESIAN_POINT('',(-0.00456135897423384,0.00325,0.0023));
#1995=CARTESIAN_POINT('',(-0.00456135897423384,0.00325,0.0002));
#1996=CARTESIAN_POINT('',(-0.00456135897423384,0.00325,0.0023));
#1997=CARTESIAN_POINT('',(-0.00456135897423383,0.00325,0.0023));
#1998=CARTESIAN_POINT('',(-0.00456305230029619,0.00325,0.00246299065192497));
#1999=CARTESIAN_POINT('',(-0.00447853967506518,0.00325,0.00278779116034668));
#2000=CARTESIAN_POINT('',(-0.00412161255499486,0.00325,0.00317100069565416));
#2001=CARTESIAN_POINT('',(-0.00374912967971805,0.00325,0.00335159742754036));
#2002=CARTESIAN_POINT('',(-0.00339560325321289,0.00325,0.00342943250255741));
#2003=CARTESIAN_POINT('',(-0.0032004417463954,0.00325,0.00344999998216912));
#2004=CARTESIAN_POINT('',(-0.0032004417463954,0.00325,0.00345));
#2005=CARTESIAN_POINT('',(0.,0.00325,0.00345));
#2006=CARTESIAN_POINT('',(-0.005,0.00325,0.00345));
#2007=CARTESIAN_POINT('',(-0.005,0.00325,0.));
#2008=CARTESIAN_POINT('',(-0.005,0.00325,0.));
#2009=CARTESIAN_POINT('',(0.,0.00325,0.));
#2010=CARTESIAN_POINT('',(-0.00295,0.00325,0.));
#2011=CARTESIAN_POINT('',(-0.00295,0.00325,0.001));
#2012=CARTESIAN_POINT('',(-0.00295,0.00325,0.0002));
#2013=CARTESIAN_POINT('',(0.,0.00325,0.0002));
#2014=CARTESIAN_POINT('',(0.,0.,0.0002));
#2015=CARTESIAN_POINT('',(0.,0.00655,0.0002));
#2016=CARTESIAN_POINT('',(0.00245,0.00655,0.0002));
#2017=CARTESIAN_POINT('',(0.00295,0.00655,0.0002));
#2018=CARTESIAN_POINT('',(0.00295,0.,0.0002));
#2019=CARTESIAN_POINT('',(0.00456135897423384,0.00325,0.0002));
#2020=CARTESIAN_POINT('',(0.00440077121792238,0.00361715028099446,0.0002));
#2021=CARTESIAN_POINT('',(0.0027,0.00484896896257338,0.0002));
#2022=CARTESIAN_POINT('',(0.000999228782077623,0.00361715028099446,0.0002));
#2023=CARTESIAN_POINT('',(0.000838641025766164,0.00325,0.0002));
#2024=CARTESIAN_POINT('',(0.00245,0.,0.0002));
#2025=CARTESIAN_POINT('',(0.0058,0.,0.));
#2026=CARTESIAN_POINT('',(0.003775,0.002025,0.));
#2027=CARTESIAN_POINT('',(0.00295,0.0049,0.));
#2028=CARTESIAN_POINT('',(0.00295,0.00655,0.));
#2029=CARTESIAN_POINT('',(0.0027,0.00655,0.));
#2030=CARTESIAN_POINT('',(0.00245,0.00655,0.));
#2031=CARTESIAN_POINT('',(0.00245,0.0049,0.));
#2032=CARTESIAN_POINT('',(7.5E-05,0.0049,0.));
#2033=CARTESIAN_POINT('',(7.5E-05,0.00655,0.));
#2034=CARTESIAN_POINT('',(0.,0.00655,0.));
#2035=CARTESIAN_POINT('',(-7.5E-05,0.00655,0.));
#2036=CARTESIAN_POINT('',(-7.5E-05,0.0049,0.));
#2037=CARTESIAN_POINT('',(-0.00245,0.0049,0.));
#2038=CARTESIAN_POINT('',(-0.00245,0.00655,0.));
#2039=CARTESIAN_POINT('',(-0.0027,0.00655,0.));
#2040=CARTESIAN_POINT('',(-0.00295,0.00655,0.));
#2041=CARTESIAN_POINT('',(-0.00295,0.0049,0.));
#2042=CARTESIAN_POINT('',(0.002025,-0.003775,0.));
#2043=CARTESIAN_POINT('',(-0.0058,0.00605020651608844,0.));
#2044=CARTESIAN_POINT('',(-0.00506666666668349,0.00678358998242201,0.));
#2045=CARTESIAN_POINT('',(-0.00433333333336698,0.00751697344875558,0.));
#2046=CARTESIAN_POINT('',(-0.00360000000005047,0.00825035691508915,0.));
#2047=CARTESIAN_POINT('',(-0.00360000000002523,0.00825017845751934,-9.49013279579732E-11));
#2048=CARTESIAN_POINT('',(0.0058,0.00825,-1.74512168878498E-18));
#2049=CARTESIAN_POINT('',(0.0036,0.00824998859150001,-6.28615355583219E-19));
#2050=CARTESIAN_POINT('',(0.0036,0.00824997718300001,0.));
#2051=CARTESIAN_POINT('',(0.00433333333333333,0.0075166192409193,0.));
#2052=CARTESIAN_POINT('',(0.00506666666666666,0.00678326129883858,0.));
#2053=CARTESIAN_POINT('',(0.0058,0.00604990335675787,0.));
#2054=CARTESIAN_POINT('',(0.0058,0.0003,0.));
#2055=CARTESIAN_POINT('',(0.0058,-0.00405,0.00345));
#2056=CARTESIAN_POINT('',(0.0058,-0.00405,0.));
#2057=CARTESIAN_POINT('',(0.0058,-0.00405,0.00345));
#2058=CARTESIAN_POINT('',(0.0058,0.,0.00345));
#2059=CARTESIAN_POINT('',(0.0058,-0.00247395060177258,0.00665656111775702));
#2060=CARTESIAN_POINT('',(0.0058,-0.00247395264721325,0.00665656487504808));
#2061=CARTESIAN_POINT('',(0.0058,-0.00277590733964134,0.0064920319712788));
#2062=CARTESIAN_POINT('',(0.0058,-0.00329315815503222,0.00614844435435195));
#2063=CARTESIAN_POINT('',(0.0058,-0.00403109654387851,0.00547282062071249));
#2064=CARTESIAN_POINT('',(0.0058,-0.00467164766447655,0.00466554046520163));
#2065=CARTESIAN_POINT('',(0.0058,-0.0053254492600485,0.00357145208818663));
#2066=CARTESIAN_POINT('',(0.0058,-0.00590590578993006,0.00196582632998592));
#2067=CARTESIAN_POINT('',(0.0058,-0.00605045111197985,0.000669270075233793));
#2068=CARTESIAN_POINT('',(0.0058,-0.00605020651606085,-7.5474740796359E-11));
#2069=CARTESIAN_POINT('',(0.0058,-0.00605020651608843,0.));
#2070=CARTESIAN_POINT('',(0.0058,0.,0.));
#2071=CARTESIAN_POINT('',(0.0058,0.,0.));
#2072=CARTESIAN_POINT('',(0.003775,-0.002025,0.));
#2073=CARTESIAN_POINT('',(0.0058,-0.00605020651608843,0.));
#2074=CARTESIAN_POINT('',(0.00506666666668349,-0.006783589982422,0.));
#2075=CARTESIAN_POINT('',(0.00433333333336698,-0.00751697344875557,0.));
#2076=CARTESIAN_POINT('',(0.00360000000005046,-0.00825035691508915,0.));
#2077=CARTESIAN_POINT('',(0.0036,-0.00825017845751934,-9.49013268758737E-11));
#2078=CARTESIAN_POINT('',(0.0058,-0.00825,5.81707229594993E-19));
#2079=CARTESIAN_POINT('',(-0.0036,-0.00824998859150001,-7.66243503375848E-19));
#2080=CARTESIAN_POINT('',(-0.0036,-0.00824997718300001,0.));
#2081=CARTESIAN_POINT('',(-0.00433333333333333,-0.0075166192409193,0.));
#2082=CARTESIAN_POINT('',(-0.00506666666666667,-0.00678326129883859,0.));
#2083=CARTESIAN_POINT('',(-0.0058,-0.00604990335675788,0.));
#2084=CARTESIAN_POINT('',(-0.0058,-0.00604990335677639,0.));
#2085=CARTESIAN_POINT('',(-0.0058,0.,0.));
#2086=CARTESIAN_POINT('',(-0.0058,-0.00405,0.));
#2087=CARTESIAN_POINT('',(0.002025,0.003775,0.));
#2088=CARTESIAN_POINT('',(-0.00295,-0.0049,0.));
#2089=CARTESIAN_POINT('',(-0.00295,-0.00655,0.));
#2090=CARTESIAN_POINT('',(-0.0027,-0.00655,0.));
#2091=CARTESIAN_POINT('',(-0.00245,-0.00655,0.));
#2092=CARTESIAN_POINT('',(-0.00245,-0.0049,0.));
#2093=CARTESIAN_POINT('',(-0.00245,-0.00325,0.));
#2094=CARTESIAN_POINT('',(0.0027,-0.00325,0.));
#2095=CARTESIAN_POINT('',(-7.5E-05,-0.00325,0.));
#2096=CARTESIAN_POINT('',(-7.5E-05,-0.0049,0.));
#2097=CARTESIAN_POINT('',(-7.5E-05,-0.00655,0.));
#2098=CARTESIAN_POINT('',(0.,-0.00655,0.));
#2099=CARTESIAN_POINT('',(7.5E-05,-0.00655,0.));
#2100=CARTESIAN_POINT('',(7.5E-05,-0.0049,0.));
#2101=CARTESIAN_POINT('',(0.00245,-0.0049,0.));
#2102=CARTESIAN_POINT('',(0.00245,-0.00655,0.));
#2103=CARTESIAN_POINT('',(0.0027,-0.00655,0.));
#2104=CARTESIAN_POINT('',(0.00295,-0.00655,0.));
#2105=CARTESIAN_POINT('',(0.00295,-0.0049,0.));
#2106=CARTESIAN_POINT('',(0.0058,0.,0.00345));
#2107=CARTESIAN_POINT('',(0.00319898828417044,-0.00325,0.00344999998224057));
#2108=CARTESIAN_POINT('',(0.00286571133411249,-0.00325000000019177,0.0034850948688015));
#2109=CARTESIAN_POINT('',(0.00253256799059054,-0.00325000000019255,0.00348509486877768));
#2110=CARTESIAN_POINT('',(0.00219955825360459,-0.00325,0.0034499999821691));
#2111=CARTESIAN_POINT('',(0.0027,-0.00325,0.00345));
#2112=CARTESIAN_POINT('',(-7.5E-05,-0.00325,0.00345));
#2113=CARTESIAN_POINT('',(0.0027,-0.00325,0.00345));
#2114=CARTESIAN_POINT('',(-0.00220101171582955,-0.00325,0.00345));
#2115=CARTESIAN_POINT('',(-0.00220101171582954,-0.00325,0.00344999998224057));
#2116=CARTESIAN_POINT('',(-0.00253428866588749,-0.00325000000019177,0.0034850948688015));
#2117=CARTESIAN_POINT('',(-0.00286743200940944,-0.00325000000019255,0.00348509486877768));
#2118=CARTESIAN_POINT('',(-0.0032004417463954,-0.00325,0.0034499999821691));
#2119=CARTESIAN_POINT('',(-0.005,0.,0.00345));
#2120=CARTESIAN_POINT('',(-0.0032004417463954,0.00325,0.00344999998216912));
#2121=CARTESIAN_POINT('',(-0.00286743200940945,0.00325000000019255,0.00348509486877769));
#2122=CARTESIAN_POINT('',(-0.0025342886658875,0.00325000000019177,0.00348509486880151));
#2123=CARTESIAN_POINT('',(-0.00220101171582955,0.00325,0.00344999998224058));
#2124=CARTESIAN_POINT('',(0.,0.00325,0.00345));
#2125=CARTESIAN_POINT('',(0.00219955825360459,0.00325,0.00344999998216912));
#2126=CARTESIAN_POINT('',(0.00253256799059055,0.00325000000019255,0.00348509486877769));
#2127=CARTESIAN_POINT('',(0.0028657113341125,0.00325000000019177,0.00348509486880151));
#2128=CARTESIAN_POINT('',(0.00319898828417044,0.00325,0.00344999998224058));
#2129=CARTESIAN_POINT('',(0.005,0.,0.00345));
#2130=CARTESIAN_POINT('',(0.0036,0.00825,-1.74512168878498E-18));
#2131=CARTESIAN_POINT('',(-0.0036,0.00825,-1.74512168878498E-18));
#2132=CARTESIAN_POINT('',(0.0036,0.00825,0.00124354709204596));
#2133=CARTESIAN_POINT('',(-0.0036,0.00825,0.00124354709204596));
#2134=CARTESIAN_POINT('',(0.0036,0.00782043794055188,0.00373006156176337));
#2135=CARTESIAN_POINT('',(-0.0036,0.00782043794055188,0.00373006156176337));
#2136=CARTESIAN_POINT('',(0.0036,0.00598550406737715,0.00689241954056928));
#2137=CARTESIAN_POINT('',(-0.0036,0.00598550406737715,0.00689241954056928));
#2138=CARTESIAN_POINT('',(0.0036,0.00323933145867372,0.00900534680359259));
#2139=CARTESIAN_POINT('',(-0.0036,0.00323933145867372,0.00900534680359259));
#2140=CARTESIAN_POINT('',(0.0036,-3.18989051333539E-17,0.00974732659820371));
#2141=CARTESIAN_POINT('',(-0.0036,-3.18989051333539E-17,0.00974732659820371));
#2142=CARTESIAN_POINT('',(0.0036,-0.00323933145867368,0.00900534680359259));
#2143=CARTESIAN_POINT('',(-0.0036,-0.00323933145867368,0.00900534680359259));
#2144=CARTESIAN_POINT('',(0.0036,-0.00598550406737711,0.00689241954056933));
#2145=CARTESIAN_POINT('',(-0.0036,-0.00598550406737711,0.00689241954056933));
#2146=CARTESIAN_POINT('',(0.0036,-0.00782043794055188,0.00373006156176342));
#2147=CARTESIAN_POINT('',(-0.0036,-0.00782043794055188,0.00373006156176342));
#2148=CARTESIAN_POINT('',(0.0036,-0.00825000000000001,0.00124354709204593));
#2149=CARTESIAN_POINT('',(-0.0036,-0.00825000000000001,0.00124354709204593));
#2150=CARTESIAN_POINT('',(0.0036,-0.00825,-3.31690727190098E-17));
#2151=CARTESIAN_POINT('',(-0.0036,-0.00825,-3.31690727190098E-17));
#2152=CARTESIAN_POINT('',(0.0036,-0.00825,-1.89796495826449E-10));
#2153=CARTESIAN_POINT('',(0.0036,-0.00825000002157531,0.00124354691041417));
#2154=CARTESIAN_POINT('',(0.0036,-0.00782043799955477,0.0037300614063242));
#2155=CARTESIAN_POINT('',(0.0036,-0.00598550415811401,0.0068924194407373));
#2156=CARTESIAN_POINT('',(0.0036,-0.00323933155551699,0.009005346760961));
#2157=CARTESIAN_POINT('',(0.0036,-8.18143582527407E-11,0.00974732660149311));
#2158=CARTESIAN_POINT('',(0.0036,0.00323933140434392,0.00900534683306655));
#2159=CARTESIAN_POINT('',(0.0036,0.00598550404241073,0.00689241957397098));
#2160=CARTESIAN_POINT('',(0.0036,0.00782043793693809,0.0037300615804024));
#2161=CARTESIAN_POINT('',(0.0036,0.00825000000069985,0.00124354709405416));
#2162=CARTESIAN_POINT('',(0.0036,0.00825,-6.15650682863164E-12));
#2163=CARTESIAN_POINT('',(-0.0036,0.00825,-1.89796508700397E-10));
#2164=CARTESIAN_POINT('',(-0.0036,0.00825000002157532,0.00124354691041416));
#2165=CARTESIAN_POINT('',(-0.0036,0.00782043799955477,0.0037300614063242));
#2166=CARTESIAN_POINT('',(-0.0036,0.00598550415811401,0.0068924194407373));
#2167=CARTESIAN_POINT('',(-0.0036,0.00323933155551699,0.009005346760961));
#2168=CARTESIAN_POINT('',(-0.0036,8.18143498858147E-11,0.00974732660149311));
#2169=CARTESIAN_POINT('',(-0.0036,-0.00323933140434394,0.00900534683306655));
#2170=CARTESIAN_POINT('',(-0.0036,-0.00598550404241073,0.00689241957397097));
#2171=CARTESIAN_POINT('',(-0.0036,-0.0078204379369381,0.00373006158040238));
#2172=CARTESIAN_POINT('',(-0.0036,-0.00825000000069985,0.00124354709405413));
#2173=CARTESIAN_POINT('',(-0.0036,-0.00825,-6.15653825258267E-12));
#2174=CARTESIAN_POINT('',(-0.0058,0.0003,0.));
#2175=CARTESIAN_POINT('',(-0.0058,-0.00604990335677639,-4.22885614330057E-11));
#2176=CARTESIAN_POINT('',(-0.0058,-0.00604960985597427,0.000670735843146658));
#2177=CARTESIAN_POINT('',(-0.0058,-0.00590625793453494,0.00196318176615223));
#2178=CARTESIAN_POINT('',(-0.0058,-0.00532532782502745,0.00357257902146842));
#2179=CARTESIAN_POINT('',(-0.0058,-0.00466686962423747,0.0046725007030749));
#2180=CARTESIAN_POINT('',(-0.0058,-0.00402746801515372,0.00547617787273937));
#2181=CARTESIAN_POINT('',(-0.0058,-0.0032879925068233,0.00615218741349124));
#2182=CARTESIAN_POINT('',(-0.0058,-0.00277512933057987,0.00649263209020937));
#2183=CARTESIAN_POINT('',(-0.0058,-0.00247326870034777,0.0066570924430607));
#2184=CARTESIAN_POINT('',(-0.0058,-0.00247326667119589,0.00665708871460288));
#2185=CARTESIAN_POINT('',(-0.0058,0.,0.00345));
#2186=CARTESIAN_POINT('',(-0.0058,-0.00405,0.00345));
#2187=CARTESIAN_POINT('',(-0.0058,-0.00405,0.));
#2188=CARTESIAN_POINT('',(0.0027,-0.00325,0.00345));
#2189=CARTESIAN_POINT('',(-0.000838641025766164,-0.00325,0.0023));
#2190=CARTESIAN_POINT('',(-0.000838641025766164,-0.00325,0.0002));
#2191=CARTESIAN_POINT('',(-0.000838641025766164,-0.00325,0.0023));
#2192=CARTESIAN_POINT('',(-0.000838641025766165,-0.00325,0.0023));
#2193=CARTESIAN_POINT('',(-0.000836431982731055,-0.00325,0.00246234611561955));
#2194=CARTESIAN_POINT('',(-0.000921041844060947,-0.00325,0.00278752356329417));
#2195=CARTESIAN_POINT('',(-0.00128119242637898,-0.00325,0.00317333825806838));
#2196=CARTESIAN_POINT('',(-0.0016515811636741,-0.00325,0.00335155186175028));
#2197=CARTESIAN_POINT('',(-0.00200559080562114,-0.00325,0.00342942167732632));
#2198=CARTESIAN_POINT('',(-0.00220101171582955,-0.00325,0.00344999998224057));
#2199=CARTESIAN_POINT('',(-7.5E-05,-0.00325,0.0045));
#2200=CARTESIAN_POINT('',(-0.00245,-0.00325,0.001));
#2201=CARTESIAN_POINT('',(-0.00245,-0.00325,0.0002));
#2202=CARTESIAN_POINT('',(0.0027,-0.00325,0.0002));
#2203=CARTESIAN_POINT('',(-0.0027,0.00484896896257338,0.0033));
#2204=CARTESIAN_POINT('',(-0.0027,0.00484896896257338,0.0002));
#2205=CARTESIAN_POINT('',(-0.00440077121792238,0.00361715028099446,0.0002));
#2206=CARTESIAN_POINT('',(-0.000999228782077624,0.00361715028099446,0.0002));
#2207=CARTESIAN_POINT('',(-0.000999228782077624,0.00361715028099446,0.0033));
#2208=CARTESIAN_POINT('',(-0.00440077121792238,0.00361715028099446,0.0033));
#2209=CARTESIAN_POINT('',(0.,0.,0.0033));
#2210=CARTESIAN_POINT('',(0.,0.,0.0002));
#2211=CARTESIAN_POINT('',(-0.00295,0.,0.0002));
#2212=CARTESIAN_POINT('',(-0.00295,0.00655,0.0002));
#2213=CARTESIAN_POINT('',(0.,0.00655,0.0002));
#2214=CARTESIAN_POINT('',(-0.00245,0.00655,0.0002));
#2215=CARTESIAN_POINT('',(-0.00245,0.,0.0002));
#2216=CARTESIAN_POINT('',(-0.000999228782077624,0.00361715028099446,0.0002));
#2217=CARTESIAN_POINT('',(-0.00440077121792238,0.00361715028099446,0.0002));
#2218=CARTESIAN_POINT('',(0.0027,0.00484896896257338,0.0033));
#2219=CARTESIAN_POINT('',(0.00440077121792238,0.00361715028099446,0.0033));
#2220=CARTESIAN_POINT('',(0.000999228782077623,0.00361715028099446,0.0033));
#2221=CARTESIAN_POINT('',(0.,0.,0.0033));
#2222=CARTESIAN_POINT('',(0.0027,-0.00484896896257338,0.0033));
#2223=CARTESIAN_POINT('',(0.0027,-0.00484896896257338,0.0002));
#2224=CARTESIAN_POINT('',(0.00440077121792238,-0.00361715028099446,0.0002));
#2225=CARTESIAN_POINT('',(0.000999228782077623,-0.00361715028099446,0.0002));
#2226=CARTESIAN_POINT('',(0.000999228782077623,-0.00361715028099446,0.0033));
#2227=CARTESIAN_POINT('',(0.00440077121792238,-0.00361715028099446,0.0033));
#2228=CARTESIAN_POINT('',(0.,0.,0.0033));
#2229=CARTESIAN_POINT('',(0.,0.,0.0002));
#2230=CARTESIAN_POINT('',(0.00295,0.,0.0002));
#2231=CARTESIAN_POINT('',(0.00295,-0.00655,0.0002));
#2232=CARTESIAN_POINT('',(0.,-0.00655,0.0002));
#2233=CARTESIAN_POINT('',(0.00245,-0.00655,0.0002));
#2234=CARTESIAN_POINT('',(0.00245,0.,0.0002));
#2235=CARTESIAN_POINT('',(0.000838641025766164,-0.00325,0.0002));
#2236=CARTESIAN_POINT('',(0.00456135897423384,-0.00325,0.0002));
#2237=CARTESIAN_POINT('',(-0.0027,-0.00484896896257338,0.0033));
#2238=CARTESIAN_POINT('',(-0.0027,-0.00484896896257338,0.0002));
#2239=CARTESIAN_POINT('',(-0.00440077121792238,-0.00361715028099446,0.0002));
#2240=CARTESIAN_POINT('',(-0.000999228782077623,-0.00361715028099446,0.0002));
#2241=CARTESIAN_POINT('',(-0.00440077121792238,-0.00361715028099446,0.0033));
#2242=CARTESIAN_POINT('',(-0.000999228782077623,-0.00361715028099446,0.0033));
#2243=CARTESIAN_POINT('',(0.,0.,0.0033));
#2244=CARTESIAN_POINT('',(0.,0.,0.0002));
#2245=CARTESIAN_POINT('',(-0.00245,0.,0.0002));
#2246=CARTESIAN_POINT('',(-0.00245,-0.00655,0.0002));
#2247=CARTESIAN_POINT('',(0.,-0.00655,0.0002));
#2248=CARTESIAN_POINT('',(-0.00295,-0.00655,0.0002));
#2249=CARTESIAN_POINT('',(-0.00295,0.,0.0002));
#2250=CARTESIAN_POINT('',(-0.00440077121792238,-0.00361715028099446,0.0002));
#2251=CARTESIAN_POINT('',(-0.000999228782077623,-0.00361715028099446,0.0002));
#2252=CARTESIAN_POINT('',(-0.00245,-0.0049,0.001));
#2253=CARTESIAN_POINT('',(-0.00245,-0.00655,0.001));
#2254=CARTESIAN_POINT('',(-0.00295,-0.0049,0.001));
#2255=CARTESIAN_POINT('',(-0.00295,-0.00655,0.001));
#2256=CARTESIAN_POINT('',(-0.0027,-0.00655,0.001));
#2257=CARTESIAN_POINT('',(0.00295,-0.0049,0.001));
#2258=CARTESIAN_POINT('',(0.00295,-0.00655,0.001));
#2259=CARTESIAN_POINT('',(0.00245,-0.0049,0.001));
#2260=CARTESIAN_POINT('',(0.00245,-0.00655,0.001));
#2261=CARTESIAN_POINT('',(0.0027,-0.00655,0.001));
#2262=CARTESIAN_POINT('',(0.00295,0.0049,0.001));
#2263=CARTESIAN_POINT('',(0.00295,0.00655,0.001));
#2264=CARTESIAN_POINT('',(0.0027,0.00655,0.001));
#2265=CARTESIAN_POINT('',(0.00245,0.00655,0.001));
#2266=CARTESIAN_POINT('',(0.00245,0.0049,0.001));
#2267=CARTESIAN_POINT('',(-0.00295,0.0049,0.001));
#2268=CARTESIAN_POINT('',(-0.00295,0.00655,0.001));
#2269=CARTESIAN_POINT('',(-0.00245,0.0049,0.001));
#2270=CARTESIAN_POINT('',(-0.00245,0.00655,0.001));
#2271=CARTESIAN_POINT('',(-0.0027,0.00655,0.001));
#2272=CARTESIAN_POINT('',(7.5E-05,-0.0049,0.0045));
#2273=CARTESIAN_POINT('',(7.5E-05,-0.00655,0.0045));
#2274=CARTESIAN_POINT('',(7.5E-05,-0.00655,0.0045));
#2275=CARTESIAN_POINT('',(7.5E-05,-0.0049,0.0045));
#2276=CARTESIAN_POINT('',(7.5E-05,-0.00325,0.0045));
#2277=CARTESIAN_POINT('',(7.5E-05,-0.00325,0.0045));
#2278=CARTESIAN_POINT('',(0.,-0.00325,0.0045));
#2279=CARTESIAN_POINT('',(0.,-0.00325,0.0045));
#2280=CARTESIAN_POINT('',(-7.5E-05,-0.00325,0.0045));
#2281=CARTESIAN_POINT('',(-7.5E-05,-0.00325,0.0045));
#2282=CARTESIAN_POINT('',(-7.5E-05,-0.0049,0.0045));
#2283=CARTESIAN_POINT('',(-7.5E-05,-0.0049,0.0045));
#2284=CARTESIAN_POINT('',(-7.5E-05,-0.00655,0.0045));
#2285=CARTESIAN_POINT('',(-7.5E-05,-0.00655,0.0045));
#2286=CARTESIAN_POINT('',(0.,-0.00655,0.0045));
#2287=CARTESIAN_POINT('',(0.,-0.00655,0.0045));
#2288=CARTESIAN_POINT('',(0.,0.,0.0045));
#2289=CARTESIAN_POINT('',(0.,0.00325,0.0045));
#2290=CARTESIAN_POINT('',(-7.5E-05,0.00325,0.0045));
#2291=CARTESIAN_POINT('',(-7.5E-05,0.00325,0.0045));
#2292=CARTESIAN_POINT('',(0.,0.00325,0.0045));
#2293=CARTESIAN_POINT('',(7.5E-05,0.00325,0.0045));
#2294=CARTESIAN_POINT('',(7.5E-05,0.00325,0.0045));
#2295=CARTESIAN_POINT('',(7.5E-05,0.0049,0.0045));
#2296=CARTESIAN_POINT('',(7.5E-05,0.0049,0.0045));
#2297=CARTESIAN_POINT('',(7.5E-05,0.00655,0.0045));
#2298=CARTESIAN_POINT('',(7.5E-05,0.00655,0.0045));
#2299=CARTESIAN_POINT('',(0.,0.00655,0.0045));
#2300=CARTESIAN_POINT('',(0.,0.00655,0.0045));
#2301=CARTESIAN_POINT('',(-7.5E-05,0.00655,0.0045));
#2302=CARTESIAN_POINT('',(-7.5E-05,0.00655,0.0045));
#2303=CARTESIAN_POINT('',(-7.5E-05,0.0049,0.0045));
#2304=CARTESIAN_POINT('',(-7.5E-05,0.0049,0.0045));
#2305=CARTESIAN_POINT('',(0.,0.,0.0045));
#2306=CARTESIAN_POINT('',(0.0058,0.00604905067425995,-0.000126149135804099));
#2307=CARTESIAN_POINT('',(0.0058,0.00605819525410907,0.000528754606142063));
#2308=CARTESIAN_POINT('',(0.0058,0.00599385273994186,0.00118881080446229));
#2309=CARTESIAN_POINT('',(0.0058,0.00565407734065242,0.00276175130790341));
#2310=CARTESIAN_POINT('',(0.0058,0.00529017142221296,0.00367669429037201));
#2311=CARTESIAN_POINT('',(0.0058,0.00424059024685147,0.00529471314885475));
#2312=CARTESIAN_POINT('',(0.0058,0.00354942779341219,0.00600463632134995));
#2313=CARTESIAN_POINT('',(0.0058,0.00190185303296208,0.00701730513804183));
#2314=CARTESIAN_POINT('',(0.0058,0.000952502387273124,0.00730461804652322));
#2315=CARTESIAN_POINT('',(0.0058,-0.000506278800170777,0.00729763043594551));
#2316=CARTESIAN_POINT('',(0.0058,-0.000993945806831241,0.00722287832908851));
#2317=CARTESIAN_POINT('',(0.0058,-0.00191094437012979,0.00694613249734767));
#2318=CARTESIAN_POINT('',(0.0058,-0.00234713444059268,0.00674660985490783));
#2319=CARTESIAN_POINT('',(0.0058,-0.00357852836781055,0.00598052513451673));
#2320=CARTESIAN_POINT('',(0.0058,-0.00426289751000574,0.00526745619097957));
#2321=CARTESIAN_POINT('',(0.0058,-0.0050399522351885,0.00405867914198196));
#2322=CARTESIAN_POINT('',(0.0058,-0.00525699861105432,0.00363473881348772));
#2323=CARTESIAN_POINT('',(0.0058,-0.00561611745862732,0.00275007353239436));
#2324=CARTESIAN_POINT('',(0.0058,-0.00575838552944928,0.00228291049746209));
#2325=CARTESIAN_POINT('',(0.0058,-0.00598658226652915,0.00121719272415056));
#2326=CARTESIAN_POINT('',(0.0058,-0.00605043043346749,0.000609866442585102));
#2327=CARTESIAN_POINT('',(0.0058,-0.00605020651066556,-1.48041212550461E-08));
#2328=CARTESIAN_POINT('',(0.0036,0.00824888254194225,-0.000157882608377226));
#2329=CARTESIAN_POINT('',(0.0036,0.00826047596682621,0.000661934846654454));
#2330=CARTESIAN_POINT('',(0.0036,0.00818002600650749,0.00148789068454826));
#2331=CARTESIAN_POINT('',(0.0036,0.00775231181175015,0.00346751921460742));
#2332=CARTESIAN_POINT('',(0.0036,0.00729366750297814,0.00463068696897424));
#2333=CARTESIAN_POINT('',(0.0036,0.00592934308691636,0.00673389783656481));
#2334=CARTESIAN_POINT('',(0.0036,0.00501270921643764,0.00768627392911552));
#2335=CARTESIAN_POINT('',(0.0036,0.00273709646901376,0.00908757150988511));
#2336=CARTESIAN_POINT('',(0.0036,0.00137610611214804,0.009506595047214));
#2337=CARTESIAN_POINT('',(0.0036,-0.000731387318667505,0.00949661510714328));
#2338=CARTESIAN_POINT('',(0.0036,-0.00143377124821942,0.00938820166005527));
#2339=CARTESIAN_POINT('',(0.0036,-0.00273943125532022,0.0089940482816281));
#2340=CARTESIAN_POINT('',(0.0036,-0.00335245889589327,0.00871260883184264));
#2341=CARTESIAN_POINT('',(0.0036,-0.0050522847863046,0.00765378538188754));
#2342=CARTESIAN_POINT('',(0.0036,-0.00595858315747098,0.00669806272700819));
#2343=CARTESIAN_POINT('',(0.0036,-0.0069682925553013,0.00512741823664536));
#2344=CARTESIAN_POINT('',(0.0036,-0.00724655085898222,0.00458266779205518));
#2345=CARTESIAN_POINT('',(0.0036,-0.0077041318207555,0.00345545956935056));
#2346=CARTESIAN_POINT('',(0.0036,-0.00788362532476452,0.00286484101735052));
#2347=CARTESIAN_POINT('',(0.0036,-0.0081708613176405,0.00152365011568808));
#2348=CARTESIAN_POINT('',(0.0036,-0.00825076289608869,0.000763428332043349));
#2349=CARTESIAN_POINT('',(0.0036,-0.00825035691503869,-1.89802706104109E-10));
#2350=CARTESIAN_POINT('',(0.00579999574883714,-0.002473950586194,0.006656561096045));
#2351=CARTESIAN_POINT('',(0.0057304117057141,-0.00173818003430062,0.0071363414162214));
#2352=CARTESIAN_POINT('',(0.00566959314599156,-9.47125728653078E-06,0.00766336968910867));
#2353=CARTESIAN_POINT('',(0.00573042564236397,0.00173713371700353,0.00713693020154137));
#2354=CARTESIAN_POINT('',(0.00579999578177586,0.00247326665324145,0.00665708869449632));
#2355=CARTESIAN_POINT('',(-0.0036,0.00825035691503869,-1.89802677969062E-10));
#2356=CARTESIAN_POINT('',(-0.0036,0.00825076289608869,0.000763428332043367));
#2357=CARTESIAN_POINT('',(-0.0036,0.0081708613176405,0.00152365011568809));
#2358=CARTESIAN_POINT('',(-0.0036,0.00788362532476452,0.00286484101735052));
#2359=CARTESIAN_POINT('',(-0.0036,0.0077041318207555,0.00345545956935057));
#2360=CARTESIAN_POINT('',(-0.0036,0.00724655085898222,0.00458266779205518));
#2361=CARTESIAN_POINT('',(-0.0036,0.00696829255530131,0.00512741823664535));
#2362=CARTESIAN_POINT('',(-0.0036,0.005958583157471,0.00669806272700817));
#2363=CARTESIAN_POINT('',(-0.0036,0.00505228478630458,0.00765378538188757));
#2364=CARTESIAN_POINT('',(-0.0036,0.00335245889589326,0.00871260883184264));
#2365=CARTESIAN_POINT('',(-0.0036,0.00273943125532022,0.0089940482816281));
#2366=CARTESIAN_POINT('',(-0.0036,0.00143377124821941,0.00938820166005527));
#2367=CARTESIAN_POINT('',(-0.0036,0.000731387318667503,0.00949661510714328));
#2368=CARTESIAN_POINT('',(-0.0036,-0.00137610611214803,0.009506595047214));
#2369=CARTESIAN_POINT('',(-0.0036,-0.00273709646901376,0.00908757150988511));
#2370=CARTESIAN_POINT('',(-0.0036,-0.00501270921643762,0.00768627392911553));
#2371=CARTESIAN_POINT('',(-0.0036,-0.00592934308691637,0.0067338978365648));
#2372=CARTESIAN_POINT('',(-0.0036,-0.00729366750297814,0.00463068696897423));
#2373=CARTESIAN_POINT('',(-0.0036,-0.00775231181175015,0.00346751921460741));
#2374=CARTESIAN_POINT('',(-0.0036,-0.00818002600650749,0.00148789068454827));
#2375=CARTESIAN_POINT('',(-0.0036,-0.00826047596682621,0.000661934846654469));
#2376=CARTESIAN_POINT('',(-0.0036,-0.00824888254194225,-0.000157882608377195));
#2377=CARTESIAN_POINT('',(-0.0058,0.00605020651066557,-1.48041212326032E-08));
#2378=CARTESIAN_POINT('',(-0.0058,0.0060504304334675,0.000609866442585116));
#2379=CARTESIAN_POINT('',(-0.0058,0.00598658226652916,0.00121719272415057));
#2380=CARTESIAN_POINT('',(-0.0058,0.00575838552944929,0.0022829104974621));
#2381=CARTESIAN_POINT('',(-0.0058,0.00561611745862733,0.00275007353239437));
#2382=CARTESIAN_POINT('',(-0.0058,0.00525699861105433,0.00363473881348773));
#2383=CARTESIAN_POINT('',(-0.0058,0.00503995223518851,0.00405867914198196));
#2384=CARTESIAN_POINT('',(-0.0058,0.00426289751000577,0.00526745619097956));
#2385=CARTESIAN_POINT('',(-0.0058,0.00357852836781054,0.00598052513451675));
#2386=CARTESIAN_POINT('',(-0.0058,0.00234713444059268,0.00674660985490784));
#2387=CARTESIAN_POINT('',(-0.0058,0.00191094437012979,0.00694613249734768));
#2388=CARTESIAN_POINT('',(-0.0058,0.000993945806831236,0.00722287832908852));
#2389=CARTESIAN_POINT('',(-0.0058,0.000506278800170776,0.00729763043594552));
#2390=CARTESIAN_POINT('',(-0.0058,-0.000952502387273124,0.00730461804652323));
#2391=CARTESIAN_POINT('',(-0.0058,-0.00190185303296209,0.00701730513804184));
#2392=CARTESIAN_POINT('',(-0.0058,-0.00354942779341219,0.00600463632134997));
#2393=CARTESIAN_POINT('',(-0.0058,-0.00424059024685149,0.00529471314885475));
#2394=CARTESIAN_POINT('',(-0.0058,-0.00529017142221298,0.00367669429037201));
#2395=CARTESIAN_POINT('',(-0.0058,-0.00565407734065243,0.00276175130790341));
#2396=CARTESIAN_POINT('',(-0.0058,-0.00599385273994188,0.0011888108044623));
#2397=CARTESIAN_POINT('',(-0.0058,-0.00605819525410909,0.000528754606142075));
#2398=CARTESIAN_POINT('',(-0.0058,-0.00604905067425996,-0.000126149135804074));
#2399=CARTESIAN_POINT('',(-0.00579999574883715,0.00247395058619405,0.00665656109604497));
#2400=CARTESIAN_POINT('',(-0.0057304117057141,0.00173818003430068,0.00713634141622139));
#2401=CARTESIAN_POINT('',(-0.00566959314599156,9.47125728657393E-06,0.00766336968910868));
#2402=CARTESIAN_POINT('',(-0.00573042564236398,-0.0017371337170035,0.00713693020154139));
#2403=CARTESIAN_POINT('',(-0.00579999578177587,-0.00247326665324143,0.00665708869449634));
#2404=CARTESIAN_POINT('',(0.005,-0.00325,0.00345));
#2405=CARTESIAN_POINT('',(0.0058,-0.00405,0.00345));
#2406=CARTESIAN_POINT('',(0.005,0.,0.00345));
#2407=CARTESIAN_POINT('',(0.0058,0.00405,0.00345));
#2408=CARTESIAN_POINT('',(0.0058,0.00405,0.));
#2409=CARTESIAN_POINT('',(-0.0058,-0.00405,0.));
#2410=CARTESIAN_POINT('',(-0.005,-0.00325,0.00345));
#2411=CARTESIAN_POINT('',(-0.0058,0.,0.00345));
#2412=CARTESIAN_POINT('',(-0.005,0.00325,0.00345));
#2413=CARTESIAN_POINT('',(-0.005,0.00325,0.00345));
#2414=CARTESIAN_POINT('',(0.00456135897423384,-0.00325,0.0033));
#2415=CARTESIAN_POINT('',(0.00440077121792238,-0.00361715028099446,0.0023));
#2416=CARTESIAN_POINT('',(0.0044543004700262,-0.00349476685399631,0.0023));
#2417=CARTESIAN_POINT('',(0.00450782972213002,-0.00337238342699815,0.0023));
#2418=CARTESIAN_POINT('',(0.00456135897423384,-0.00325,0.0023));
#2419=CARTESIAN_POINT('',(0.00456135897423384,-0.00325,0.0023));
#2420=CARTESIAN_POINT('',(0.00456709143436711,-0.00325,0.00272128768919011));
#2421=CARTESIAN_POINT('',(0.0042739698126431,-0.00325,0.00309533775965254));
#2422=CARTESIAN_POINT('',(0.00352362435463897,-0.00325,0.00344395002761832));
#2423=CARTESIAN_POINT('',(0.0031029640687429,-0.00325,0.00347240418096805));
#2424=CARTESIAN_POINT('',(0.00229021981974868,-0.00325,0.00347221778701015));
#2425=CARTESIAN_POINT('',(0.00186769242989123,-0.00325,0.00344280289472093));
#2426=CARTESIAN_POINT('',(0.00112253377303987,-0.00325,0.00309057412941965));
#2427=CARTESIAN_POINT('',(0.000834259639934937,-0.00325,0.00272172913347374));
#2428=CARTESIAN_POINT('',(0.000838641025766164,-0.00325,0.0023));
#2429=CARTESIAN_POINT('',(0.00440077121792238,-0.00361715028099446,0.0023));
#2430=CARTESIAN_POINT('',(0.00440520485692284,-0.00361731740197889,0.00265157607477899));
#2431=CARTESIAN_POINT('',(0.00415440291657317,-0.00360638520156683,0.00296373033623445));
#2432=CARTESIAN_POINT('',(0.00348836183885609,-0.0035694134144574,0.0032546582509714));
#2433=CARTESIAN_POINT('',(0.00309341081028759,-0.00354172664119498,0.00327840328679442));
#2434=CARTESIAN_POINT('',(0.00229998067153662,-0.00354207380370428,0.00327824773694458));
#2435=CARTESIAN_POINT('',(0.00190375710010896,-0.00356991135328401,0.00325370095123525));
#2436=CARTESIAN_POINT('',(0.00124262997494494,-0.00360649698296972,0.00295975494281671));
#2437=CARTESIAN_POINT('',(0.000995959500528922,-0.0036172588239323,0.00265194447208199));
#2438=CARTESIAN_POINT('',(0.000999228782077623,-0.00361715028099446,0.0023));
#2439=CARTESIAN_POINT('',(0.000838641025766164,-0.00325,0.0023));
#2440=CARTESIAN_POINT('',(0.000892170277869984,-0.00337238342699815,0.0023));
#2441=CARTESIAN_POINT('',(0.000945699529973803,-0.00349476685399631,0.0023));
#2442=CARTESIAN_POINT('',(0.000999228782077623,-0.00361715028099446,0.0023));
#2443=CARTESIAN_POINT('',(0.000838641025766164,-0.00325,0.0033));
#2444=CARTESIAN_POINT('',(-0.000999228782077623,-0.00361715028099446,0.0033));
#2445=CARTESIAN_POINT('',(-0.000999228782077623,-0.00361715028099446,0.0023));
#2446=CARTESIAN_POINT('',(-0.000945699529973803,-0.00349476685399631,0.0023));
#2447=CARTESIAN_POINT('',(-0.000892170277869983,-0.00337238342699815,0.0023));
#2448=CARTESIAN_POINT('',(-0.000838641025766164,-0.00325,0.0023));
#2449=CARTESIAN_POINT('',(-0.000838641025766163,-0.00325,0.0023));
#2450=CARTESIAN_POINT('',(-0.000832908565632883,-0.00325,0.00272128768919011));
#2451=CARTESIAN_POINT('',(-0.0011260301873569,-0.00325,0.00309533775965254));
#2452=CARTESIAN_POINT('',(-0.00187637564536102,-0.00325,0.00344395002761832));
#2453=CARTESIAN_POINT('',(-0.0022970359312571,-0.00325,0.00347240418096805));
#2454=CARTESIAN_POINT('',(-0.00310978018025132,-0.00325,0.00347221778701015));
#2455=CARTESIAN_POINT('',(-0.00353230757010877,-0.00325,0.00344280289472093));
#2456=CARTESIAN_POINT('',(-0.00427746622696012,-0.00325,0.00309057412941965));
#2457=CARTESIAN_POINT('',(-0.00456574036006506,-0.00325,0.00272172913347374));
#2458=CARTESIAN_POINT('',(-0.00456135897423384,-0.00325,0.0023));
#2459=CARTESIAN_POINT('',(-0.000999228782077623,-0.00361715028099446,0.0023));
#2460=CARTESIAN_POINT('',(-0.000994795143077157,-0.00361731740197889,0.00265157607477899));
#2461=CARTESIAN_POINT('',(-0.00124559708342683,-0.00360638520156683,0.00296373033623445));
#2462=CARTESIAN_POINT('',(-0.00191163816114392,-0.0035694134144574,0.0032546582509714));
#2463=CARTESIAN_POINT('',(-0.00230658918971241,-0.00354172664119498,0.00327840328679442));
#2464=CARTESIAN_POINT('',(-0.00310001932846338,-0.00354207380370428,0.00327824773694458));
#2465=CARTESIAN_POINT('',(-0.00349624289989105,-0.00356991135328401,0.00325370095123525));
#2466=CARTESIAN_POINT('',(-0.00415737002505506,-0.00360649698296973,0.00295975494281671));
#2467=CARTESIAN_POINT('',(-0.00440404049947108,-0.0036172588239323,0.00265194447208199));
#2468=CARTESIAN_POINT('',(-0.00440077121792238,-0.00361715028099446,0.0023));
#2469=CARTESIAN_POINT('',(-0.00456135897423384,-0.00325,0.0023));
#2470=CARTESIAN_POINT('',(-0.00450782972213002,-0.00337238342699815,0.0023));
#2471=CARTESIAN_POINT('',(-0.0044543004700262,-0.00349476685399631,0.0023));
#2472=CARTESIAN_POINT('',(-0.00440077121792238,-0.00361715028099446,0.0023));
#2473=CARTESIAN_POINT('',(-0.00440077121792238,-0.00361715028099446,0.0033));
#2474=CARTESIAN_POINT('',(-0.00440077121792238,0.00361715028099446,0.0033));
#2475=CARTESIAN_POINT('',(-0.00440077121792238,0.00361715028099446,0.0023));
#2476=CARTESIAN_POINT('',(-0.0044543004700262,0.00349476685399631,0.0023));
#2477=CARTESIAN_POINT('',(-0.00450782972213002,0.00337238342699815,0.0023));
#2478=CARTESIAN_POINT('',(-0.00456135897423384,0.00325,0.0023));
#2479=CARTESIAN_POINT('',(-0.00456135897423383,0.00325,0.0023));
#2480=CARTESIAN_POINT('',(-0.00456574036006506,0.00325,0.00272172913347374));
#2481=CARTESIAN_POINT('',(-0.00427746622696013,0.00325,0.00309057412941965));
#2482=CARTESIAN_POINT('',(-0.00353230757010877,0.00325,0.00344280289472093));
#2483=CARTESIAN_POINT('',(-0.00310978018025132,0.00325,0.00347221778701015));
#2484=CARTESIAN_POINT('',(-0.0022970359312571,0.00325,0.00347240418096805));
#2485=CARTESIAN_POINT('',(-0.00187637564536102,0.00325,0.00344395002761832));
#2486=CARTESIAN_POINT('',(-0.0011260301873569,0.00325,0.00309533775965254));
#2487=CARTESIAN_POINT('',(-0.000832908565632882,0.00325,0.00272128768919011));
#2488=CARTESIAN_POINT('',(-0.000838641025766165,0.00325,0.0023));
#2489=CARTESIAN_POINT('',(-0.00440077121792238,0.00361715028099446,0.0023));
#2490=CARTESIAN_POINT('',(-0.00440404049947108,0.0036172588239323,0.002651944472082));
#2491=CARTESIAN_POINT('',(-0.00415737002505506,0.00360649698296972,0.00295975494281671));
#2492=CARTESIAN_POINT('',(-0.00349624289989105,0.00356991135328401,0.00325370095123525));
#2493=CARTESIAN_POINT('',(-0.00310001932846338,0.00354207380370428,0.00327824773694458));
#2494=CARTESIAN_POINT('',(-0.00230658918971241,0.00354172664119498,0.00327840328679442));
#2495=CARTESIAN_POINT('',(-0.00191163816114392,0.00356941341445739,0.0032546582509714));
#2496=CARTESIAN_POINT('',(-0.00124559708342683,0.00360638520156683,0.00296373033623445));
#2497=CARTESIAN_POINT('',(-0.000994795143077159,0.00361731740197889,0.00265157607477899));
#2498=CARTESIAN_POINT('',(-0.000999228782077624,0.00361715028099446,0.0023));
#2499=CARTESIAN_POINT('',(-0.000838641025766164,0.00325,0.0023));
#2500=CARTESIAN_POINT('',(-0.000892170277869984,0.00337238342699815,0.0023));
#2501=CARTESIAN_POINT('',(-0.000945699529973804,0.00349476685399631,0.0023));
#2502=CARTESIAN_POINT('',(-0.000999228782077624,0.00361715028099446,0.0023));
#2503=CARTESIAN_POINT('',(-0.000999228782077624,0.00361715028099446,0.0033));
#2504=CARTESIAN_POINT('',(0.000838641025766164,0.00325,0.0033));
#2505=CARTESIAN_POINT('',(0.000999228782077623,0.00361715028099446,0.0023));
#2506=CARTESIAN_POINT('',(0.000945699529973803,0.00349476685399631,0.0023));
#2507=CARTESIAN_POINT('',(0.000892170277869983,0.00337238342699815,0.0023));
#2508=CARTESIAN_POINT('',(0.000838641025766164,0.00325,0.0023));
#2509=CARTESIAN_POINT('',(0.000838641025766164,0.00325,0.0023));
#2510=CARTESIAN_POINT('',(0.000834259639934937,0.00325,0.00272172913347374));
#2511=CARTESIAN_POINT('',(0.00112253377303987,0.00325,0.00309057412941965));
#2512=CARTESIAN_POINT('',(0.00186769242989123,0.00325,0.00344280289472093));
#2513=CARTESIAN_POINT('',(0.00229021981974868,0.00325,0.00347221778701015));
#2514=CARTESIAN_POINT('',(0.0031029640687429,0.00325,0.00347240418096805));
#2515=CARTESIAN_POINT('',(0.00352362435463898,0.00325,0.00344395002761832));
#2516=CARTESIAN_POINT('',(0.0042739698126431,0.00325,0.00309533775965254));
#2517=CARTESIAN_POINT('',(0.00456709143436712,0.00325,0.00272128768919011));
#2518=CARTESIAN_POINT('',(0.00456135897423384,0.00325,0.0023));
#2519=CARTESIAN_POINT('',(0.000999228782077623,0.00361715028099446,0.0023));
#2520=CARTESIAN_POINT('',(0.000995959500528922,0.0036172588239323,0.002651944472082));
#2521=CARTESIAN_POINT('',(0.00124262997494494,0.00360649698296972,0.00295975494281671));
#2522=CARTESIAN_POINT('',(0.00190375710010896,0.00356991135328401,0.00325370095123525));
#2523=CARTESIAN_POINT('',(0.00229998067153662,0.00354207380370428,0.00327824773694458));
#2524=CARTESIAN_POINT('',(0.00309341081028759,0.00354172664119498,0.00327840328679442));
#2525=CARTESIAN_POINT('',(0.00348836183885609,0.0035694134144574,0.0032546582509714));
#2526=CARTESIAN_POINT('',(0.00415440291657317,0.00360638520156683,0.00296373033623445));
#2527=CARTESIAN_POINT('',(0.00440520485692284,0.00361731740197889,0.00265157607477899));
#2528=CARTESIAN_POINT('',(0.00440077121792238,0.00361715028099446,0.0023));
#2529=CARTESIAN_POINT('',(0.00456135897423384,0.00325,0.0023));
#2530=CARTESIAN_POINT('',(0.00450782972213002,0.00337238342699815,0.0023));
#2531=CARTESIAN_POINT('',(0.0044543004700262,0.00349476685399631,0.0023));
#2532=CARTESIAN_POINT('',(0.00440077121792238,0.00361715028099446,0.0023));
#2533=CARTESIAN_POINT('',(0.00456135897423384,0.00325,0.0033));
#2534=MECHANICAL_DESIGN_GEOMETRIC_PRESENTATION_REPRESENTATION('',(#1347),#2535);
#2535=(
GEOMETRIC_REPRESENTATION_CONTEXT(3)
GLOBAL_UNCERTAINTY_ASSIGNED_CONTEXT((#2536))
GLOBAL_UNIT_ASSIGNED_CONTEXT((#2539,#2538,#2537))
REPRESENTATION_CONTEXT('CableClip','TOP_LEVEL_ASSEMBLY_PART')
);
#2536=UNCERTAINTY_MEASURE_WITH_UNIT(LENGTH_MEASURE(2.E-05),#2539,'DISTANCE_ACCURACY_VALUE','Maximum Tolerance applied to model');
#2537=(
NAMED_UNIT(*)
SI_UNIT($,.STERADIAN.)
SOLID_ANGLE_UNIT()
);
#2538=(
NAMED_UNIT(*)
PLANE_ANGLE_UNIT()
SI_UNIT($,.RADIAN.)
);
#2539=(
LENGTH_UNIT()
NAMED_UNIT(*)
SI_UNIT($,.METRE.)
);
#2540=PRODUCT_DEFINITION_SHAPE('','',#2541);
#2541=PRODUCT_DEFINITION('','',#2543,#2542);
#2542=PRODUCT_DEFINITION_CONTEXT('',#2549,'design');
#2543=PRODUCT_DEFINITION_FORMATION_WITH_SPECIFIED_SOURCE('','',#2545,.NOT_KNOWN.);
#2544=PRODUCT_RELATED_PRODUCT_CATEGORY('','',(#2545));
#2545=PRODUCT('CableClip','CableClip','CableClip',(#2547));
#2546=PRODUCT_CATEGORY('','');
#2547=PRODUCT_CONTEXT('',#2549,'mechanical');
#2548=APPLICATION_PROTOCOL_DEFINITION('international standard','ap242_managed_model_based_3d_engineering',2020,#2549);
#2549=APPLICATION_CONTEXT('managed model based 3d engineering');
ENDSEC;
END-ISO-10303-21;
