solid OpenSCAD_Model
  facet normal 0 0 -1
    outer loop
      vertex -53.75 -25.349999999999998 -4.05
      vertex -53.75 25.349999999999998 -4.05
      vertex -53.69866916824286 -24.566842846679688 -4.05
    endloop
  endfacet
  facet normal 0 0 -1
    outer loop
      vertex -53.69866916824286 -24.566842846679688 -4.05
      vertex -53.69866916824286 24.566842846679688 -4.05
      vertex -53.54555495773441 -23.797085729384875 -4.05
    endloop
  endfacet
  facet normal 0 0 -1
    outer loop
      vertex -53.54555495773441 -23.797085729384875 -4.05
      vertex -53.54555495773441 23.797085729384875 -4.05
      vertex -53.293277195067716 -23.05389940580946 -4.05
    endloop
  endfacet
  facet normal 0 0 -1
    outer loop
      vertex -53.293277195067716 -23.05389940580946 -4.05
      vertex -53.293277195067716 23.05389940580946 -4.05
      vertex -52.94615242270663 -22.349999999999998 -4.05
    endloop
  endfacet
  facet normal 0 0 -1
    outer loop
      vertex -52.94615242270663 -22.349999999999998 -4.05
      vertex -52.94615242270663 22.349999999999998 -4.05
      vertex -52.51012004174741 -21.697431425947673 -4.05
    endloop
  endfacet
  facet normal 0 0 -1
    outer loop
      vertex -52.51012004174741 -21.697431425947673 -4.05
      vertex -52.51012004174741 21.697431425947673 -4.05
      vertex -51.992640687119284 -21.10735931288071 -4.05
    endloop
  endfacet
  facet normal 0 0 -1
    outer loop
      vertex -51.992640687119284 -21.10735931288071 -4.05
      vertex -51.992640687119284 21.10735931288071 -4.05
      vertex -51.402568574052324 -20.589879958252588 -4.05
    endloop
  endfacet
  facet normal 0 0 -1
    outer loop
      vertex -51.402568574052324 -20.589879958252588 -4.05
      vertex -51.402568574052324 20.589879958252588 -4.05
      vertex -50.75 -20.153847577293366 -4.05
    endloop
  endfacet
  facet normal 0 0 -1
    outer loop
      vertex -50.75 -20.153847577293366 -4.05
      vertex -50.75 20.153847577293366 -4.05
      vertex -50.04610059419054 -19.806722804932278 -4.05
    endloop
  endfacet
  facet normal 0 0 -1
    outer loop
      vertex -50.04610059419054 -19.806722804932278 -4.05
      vertex -50.04610059419054 19.806722804932278 -4.05
      vertex -49.302914270615126 -19.554445042265588 -4.05
    endloop
  endfacet
  facet normal 0 0 -1
    outer loop
      vertex -49.302914270615126 -19.554445042265588 -4.05
      vertex -49.302914270615126 19.554445042265588 -4.05
      vertex -48.75 -19.444463555739535 -4.05
    endloop
  endfacet
  facet normal 0 0 -1
    outer loop
      vertex -30.849999999999998 -25.349999999999998 -4.05
      vertex -30.849999999999998 25.349999999999998 -4.05
      vertex -28.849999999999998 -25.349999999999998 -4.05
    endloop
  endfacet
  facet normal 0 0 -1
    outer loop
      vertex -10.95 -25.349999999999998 -4.05
      vertex -10.95 25.349999999999998 -4.05
      vertex -8.95 -25.349999999999998 -4.05
    endloop
  endfacet
  facet normal -1 0 0
    outer loop
      vertex -53.75 -25.349999999999998 -4.05
      vertex -53.75 -25.349999999999998 4.05
      vertex -53.75 25.349999999999998 4.05
    endloop
  endfacet
  facet normal 0 0 1
    outer loop
      vertex -53.75 -25.349999999999998 4.05
      vertex -53.69866916824286 -24.566842846679688 4.05
      vertex -53.69866916824286 24.566842846679688 4.05
    endloop
  endfacet
  facet normal 0 0 1
    outer loop
      vertex -53.69866916824286 -24.566842846679688 4.05
      vertex -53.54555495773441 -23.797085729384875 4.05
      vertex -53.54555495773441 23.797085729384875 4.05
    endloop
  endfacet
  facet normal 0 0 1
    outer loop
      vertex -53.54555495773441 -23.797085729384875 4.05
      vertex -53.293277195067716 -23.05389940580946 4.05
      vertex -53.293277195067716 23.05389940580946 4.05
    endloop
  endfacet
  facet normal 0 0 1
    outer loop
      vertex -53.293277195067716 -23.05389940580946 4.05
      vertex -52.94615242270663 -22.349999999999998 4.05
      vertex -52.94615242270663 22.349999999999998 4.05
    endloop
  endfacet
  facet normal 0 0 1
    outer loop
      vertex -52.94615242270663 -22.349999999999998 4.05
      vertex -52.51012004174741 -21.697431425947673 4.05
      vertex -52.51012004174741 21.697431425947673 4.05
    endloop
  endfacet
  facet normal 0 0 1
    outer loop
      vertex -52.51012004174741 -21.697431425947673 4.05
      vertex -51.992640687119284 -21.10735931288071 4.05
      vertex -51.992640687119284 21.10735931288071 4.05
    endloop
  endfacet
  facet normal 0 0 1
    outer loop
      vertex -51.992640687119284 -21.10735931288071 4.05
      vertex -51.402568574052324 -20.589879958252588 4.05
      vertex -51.402568574052324 20.589879958252588 4.05
    endloop
  endfacet
  facet normal 0 0 1
    outer loop
      vertex -51.402568574052324 -20.589879958252588 4.05
      vertex -51.25 -20.487936896253014 4.05
      vertex -51.25 20.487936896253014 4.05
    endloop
  endfacet
  facet normal 0 0 -1
    outer loop
      vertex -52.94615242270663 -22.349999999999998 -4.05
      vertex -53.293277195067716 23.05389940580946 -4.05
      vertex -52.94615242270663 22.349999999999998 -4.05
    endloop
  endfacet
  facet normal 0 0 -1
    outer loop
      vertex -51.992640687119284 -21.10735931288071 -4.05
      vertex -52.51012004174741 21.697431425947673 -4.05
      vertex -51.992640687119284 21.10735931288071 -4.05
    endloop
  endfacet
  facet normal 0 0 -1
    outer loop
      vertex -52.51012004174741 -21.697431425947673 -4.05
      vertex -52.94615242270663 22.349999999999998 -4.05
      vertex -52.51012004174741 21.697431425947673 -4.05
    endloop
  endfacet
  facet normal 0 0 -1
    outer loop
      vertex -51.402568574052324 -20.589879958252588 -4.05
      vertex -51.992640687119284 21.10735931288071 -4.05
      vertex -51.402568574052324 20.589879958252588 -4.05
    endloop
  endfacet
  facet normal 0 0 -1
    outer loop
      vertex -50.75 -20.153847577293366 -4.05
      vertex -51.402568574052324 20.589879958252588 -4.05
      vertex -50.75 20.153847577293366 -4.05
    endloop
  endfacet
  facet normal 0 0 -1
    outer loop
      vertex -50.04610059419054 -19.806722804932278 -4.05
      vertex -50.75 20.153847577293366 -4.05
      vertex -50.04610059419054 19.806722804932278 -4.05
    endloop
  endfacet
  facet normal 0 0 -1
    outer loop
      vertex -49.302914270615126 -19.554445042265588 -4.05
      vertex -50.04610059419054 19.806722804932278 -4.05
      vertex -49.302914270615126 19.554445042265588 -4.05
    endloop
  endfacet
  facet normal 0 0 -1
    outer loop
      vertex -49.302914270615126 19.554445042265588 -4.05
      vertex -48.75 19.444463555739535 -4.05
      vertex -48.75 -19.444463555739535 -4.05
    endloop
  endfacet
  facet normal 0 0 -1
    outer loop
      vertex -53.293277195067716 -23.05389940580946 -4.05
      vertex -53.54555495773441 23.797085729384875 -4.05
      vertex -53.293277195067716 23.05389940580946 -4.05
    endloop
  endfacet
  facet normal 0 0 -1
    outer loop
      vertex -53.54555495773441 -23.797085729384875 -4.05
      vertex -53.69866916824286 24.566842846679688 -4.05
      vertex -53.54555495773441 23.797085729384875 -4.05
    endloop
  endfacet
  facet normal 0 0 -1
    outer loop
      vertex -53.69866916824286 -24.566842846679688 -4.05
      vertex -53.75 25.349999999999998 -4.05
      vertex -53.69866916824286 24.566842846679688 -4.05
    endloop
  endfacet
  facet normal 0 0 -1
    outer loop
      vertex -30.849999999999998 25.349999999999998 -4.05
      vertex -28.849999999999998 25.349999999999998 -4.05
      vertex -28.849999999999998 -25.349999999999998 -4.05
    endloop
  endfacet
  facet normal -1 0 0
    outer loop
      vertex -53.75 -25.349999999999998 -4.05
      vertex -53.75 25.349999999999998 4.05
      vertex -53.75 25.349999999999998 -4.05
    endloop
  endfacet
  facet normal 0 0 -1
    outer loop
      vertex -8.95 -25.349999999999998 -4.05
      vertex -10.95 25.349999999999998 -4.05
      vertex -8.95 25.349999999999998 -4.05
    endloop
  endfacet
  facet normal 0 0 1
    outer loop
      vertex -53.54555495773441 -23.797085729384875 4.05
      vertex -53.293277195067716 23.05389940580946 4.05
      vertex -53.54555495773441 23.797085729384875 4.05
    endloop
  endfacet
  facet normal 0 0 1
    outer loop
      vertex -53.293277195067716 -23.05389940580946 4.05
      vertex -52.94615242270663 22.349999999999998 4.05
      vertex -53.293277195067716 23.05389940580946 4.05
    endloop
  endfacet
  facet normal 0 0 1
    outer loop
      vertex -52.94615242270663 -22.349999999999998 4.05
      vertex -52.51012004174741 21.697431425947673 4.05
      vertex -52.94615242270663 22.349999999999998 4.05
    endloop
  endfacet
  facet normal 0 0 1
    outer loop
      vertex -52.51012004174741 -21.697431425947673 4.05
      vertex -51.992640687119284 21.10735931288071 4.05
      vertex -52.51012004174741 21.697431425947673 4.05
    endloop
  endfacet
  facet normal 0 0 1
    outer loop
      vertex -51.402568574052324 -20.589879958252588 4.05
      vertex -51.25 20.487936896253014 4.05
      vertex -51.402568574052324 20.589879958252588 4.05
    endloop
  endfacet
  facet normal 0 0 1
    outer loop
      vertex -51.992640687119284 -21.10735931288071 4.05
      vertex -51.402568574052324 20.589879958252588 4.05
      vertex -51.992640687119284 21.10735931288071 4.05
    endloop
  endfacet
  facet normal 0 0 1
    outer loop
      vertex -53.69866916824286 -24.566842846679688 4.05
      vertex -53.54555495773441 23.797085729384875 4.05
      vertex -53.69866916824286 24.566842846679688 4.05
    endloop
  endfacet
  facet normal 0 0 1
    outer loop
      vertex -53.75 -25.349999999999998 4.05
      vertex -53.69866916824286 24.566842846679688 4.05
      vertex -53.75 25.349999999999998 4.05
    endloop
  endfacet
  facet normal 0 0 -1
    outer loop
      vertex 8.95 -25.349999999999998 -4.05
      vertex 8.95 25.349999999999998 -4.05
      vertex 10.95 -25.349999999999998 -4.05
    endloop
  endfacet
  facet normal 0 0 -1
    outer loop
      vertex 28.849999999999998 -25.349999999999998 -4.05
      vertex 28.849999999999998 25.349999999999998 -4.05
      vertex 30.849999999999998 -25.349999999999998 -4.05
    endloop
  endfacet
  facet normal 0 0 -1
    outer loop
      vertex 53.75 -25.349999999999998 -4.05
      vertex 53.69866916824286 -24.566842846679688 -4.05
      vertex 53.69866916824286 24.566842846679688 -4.05
    endloop
  endfacet
  facet normal 0 0 -1
    outer loop
      vertex 53.69866916824286 -24.566842846679688 -4.05
      vertex 53.54555495773441 -23.797085729384875 -4.05
      vertex 53.54555495773441 23.797085729384875 -4.05
    endloop
  endfacet
  facet normal 0 0 -1
    outer loop
      vertex 53.54555495773441 -23.797085729384875 -4.05
      vertex 53.293277195067716 -23.05389940580946 -4.05
      vertex 53.293277195067716 23.05389940580946 -4.05
    endloop
  endfacet
  facet normal 0 0 -1
    outer loop
      vertex 49.302914270615126 -19.554445042265588 -4.05
      vertex 48.75 -19.444463555739535 -4.05
      vertex 48.75 19.444463555739535 -4.05
    endloop
  endfacet
  facet normal 0 0 -1
    outer loop
      vertex 50.04610059419054 -19.806722804932278 -4.05
      vertex 49.302914270615126 -19.554445042265588 -4.05
      vertex 49.302914270615126 19.554445042265588 -4.05
    endloop
  endfacet
  facet normal 0 0 -1
    outer loop
      vertex 50.04610059419054 -19.806722804932278 -4.05
      vertex 50.04610059419054 19.806722804932278 -4.05
      vertex 50.75 -20.153847577293366 -4.05
    endloop
  endfacet
  facet normal 0 0 -1
    outer loop
      vertex 51.402568574052324 -20.589879958252588 -4.05
      vertex 50.75 -20.153847577293366 -4.05
      vertex 50.75 20.153847577293366 -4.05
    endloop
  endfacet
  facet normal 0 0 -1
    outer loop
      vertex 51.992640687119284 -21.10735931288071 -4.05
      vertex 51.402568574052324 -20.589879958252588 -4.05
      vertex 51.402568574052324 20.589879958252588 -4.05
    endloop
  endfacet
  facet normal 0 0 -1
    outer loop
      vertex 52.51012004174741 -21.697431425947673 -4.05
      vertex 52.51012004174741 21.697431425947673 -4.05
      vertex 52.94615242270663 -22.349999999999998 -4.05
    endloop
  endfacet
  facet normal 0 0 -1
    outer loop
      vertex 52.51012004174741 -21.697431425947673 -4.05
      vertex 51.992640687119284 -21.10735931288071 -4.05
      vertex 51.992640687119284 21.10735931288071 -4.05
    endloop
  endfacet
  facet normal 0 0 -1
    outer loop
      vertex 53.293277195067716 -23.05389940580946 -4.05
      vertex 52.94615242270663 -22.349999999999998 -4.05
      vertex 52.94615242270663 22.349999999999998 -4.05
    endloop
  endfacet
  facet normal 1 0 0
    outer loop
      vertex 53.75 -25.349999999999998 -4.05
      vertex 53.75 25.349999999999998 -4.05
      vertex 53.75 -25.349999999999998 4.05
    endloop
  endfacet
  facet normal 0 0 1
    outer loop
      vertex 53.75 -25.349999999999998 4.05
      vertex 53.75 25.349999999999998 4.05
      vertex 53.69866916824286 -24.566842846679688 4.05
    endloop
  endfacet
  facet normal 0 0 1
    outer loop
      vertex 53.69866916824286 -24.566842846679688 4.05
      vertex 53.69866916824286 24.566842846679688 4.05
      vertex 53.54555495773441 -23.797085729384875 4.05
    endloop
  endfacet
  facet normal 0 0 1
    outer loop
      vertex 51.992640687119284 -21.10735931288071 4.05
      vertex 51.992640687119284 21.10735931288071 4.05
      vertex 51.402568574052324 -20.589879958252588 4.05
    endloop
  endfacet
  facet normal 0 0 1
    outer loop
      vertex 51.402568574052324 -20.589879958252588 4.05
      vertex 51.402568574052324 20.589879958252588 4.05
      vertex 51.25 -20.487936896253014 4.05
    endloop
  endfacet
  facet normal 0 0 1
    outer loop
      vertex 52.51012004174741 -21.697431425947673 4.05
      vertex 52.51012004174741 21.697431425947673 4.05
      vertex 51.992640687119284 -21.10735931288071 4.05
    endloop
  endfacet
  facet normal 0 0 1
    outer loop
      vertex 52.51012004174741 -21.697431425947673 4.05
      vertex 52.94615242270663 -22.349999999999998 4.05
      vertex 52.94615242270663 22.349999999999998 4.05
    endloop
  endfacet
  facet normal 0 0 1
    outer loop
      vertex 53.293277195067716 -23.05389940580946 4.05
      vertex 53.293277195067716 23.05389940580946 4.05
      vertex 52.94615242270663 -22.349999999999998 4.05
    endloop
  endfacet
  facet normal 0 0 1
    outer loop
      vertex 53.54555495773441 -23.797085729384875 4.05
      vertex 53.54555495773441 23.797085729384875 4.05
      vertex 53.293277195067716 -23.05389940580946 4.05
    endloop
  endfacet
  facet normal 0 0 -1
    outer loop
      vertex 10.95 -25.349999999999998 -4.05
      vertex 8.95 25.349999999999998 -4.05
      vertex 10.95 25.349999999999998 -4.05
    endloop
  endfacet
  facet normal 0 0 -1
    outer loop
      vertex 30.849999999999998 -25.349999999999998 -4.05
      vertex 28.849999999999998 25.349999999999998 -4.05
      vertex 30.849999999999998 25.349999999999998 -4.05
    endloop
  endfacet
  facet normal 0 0 -1
    outer loop
      vertex 49.302914270615126 -19.554445042265588 -4.05
      vertex 48.75 19.444463555739535 -4.05
      vertex 49.302914270615126 19.554445042265588 -4.05
    endloop
  endfacet
  facet normal 0 0 -1
    outer loop
      vertex 50.04610059419054 -19.806722804932278 -4.05
      vertex 49.302914270615126 19.554445042265588 -4.05
      vertex 50.04610059419054 19.806722804932278 -4.05
    endloop
  endfacet
  facet normal 0 0 -1
    outer loop
      vertex 50.75 -20.153847577293366 -4.05
      vertex 50.04610059419054 19.806722804932278 -4.05
      vertex 50.75 20.153847577293366 -4.05
    endloop
  endfacet
  facet normal 0 0 -1
    outer loop
      vertex 51.402568574052324 -20.589879958252588 -4.05
      vertex 50.75 20.153847577293366 -4.05
      vertex 51.402568574052324 20.589879958252588 -4.05
    endloop
  endfacet
  facet normal 0 0 -1
    outer loop
      vertex 51.992640687119284 -21.10735931288071 -4.05
      vertex 51.402568574052324 20.589879958252588 -4.05
      vertex 51.992640687119284 21.10735931288071 -4.05
    endloop
  endfacet
  facet normal 0 0 -1
    outer loop
      vertex 52.51012004174741 -21.697431425947673 -4.05
      vertex 51.992640687119284 21.10735931288071 -4.05
      vertex 52.51012004174741 21.697431425947673 -4.05
    endloop
  endfacet
  facet normal 0 0 -1
    outer loop
      vertex 52.94615242270663 -22.349999999999998 -4.05
      vertex 52.51012004174741 21.697431425947673 -4.05
      vertex 52.94615242270663 22.349999999999998 -4.05
    endloop
  endfacet
  facet normal 0 0 -1
    outer loop
      vertex 53.293277195067716 -23.05389940580946 -4.05
      vertex 52.94615242270663 22.349999999999998 -4.05
      vertex 53.293277195067716 23.05389940580946 -4.05
    endloop
  endfacet
  facet normal 0 0 -1
    outer loop
      vertex 53.54555495773441 -23.797085729384875 -4.05
      vertex 53.293277195067716 23.05389940580946 -4.05
      vertex 53.54555495773441 23.797085729384875 -4.05
    endloop
  endfacet
  facet normal 0 0 -1
    outer loop
      vertex 53.69866916824286 -24.566842846679688 -4.05
      vertex 53.54555495773441 23.797085729384875 -4.05
      vertex 53.69866916824286 24.566842846679688 -4.05
    endloop
  endfacet
  facet normal 0 0 -1
    outer loop
      vertex 53.75 -25.349999999999998 -4.05
      vertex 53.69866916824286 24.566842846679688 -4.05
      vertex 53.75 25.349999999999998 -4.05
    endloop
  endfacet
  facet normal 1 0 0
    outer loop
      vertex 53.75 -25.349999999999998 4.05
      vertex 53.75 25.349999999999998 -4.05
      vertex 53.75 25.349999999999998 4.05
    endloop
  endfacet
  facet normal 0 0 1
    outer loop
      vertex 51.402568574052324 20.589879958252588 4.05
      vertex 51.25 20.487936896253014 4.05
      vertex 51.25 -20.487936896253014 4.05
    endloop
  endfacet
  facet normal 0 0 1
    outer loop
      vertex 51.402568574052324 -20.589879958252588 4.05
      vertex 51.992640687119284 21.10735931288071 4.05
      vertex 51.402568574052324 20.589879958252588 4.05
    endloop
  endfacet
  facet normal 0 0 1
    outer loop
      vertex 51.992640687119284 -21.10735931288071 4.05
      vertex 52.51012004174741 21.697431425947673 4.05
      vertex 51.992640687119284 21.10735931288071 4.05
    endloop
  endfacet
  facet normal 0 0 1
    outer loop
      vertex 52.51012004174741 -21.697431425947673 4.05
      vertex 52.94615242270663 22.349999999999998 4.05
      vertex 52.51012004174741 21.697431425947673 4.05
    endloop
  endfacet
  facet normal 0 0 1
    outer loop
      vertex 52.94615242270663 -22.349999999999998 4.05
      vertex 53.293277195067716 23.05389940580946 4.05
      vertex 52.94615242270663 22.349999999999998 4.05
    endloop
  endfacet
  facet normal 0 0 1
    outer loop
      vertex 53.293277195067716 -23.05389940580946 4.05
      vertex 53.54555495773441 23.797085729384875 4.05
      vertex 53.293277195067716 23.05389940580946 4.05
    endloop
  endfacet
  facet normal 0 0 1
    outer loop
      vertex 53.54555495773441 -23.797085729384875 4.05
      vertex 53.69866916824286 24.566842846679688 4.05
      vertex 53.54555495773441 23.797085729384875 4.05
    endloop
  endfacet
  facet normal 0 0 1
    outer loop
      vertex 53.69866916824286 -24.566842846679688 4.05
      vertex 53.75 25.349999999999998 4.05
      vertex 53.69866916824286 24.566842846679688 4.05
    endloop
  endfacet
  facet normal 0 0 -1
    outer loop
      vertex -42.55384757729337 -28.349999999999998 -4.05
      vertex -40.724999999999994 -27.349999999999998 -4.05
      vertex -42.58725650918933 -28.4 -4.05
    endloop
  endfacet
  facet normal 0 0 -1
    outer loop
      vertex -42.55384757729337 -28.349999999999998 -4.05
      vertex -42.206722804932284 -27.646100594190536 -4.05
      vertex -40.724999999999994 -27.349999999999998 -4.05
    endloop
  endfacet
  facet normal 0 0 -1
    outer loop
      vertex -42.58725650918933 -28.4 -4.05
      vertex -40.724999999999994 -27.349999999999998 -4.05
      vertex -38.875 -27.349999999999998 -4.05
    endloop
  endfacet
  facet normal 0 0 -1
    outer loop
      vertex -42.206722804932284 -27.646100594190536 -4.05
      vertex -41.95444504226559 -26.90291427061512 -4.05
      vertex -40.724999999999994 -27.349999999999998 -4.05
    endloop
  endfacet
  facet normal 0 0 -1
    outer loop
      vertex -41.95444504226559 -26.90291427061512 -4.05
      vertex -41.80133083175714 -26.133157153320308 -4.05
      vertex -40.724999999999994 -27.349999999999998 -4.05
    endloop
  endfacet
  facet normal 0 0 -1
    outer loop
      vertex -41.80133083175714 -26.133157153320308 -4.05
      vertex -41.75 -25.349999999999998 -4.05
      vertex -40.724999999999994 -27.349999999999998 -4.05
    endloop
  endfacet
  facet normal 0 0 -1
    outer loop
      vertex -40.724999999999994 -27.349999999999998 -4.05
      vertex -41.75 -25.349999999999998 -4.05
      vertex -40.724999999999994 -25.349999999999998 -4.05
    endloop
  endfacet
  facet normal 0 0 -1
    outer loop
      vertex -42.58725650918933 -28.4 -4.05
      vertex -38.875 -27.349999999999998 -4.05
      vertex -31.599999999999998 -28.4 -4.05
    endloop
  endfacet
  facet normal 0 0 -1
    outer loop
      vertex -38.875 -27.349999999999998 -4.05
      vertex -38.875 -25.349999999999998 -4.05
      vertex -31.599999999999998 -28.4 -4.05
    endloop
  endfacet
  facet normal 0 0 -1
    outer loop
      vertex -38.875 -25.349999999999998 -4.05
      vertex -30.849999999999998 -25.349999999999998 -4.05
      vertex -31.599999999999998 -28.4 -4.05
    endloop
  endfacet
  facet normal 0 0 -1
    outer loop
      vertex -31.599999999999998 -28.4 -4.05
      vertex -28.099999999999998 -29.9 -4.05
      vertex -31.599999999999998 -29.9 -4.05
    endloop
  endfacet
  facet normal 0 0 -1
    outer loop
      vertex -31.599999999999998 -28.4 -4.05
      vertex -28.099999999999998 -28.4 -4.05
      vertex -28.099999999999998 -29.9 -4.05
    endloop
  endfacet
  facet normal 0 0 -1
    outer loop
      vertex -30.849999999999998 -25.349999999999998 -4.05
      vertex -20.825 -27.349999999999998 -4.05
      vertex -31.599999999999998 -28.4 -4.05
    endloop
  endfacet
  facet normal 0 0 -1
    outer loop
      vertex -20.825 -27.349999999999998 -4.05
      vertex -28.099999999999998 -28.4 -4.05
      vertex -31.599999999999998 -28.4 -4.05
    endloop
  endfacet
  facet normal 0 0 -1
    outer loop
      vertex -28.099999999999998 -28.4 -4.05
      vertex -20.825 -27.349999999999998 -4.05
      vertex -11.7 -28.4 -4.05
    endloop
  endfacet
  facet normal 0 0 -1
    outer loop
      vertex -20.825 -27.349999999999998 -4.05
      vertex -30.849999999999998 -25.349999999999998 -4.05
      vertex -28.849999999999998 -25.349999999999998 -4.05
    endloop
  endfacet
  facet normal 0 0 -1
    outer loop
      vertex -20.825 -27.349999999999998 -4.05
      vertex -28.849999999999998 -25.349999999999998 -4.05
      vertex -20.825 -25.349999999999998 -4.05
    endloop
  endfacet
  facet normal 0 0 -1
    outer loop
      vertex -18.974999999999998 -27.349999999999998 -4.05
      vertex -11.7 -28.4 -4.05
      vertex -20.825 -27.349999999999998 -4.05
    endloop
  endfacet
  facet normal 0 0 -1
    outer loop
      vertex -47.75 -31.349999999999998 -4.05
      vertex -46.96684284667969 -31.29866916824286 -4.05
      vertex 47.75 -31.349999999999998 -4.05
    endloop
  endfacet
  facet normal 0 0 -1
    outer loop
      vertex -46.96684284667969 -31.29866916824286 -4.05
      vertex -46.197085729384874 -31.145554957734408 -4.05
      vertex 47.75 -31.349999999999998 -4.05
    endloop
  endfacet
  facet normal 0 0 -1
    outer loop
      vertex -46.197085729384874 -31.145554957734408 -4.05
      vertex -45.45389940580946 -30.893277195067718 -4.05
      vertex 47.75 -31.349999999999998 -4.05
    endloop
  endfacet
  facet normal 0 0 -1
    outer loop
      vertex -45.45389940580946 -30.893277195067718 -4.05
      vertex -44.75 -30.54615242270663 -4.05
      vertex 47.75 -31.349999999999998 -4.05
    endloop
  endfacet
  facet normal 0 0 -1
    outer loop
      vertex -44.75 -30.54615242270663 -4.05
      vertex -44.097431425947676 -30.110120041747408 -4.05
      vertex 47.75 -31.349999999999998 -4.05
    endloop
  endfacet
  facet normal 0 0 -1
    outer loop
      vertex -44.097431425947676 -30.110120041747408 -4.05
      vertex -43.85783543835371 -29.9 -4.05
      vertex 46.96684284667969 -31.29866916824286 -4.05
    endloop
  endfacet
  facet normal 0 0 -1
    outer loop
      vertex -11.7 -28.4 -4.05
      vertex -8.2 -29.9 -4.05
      vertex -11.7 -29.9 -4.05
    endloop
  endfacet
  facet normal 0 0 -1
    outer loop
      vertex -18.974999999999998 -27.349999999999998 -4.05
      vertex -8.2 -28.4 -4.05
      vertex -11.7 -28.4 -4.05
    endloop
  endfacet
  facet normal 0 0 -1
    outer loop
      vertex 46.96684284667969 -31.29866916824286 -4.05
      vertex -43.85783543835371 -29.9 -4.05
      vertex -31.599999999999998 -29.9 -4.05
    endloop
  endfacet
  facet normal 0 0 -1
    outer loop
      vertex -11.7 -28.4 -4.05
      vertex -8.2 -28.4 -4.05
      vertex -8.2 -29.9 -4.05
    endloop
  endfacet
  facet normal 0 0 -1
    outer loop
      vertex -18.974999999999998 -27.349999999999998 -4.05
      vertex -18.974999999999998 -25.349999999999998 -4.05
      vertex -0.925 -27.349999999999998 -4.05
    endloop
  endfacet
  facet normal 0 0 -1
    outer loop
      vertex -18.974999999999998 -25.349999999999998 -4.05
      vertex -10.95 -25.349999999999998 -4.05
      vertex -0.925 -27.349999999999998 -4.05
    endloop
  endfacet
  facet normal 0 0 -1
    outer loop
      vertex -0.925 -27.349999999999998 -4.05
      vertex -10.95 -25.349999999999998 -4.05
      vertex -8.95 -25.349999999999998 -4.05
    endloop
  endfacet
  facet normal 0 0 -1
    outer loop
      vertex 46.96684284667969 -31.29866916824286 -4.05
      vertex -31.599999999999998 -29.9 -4.05
      vertex -28.099999999999998 -29.9 -4.05
    endloop
  endfacet
  facet normal 0 0 -1
    outer loop
      vertex -18.974999999999998 -27.349999999999998 -4.05
      vertex 8.2 -28.4 -4.05
      vertex -8.2 -28.4 -4.05
    endloop
  endfacet
  facet normal 0 0 -1
    outer loop
      vertex -18.974999999999998 -27.349999999999998 -4.05
      vertex -0.925 -27.349999999999998 -4.05
      vertex 11.7 -28.4 -4.05
    endloop
  endfacet
  facet normal 0 0 -1
    outer loop
      vertex -0.925 -27.349999999999998 -4.05
      vertex -8.95 -25.349999999999998 -4.05
      vertex -0.925 -25.349999999999998 -4.05
    endloop
  endfacet
  facet normal 0 0 1
    outer loop
      vertex -42.206722804932284 -27.646100594190536 4.05
      vertex -38.875 -27.349999999999998 4.05
      vertex -40.724999999999994 -27.349999999999998 4.05
    endloop
  endfacet
  facet normal 0 0 1
    outer loop
      vertex -42.206722804932284 -27.646100594190536 4.05
      vertex -40.724999999999994 -27.349999999999998 4.05
      vertex -41.95444504226559 -26.90291427061512 4.05
    endloop
  endfacet
  facet normal 0 0 1
    outer loop
      vertex -41.95444504226559 -26.90291427061512 4.05
      vertex -40.724999999999994 -27.349999999999998 4.05
      vertex -40.724999999999994 -25.349999999999998 4.05
    endloop
  endfacet
  facet normal 0 0 1
    outer loop
      vertex -41.95444504226559 -26.90291427061512 4.05
      vertex -40.724999999999994 -25.349999999999998 4.05
      vertex -41.80133083175714 -26.133157153320308 4.05
    endloop
  endfacet
  facet normal 0 0 1
    outer loop
      vertex -41.80133083175714 -26.133157153320308 4.05
      vertex -40.724999999999994 -25.349999999999998 4.05
      vertex -41.75 -25.349999999999998 4.05
    endloop
  endfacet
  facet normal 0 0 1
    outer loop
      vertex -45.45389940580946 -30.893277195067718 4.05
      vertex -28.099999999999998 -29.9 4.05
      vertex -44.75 -30.54615242270663 4.05
    endloop
  endfacet
  facet normal 0 0 1
    outer loop
      vertex -44.75 -30.54615242270663 4.05
      vertex -31.599999999999998 -29.9 4.05
      vertex -44.097431425947676 -30.110120041747408 4.05
    endloop
  endfacet
  facet normal 0 0 1
    outer loop
      vertex -44.097431425947676 -30.110120041747408 4.05
      vertex -31.599999999999998 -29.9 4.05
      vertex -43.85783543835371 -29.9 4.05
    endloop
  endfacet
  facet normal 0 0 1
    outer loop
      vertex -42.55384757729337 -28.349999999999998 4.05
      vertex -42.58725650918933 -28.4 4.05
      vertex -31.599999999999998 -28.4 4.05
    endloop
  endfacet
  facet normal 0 0 1
    outer loop
      vertex -44.75 -30.54615242270663 4.05
      vertex -28.099999999999998 -29.9 4.05
      vertex -31.599999999999998 -29.9 4.05
    endloop
  endfacet
  facet normal 0 0 1
    outer loop
      vertex -42.55384757729337 -28.349999999999998 4.05
      vertex -20.825 -27.349999999999998 4.05
      vertex -42.206722804932284 -27.646100594190536 4.05
    endloop
  endfacet
  facet normal 0 0 1
    outer loop
      vertex -42.206722804932284 -27.646100594190536 4.05
      vertex -20.825 -27.349999999999998 4.05
      vertex -38.875 -27.349999999999998 4.05
    endloop
  endfacet
  facet normal 0 0 1
    outer loop
      vertex -46.197085729384874 -31.145554957734408 4.05
      vertex -8.2 -29.9 4.05
      vertex -45.45389940580946 -30.893277195067718 4.05
    endloop
  endfacet
  facet normal 0 0 1
    outer loop
      vertex -31.599999999999998 -29.9 4.05
      vertex -28.099999999999998 -28.4 4.05
      vertex -31.599999999999998 -28.4 4.05
    endloop
  endfacet
  facet normal 0 0 1
    outer loop
      vertex -31.599999999999998 -29.9 4.05
      vertex -28.099999999999998 -29.9 4.05
      vertex -28.099999999999998 -28.4 4.05
    endloop
  endfacet
  facet normal 0 0 1
    outer loop
      vertex -46.96684284667969 -31.29866916824286 4.05
      vertex 11.7 -29.9 4.05
      vertex -46.197085729384874 -31.145554957734408 4.05
    endloop
  endfacet
  facet normal 0 0 1
    outer loop
      vertex -45.45389940580946 -30.893277195067718 4.05
      vertex -11.7 -29.9 4.05
      vertex -28.099999999999998 -29.9 4.05
    endloop
  endfacet
  facet normal 0 0 1
    outer loop
      vertex -42.55384757729337 -28.349999999999998 4.05
      vertex -18.974999999999998 -27.349999999999998 4.05
      vertex -20.825 -27.349999999999998 4.05
    endloop
  endfacet
  facet normal 0 0 1
    outer loop
      vertex -38.875 -27.349999999999998 4.05
      vertex -20.825 -27.349999999999998 4.05
      vertex -38.875 -25.349999999999998 4.05
    endloop
  endfacet
  facet normal 0 0 1
    outer loop
      vertex -20.825 -27.349999999999998 4.05
      vertex -30.849999999999998 -25.349999999999998 4.05
      vertex -38.875 -25.349999999999998 4.05
    endloop
  endfacet
  facet normal 0 -1 0
    outer loop
      vertex -47.75 -31.349999999999998 -4.05
      vertex 47.75 -31.349999999999998 4.05
      vertex -47.75 -31.349999999999998 4.05
    endloop
  endfacet
  facet normal 0 0 1
    outer loop
      vertex -42.55384757729337 -28.349999999999998 4.05
      vertex -31.599999999999998 -28.4 4.05
      vertex -0.925 -27.349999999999998 4.05
    endloop
  endfacet
  facet normal 0 0 1
    outer loop
      vertex -45.45389940580946 -30.893277195067718 4.05
      vertex -8.2 -29.9 4.05
      vertex -11.7 -29.9 4.05
    endloop
  endfacet
  facet normal 0 0 1
    outer loop
      vertex -31.599999999999998 -28.4 4.05
      vertex -28.099999999999998 -28.4 4.05
      vertex -0.925 -27.349999999999998 4.05
    endloop
  endfacet
  facet normal 0 0 1
    outer loop
      vertex -42.55384757729337 -28.349999999999998 4.05
      vertex -0.925 -27.349999999999998 4.05
      vertex -18.974999999999998 -27.349999999999998 4.05
    endloop
  endfacet
  facet normal 0 0 1
    outer loop
      vertex -20.825 -27.349999999999998 4.05
      vertex -28.849999999999998 -25.349999999999998 4.05
      vertex -30.849999999999998 -25.349999999999998 4.05
    endloop
  endfacet
  facet normal 0 0 1
    outer loop
      vertex -20.825 -27.349999999999998 4.05
      vertex -20.825 -25.349999999999998 4.05
      vertex -28.849999999999998 -25.349999999999998 4.05
    endloop
  endfacet
  facet normal 0 0 1
    outer loop
      vertex -47.75 -31.349999999999998 4.05
      vertex 44.097431425947676 -30.110120041747408 4.05
      vertex -46.96684284667969 -31.29866916824286 4.05
    endloop
  endfacet
  facet normal 0 0 1
    outer loop
      vertex -46.197085729384874 -31.145554957734408 4.05
      vertex 8.2 -29.9 4.05
      vertex -8.2 -29.9 4.05
    endloop
  endfacet
  facet normal 0 0 1
    outer loop
      vertex -0.925 -27.349999999999998 4.05
      vertex -28.099999999999998 -28.4 4.05
      vertex -11.7 -28.4 4.05
    endloop
  endfacet
  facet normal 0 0 1
    outer loop
      vertex -10.95 -25.349999999999998 4.05
      vertex -18.974999999999998 -25.349999999999998 4.05
      vertex -18.974999999999998 -27.349999999999998 4.05
    endloop
  endfacet
  facet normal 0 0 1
    outer loop
      vertex -11.7 -28.4 4.05
      vertex -11.7 -29.9 4.05
      vertex -8.2 -28.4 4.05
    endloop
  endfacet
  facet normal 0 0 1
    outer loop
      vertex -8.2 -29.9 4.05
      vertex -8.2 -28.4 4.05
      vertex -11.7 -29.9 4.05
    endloop
  endfacet
  facet normal 0 0 1
    outer loop
      vertex -46.197085729384874 -31.145554957734408 4.05
      vertex 11.7 -29.9 4.05
      vertex 8.2 -29.9 4.05
    endloop
  endfacet
  facet normal 0 0 1
    outer loop
      vertex -8.95 -25.349999999999998 4.05
      vertex -10.95 -25.349999999999998 4.05
      vertex -18.974999999999998 -27.349999999999998 4.05
    endloop
  endfacet
  facet normal 0 0 1
    outer loop
      vertex -0.925 -25.349999999999998 4.05
      vertex -8.95 -25.349999999999998 4.05
      vertex -18.974999999999998 -27.349999999999998 4.05
    endloop
  endfacet
  facet normal 0 0 1
    outer loop
      vertex -0.925 -27.349999999999998 4.05
      vertex -0.925 -25.349999999999998 4.05
      vertex -18.974999999999998 -27.349999999999998 4.05
    endloop
  endfacet
  facet normal 0 0 1
    outer loop
      vertex -11.7 -28.4 4.05
      vertex 0.925 -27.349999999999998 4.05
      vertex -0.925 -27.349999999999998 4.05
    endloop
  endfacet
  facet normal 0 0 1
    outer loop
      vertex -46.96684284667969 -31.29866916824286 4.05
      vertex 28.099999999999998 -29.9 4.05
      vertex 11.7 -29.9 4.05
    endloop
  endfacet
  facet normal 0 0 1
    outer loop
      vertex -11.7 -28.4 4.05
      vertex -8.2 -28.4 4.05
      vertex 18.974999999999998 -27.349999999999998 4.05
    endloop
  endfacet
  facet normal 0 0 -1
    outer loop
      vertex -41.75 25.349999999999998 -4.05
      vertex -41.80133083175714 26.133157153320308 -4.05
      vertex -40.724999999999994 25.349999999999998 -4.05
    endloop
  endfacet
  facet normal 0 0 -1
    outer loop
      vertex -41.80133083175714 26.133157153320308 -4.05
      vertex -41.95444504226559 26.90291427061512 -4.05
      vertex -40.724999999999994 25.349999999999998 -4.05
    endloop
  endfacet
  facet normal 0 0 -1
    outer loop
      vertex -41.95444504226559 26.90291427061512 -4.05
      vertex -42.206722804932284 27.646100594190536 -4.05
      vertex -40.724999999999994 27.349999999999998 -4.05
    endloop
  endfacet
  facet normal 0 0 -1
    outer loop
      vertex -41.95444504226559 26.90291427061512 -4.05
      vertex -40.724999999999994 27.349999999999998 -4.05
      vertex -40.724999999999994 25.349999999999998 -4.05
    endloop
  endfacet
  facet normal 0 0 -1
    outer loop
      vertex -42.206722804932284 27.646100594190536 -4.05
      vertex -38.875 27.349999999999998 -4.05
      vertex -40.724999999999994 27.349999999999998 -4.05
    endloop
  endfacet
  facet normal 0 0 -1
    outer loop
      vertex -38.875 25.349999999999998 -4.05
      vertex -38.875 27.349999999999998 -4.05
      vertex -30.849999999999998 25.349999999999998 -4.05
    endloop
  endfacet
  facet normal 0 0 -1
    outer loop
      vertex -42.55384757729337 28.349999999999998 -4.05
      vertex -42.58725650918933 28.4 -4.05
      vertex -31.599999999999998 28.4 -4.05
    endloop
  endfacet
  facet normal 0 0 -1
    outer loop
      vertex -44.097431425947676 30.110120041747408 -4.05
      vertex -44.75 30.54615242270663 -4.05
      vertex -31.599999999999998 29.9 -4.05
    endloop
  endfacet
  facet normal 0 0 -1
    outer loop
      vertex -44.097431425947676 30.110120041747408 -4.05
      vertex -31.599999999999998 29.9 -4.05
      vertex -43.85783543835371 29.9 -4.05
    endloop
  endfacet
  facet normal 0 0 -1
    outer loop
      vertex -45.45389940580946 30.893277195067718 -4.05
      vertex -28.099999999999998 29.9 -4.05
      vertex -44.75 30.54615242270663 -4.05
    endloop
  endfacet
  facet normal 0 0 -1
    outer loop
      vertex -42.206722804932284 27.646100594190536 -4.05
      vertex -42.55384757729337 28.349999999999998 -4.05
      vertex -20.825 27.349999999999998 -4.05
    endloop
  endfacet
  facet normal 0 0 -1
    outer loop
      vertex -42.206722804932284 27.646100594190536 -4.05
      vertex -20.825 27.349999999999998 -4.05
      vertex -38.875 27.349999999999998 -4.05
    endloop
  endfacet
  facet normal 0 0 -1
    outer loop
      vertex -44.75 30.54615242270663 -4.05
      vertex -28.099999999999998 29.9 -4.05
      vertex -31.599999999999998 29.9 -4.05
    endloop
  endfacet
  facet normal 0 0 -1
    outer loop
      vertex -28.849999999999998 25.349999999999998 -4.05
      vertex -30.849999999999998 25.349999999999998 -4.05
      vertex -38.875 27.349999999999998 -4.05
    endloop
  endfacet
  facet normal 0 0 -1
    outer loop
      vertex -38.875 27.349999999999998 -4.05
      vertex -20.825 25.349999999999998 -4.05
      vertex -28.849999999999998 25.349999999999998 -4.05
    endloop
  endfacet
  facet normal 0 0 -1
    outer loop
      vertex -31.599999999999998 29.9 -4.05
      vertex -28.099999999999998 28.4 -4.05
      vertex -31.599999999999998 28.4 -4.05
    endloop
  endfacet
  facet normal 0 0 -1
    outer loop
      vertex -46.197085729384874 31.145554957734408 -4.05
      vertex -8.2 29.9 -4.05
      vertex -45.45389940580946 30.893277195067718 -4.05
    endloop
  endfacet
  facet normal 0 0 -1
    outer loop
      vertex -42.55384757729337 28.349999999999998 -4.05
      vertex -18.974999999999998 27.349999999999998 -4.05
      vertex -20.825 27.349999999999998 -4.05
    endloop
  endfacet
  facet normal 0 0 -1
    outer loop
      vertex -31.599999999999998 29.9 -4.05
      vertex -28.099999999999998 29.9 -4.05
      vertex -28.099999999999998 28.4 -4.05
    endloop
  endfacet
  facet normal 0 0 -1
    outer loop
      vertex -45.45389940580946 30.893277195067718 -4.05
      vertex -11.7 29.9 -4.05
      vertex -28.099999999999998 29.9 -4.05
    endloop
  endfacet
  facet normal 0 0 -1
    outer loop
      vertex -46.96684284667969 31.29866916824286 -4.05
      vertex 11.7 29.9 -4.05
      vertex -46.197085729384874 31.145554957734408 -4.05
    endloop
  endfacet
  facet normal 0 0 -1
    outer loop
      vertex -38.875 27.349999999999998 -4.05
      vertex -20.825 27.349999999999998 -4.05
      vertex -20.825 25.349999999999998 -4.05
    endloop
  endfacet
  facet normal 0 0 -1
    outer loop
      vertex -42.55384757729337 28.349999999999998 -4.05
      vertex -31.599999999999998 28.4 -4.05
      vertex -0.925 27.349999999999998 -4.05
    endloop
  endfacet
  facet normal 0 0 -1
    outer loop
      vertex -42.55384757729337 28.349999999999998 -4.05
      vertex -0.925 27.349999999999998 -4.05
      vertex -18.974999999999998 27.349999999999998 -4.05
    endloop
  endfacet
  facet normal 0 0 -1
    outer loop
      vertex -31.599999999999998 28.4 -4.05
      vertex -28.099999999999998 28.4 -4.05
      vertex -0.925 27.349999999999998 -4.05
    endloop
  endfacet
  facet normal 0 0 -1
    outer loop
      vertex -45.45389940580946 30.893277195067718 -4.05
      vertex -8.2 29.9 -4.05
      vertex -11.7 29.9 -4.05
    endloop
  endfacet
  facet normal 0 0 -1
    outer loop
      vertex -18.974999999999998 25.349999999999998 -4.05
      vertex -18.974999999999998 27.349999999999998 -4.05
      vertex -10.95 25.349999999999998 -4.05
    endloop
  endfacet
  facet normal 0 0 -1
    outer loop
      vertex -47.75 31.349999999999998 -4.05
      vertex 44.097431425947676 30.110120041747408 -4.05
      vertex -46.96684284667969 31.29866916824286 -4.05
    endloop
  endfacet
  facet normal 0 0 -1
    outer loop
      vertex -0.925 27.349999999999998 -4.05
      vertex -28.099999999999998 28.4 -4.05
      vertex -11.7 28.4 -4.05
    endloop
  endfacet
  facet normal 0 0 -1
    outer loop
      vertex -46.197085729384874 31.145554957734408 -4.05
      vertex 8.2 29.9 -4.05
      vertex -8.2 29.9 -4.05
    endloop
  endfacet
  facet normal 0 0 -1
    outer loop
      vertex -18.974999999999998 27.349999999999998 -4.05
      vertex -8.95 25.349999999999998 -4.05
      vertex -10.95 25.349999999999998 -4.05
    endloop
  endfacet
  facet normal 0 0 -1
    outer loop
      vertex -18.974999999999998 27.349999999999998 -4.05
      vertex -0.925 25.349999999999998 -4.05
      vertex -8.95 25.349999999999998 -4.05
    endloop
  endfacet
  facet normal 0 0 -1
    outer loop
      vertex -18.974999999999998 27.349999999999998 -4.05
      vertex -0.925 27.349999999999998 -4.05
      vertex -0.925 25.349999999999998 -4.05
    endloop
  endfacet
  facet normal 0 0 -1
    outer loop
      vertex -11.7 28.4 -4.05
      vertex -11.7 29.9 -4.05
      vertex -8.2 28.4 -4.05
    endloop
  endfacet
  facet normal 0 0 -1
    outer loop
      vertex -8.2 29.9 -4.05
      vertex -8.2 28.4 -4.05
      vertex -11.7 29.9 -4.05
    endloop
  endfacet
  facet normal 0 0 -1
    outer loop
      vertex -46.197085729384874 31.145554957734408 -4.05
      vertex 11.7 29.9 -4.05
      vertex 8.2 29.9 -4.05
    endloop
  endfacet
  facet normal 0 0 -1
    outer loop
      vertex -11.7 28.4 -4.05
      vertex 0.925 27.349999999999998 -4.05
      vertex -0.925 27.349999999999998 -4.05
    endloop
  endfacet
  facet normal 0 0 -1
    outer loop
      vertex -11.7 28.4 -4.05
      vertex -8.2 28.4 -4.05
      vertex 18.974999999999998 27.349999999999998 -4.05
    endloop
  endfacet
  facet normal 0 0 -1
    outer loop
      vertex -46.96684284667969 31.29866916824286 -4.05
      vertex 28.099999999999998 29.9 -4.05
      vertex 11.7 29.9 -4.05
    endloop
  endfacet
  facet normal 0 1 0
    outer loop
      vertex -47.75 31.349999999999998 -4.05
      vertex -47.75 31.349999999999998 4.05
      vertex 47.75 31.349999999999998 -4.05
    endloop
  endfacet
  facet normal 0 0 1
    outer loop
      vertex -41.75 25.349999999999998 4.05
      vertex -40.724999999999994 27.349999999999998 4.05
      vertex -41.80133083175714 26.133157153320308 4.05
    endloop
  endfacet
  facet normal 0 0 1
    outer loop
      vertex -41.75 25.349999999999998 4.05
      vertex -40.724999999999994 25.349999999999998 4.05
      vertex -40.724999999999994 27.349999999999998 4.05
    endloop
  endfacet
  facet normal 0 0 1
    outer loop
      vertex -41.80133083175714 26.133157153320308 4.05
      vertex -40.724999999999994 27.349999999999998 4.05
      vertex -41.95444504226559 26.90291427061512 4.05
    endloop
  endfacet
  facet normal 0 0 1
    outer loop
      vertex -41.95444504226559 26.90291427061512 4.05
      vertex -40.724999999999994 27.349999999999998 4.05
      vertex -42.206722804932284 27.646100594190536 4.05
    endloop
  endfacet
  facet normal 0 0 1
    outer loop
      vertex -42.206722804932284 27.646100594190536 4.05
      vertex -40.724999999999994 27.349999999999998 4.05
      vertex -42.55384757729337 28.349999999999998 4.05
    endloop
  endfacet
  facet normal 0 0 1
    outer loop
      vertex -42.55384757729337 28.349999999999998 4.05
      vertex -40.724999999999994 27.349999999999998 4.05
      vertex -42.58725650918933 28.4 4.05
    endloop
  endfacet
  facet normal 0 0 1
    outer loop
      vertex -42.58725650918933 28.4 4.05
      vertex -40.724999999999994 27.349999999999998 4.05
      vertex -38.875 27.349999999999998 4.05
    endloop
  endfacet
  facet normal 0 0 1
    outer loop
      vertex -38.61124401913876 25.349999999999998 4.05
      vertex -31.599999999999998 28.4 4.05
      vertex -38.875 25.349999999999998 4.05
    endloop
  endfacet
  facet normal 0 0 1
    outer loop
      vertex -31.599999999999998 28.4 4.05
      vertex -38.875 27.349999999999998 4.05
      vertex -38.875 25.349999999999998 4.05
    endloop
  endfacet
  facet normal 0 0 1
    outer loop
      vertex -42.58725650918933 28.4 4.05
      vertex -38.875 27.349999999999998 4.05
      vertex -31.599999999999998 28.4 4.05
    endloop
  endfacet
  facet normal 0 0 1
    outer loop
      vertex -38.61124401913876 25.349999999999998 4.05
      vertex -20.825 27.349999999999998 4.05
      vertex -31.599999999999998 28.4 4.05
    endloop
  endfacet
  facet normal 0 0 1
    outer loop
      vertex -38.61124401913876 25.349999999999998 4.05
      vertex -30.849999999999998 25.349999999999998 4.05
      vertex -20.825 27.349999999999998 4.05
    endloop
  endfacet
  facet normal 0 0 1
    outer loop
      vertex -31.599999999999998 28.4 4.05
      vertex -28.099999999999998 29.9 4.05
      vertex -31.599999999999998 29.9 4.05
    endloop
  endfacet
  facet normal 0 0 1
    outer loop
      vertex -31.599999999999998 28.4 4.05
      vertex -28.099999999999998 28.4 4.05
      vertex -28.099999999999998 29.9 4.05
    endloop
  endfacet
  facet normal 0 0 1
    outer loop
      vertex -20.825 27.349999999999998 4.05
      vertex -30.849999999999998 25.349999999999998 4.05
      vertex -28.849999999999998 25.349999999999998 4.05
    endloop
  endfacet
  facet normal 0 0 1
    outer loop
      vertex -28.849999999999998 25.349999999999998 4.05
      vertex -20.825 25.349999999999998 4.05
      vertex -20.825 27.349999999999998 4.05
    endloop
  endfacet
  facet normal 0 0 1
    outer loop
      vertex -20.825 27.349999999999998 4.05
      vertex -28.099999999999998 28.4 4.05
      vertex -31.599999999999998 28.4 4.05
    endloop
  endfacet
  facet normal 0 0 1
    outer loop
      vertex -20.825 27.349999999999998 4.05
      vertex -11.7 28.4 4.05
      vertex -28.099999999999998 28.4 4.05
    endloop
  endfacet
  facet normal 0 0 1
    outer loop
      vertex -11.7 28.4 4.05
      vertex -20.825 27.349999999999998 4.05
      vertex -18.974999999999998 27.349999999999998 4.05
    endloop
  endfacet
  facet normal 0 0 1
    outer loop
      vertex -47.75 31.349999999999998 4.05
      vertex -46.96684284667969 31.29866916824286 4.05
      vertex 47.75 31.349999999999998 4.05
    endloop
  endfacet
  facet normal 0 0 1
    outer loop
      vertex -46.96684284667969 31.29866916824286 4.05
      vertex -46.197085729384874 31.145554957734408 4.05
      vertex 47.75 31.349999999999998 4.05
    endloop
  endfacet
  facet normal 0 0 1
    outer loop
      vertex -46.197085729384874 31.145554957734408 4.05
      vertex -45.45389940580946 30.893277195067718 4.05
      vertex 47.75 31.349999999999998 4.05
    endloop
  endfacet
  facet normal 0 0 1
    outer loop
      vertex -44.097431425947676 30.110120041747408 4.05
      vertex -43.85783543835371 29.9 4.05
      vertex 46.96684284667969 31.29866916824286 4.05
    endloop
  endfacet
  facet normal 0 0 1
    outer loop
      vertex -44.097431425947676 30.110120041747408 4.05
      vertex 47.75 31.349999999999998 4.05
      vertex -44.75 30.54615242270663 4.05
    endloop
  endfacet
  facet normal 0 0 1
    outer loop
      vertex -45.45389940580946 30.893277195067718 4.05
      vertex -44.75 30.54615242270663 4.05
      vertex 47.75 31.349999999999998 4.05
    endloop
  endfacet
  facet normal 0 0 1
    outer loop
      vertex -0.925 27.349999999999998 4.05
      vertex -18.974999999999998 27.349999999999998 4.05
      vertex -18.974999999999998 25.349999999999998 4.05
    endloop
  endfacet
  facet normal 0 0 1
    outer loop
      vertex -0.925 27.349999999999998 4.05
      vertex -18.974999999999998 25.349999999999998 4.05
      vertex -10.95 25.349999999999998 4.05
    endloop
  endfacet
  facet normal 0 0 1
    outer loop
      vertex -0.925 27.349999999999998 4.05
      vertex -10.95 25.349999999999998 4.05
      vertex -8.95 25.349999999999998 4.05
    endloop
  endfacet
  facet normal 0 0 1
    outer loop
      vertex -18.974999999999998 27.349999999999998 4.05
      vertex -8.2 28.4 4.05
      vertex -11.7 28.4 4.05
    endloop
  endfacet
  facet normal 0 0 1
    outer loop
      vertex -11.7 28.4 4.05
      vertex -8.2 29.9 4.05
      vertex -11.7 29.9 4.05
    endloop
  endfacet
  facet normal 0 0 1
    outer loop
      vertex -11.7 28.4 4.05
      vertex -8.2 28.4 4.05
      vertex -8.2 29.9 4.05
    endloop
  endfacet
  facet normal 0 0 1
    outer loop
      vertex 46.96684284667969 31.29866916824286 4.05
      vertex -43.85783543835371 29.9 4.05
      vertex -31.599999999999998 29.9 4.05
    endloop
  endfacet
  facet normal 0 0 1
    outer loop
      vertex -0.925 25.349999999999998 4.05
      vertex -0.925 27.349999999999998 4.05
      vertex -8.95 25.349999999999998 4.05
    endloop
  endfacet
  facet normal 0 0 1
    outer loop
      vertex -18.974999999999998 27.349999999999998 4.05
      vertex 8.2 28.4 4.05
      vertex -8.2 28.4 4.05
    endloop
  endfacet
  facet normal 0 0 1
    outer loop
      vertex 46.96684284667969 31.29866916824286 4.05
      vertex -31.599999999999998 29.9 4.05
      vertex -28.099999999999998 29.9 4.05
    endloop
  endfacet
  facet normal 0 0 1
    outer loop
      vertex -18.974999999999998 27.349999999999998 4.05
      vertex -0.925 27.349999999999998 4.05
      vertex 11.7 28.4 4.05
    endloop
  endfacet
  facet normal 0 0 -1
    outer loop
      vertex 46.96684284667969 -31.29866916824286 -4.05
      vertex -28.099999999999998 -29.9 -4.05
      vertex -11.7 -29.9 -4.05
    endloop
  endfacet
  facet normal 0 0 -1
    outer loop
      vertex -18.974999999999998 -27.349999999999998 -4.05
      vertex 11.7 -28.4 -4.05
      vertex 8.2 -28.4 -4.05
    endloop
  endfacet
  facet normal 0 0 -1
    outer loop
      vertex 11.7 -28.4 -4.05
      vertex -0.925 -27.349999999999998 -4.05
      vertex 0.925 -27.349999999999998 -4.05
    endloop
  endfacet
  facet normal 0 0 -1
    outer loop
      vertex 46.197085729384874 -31.145554957734408 -4.05
      vertex -11.7 -29.9 -4.05
      vertex -8.2 -29.9 -4.05
    endloop
  endfacet
  facet normal 0 0 -1
    outer loop
      vertex 8.2 -29.9 -4.05
      vertex 8.2 -28.4 -4.05
      vertex 11.7 -29.9 -4.05
    endloop
  endfacet
  facet normal 0 0 -1
    outer loop
      vertex 11.7 -28.4 -4.05
      vertex 11.7 -29.9 -4.05
      vertex 8.2 -28.4 -4.05
    endloop
  endfacet
  facet normal 0 0 -1
    outer loop
      vertex 0.925 -27.349999999999998 -4.05
      vertex 0.925 -25.349999999999998 -4.05
      vertex 18.974999999999998 -27.349999999999998 -4.05
    endloop
  endfacet
  facet normal 0 0 -1
    outer loop
      vertex 0.925 -25.349999999999998 -4.05
      vertex 8.95 -25.349999999999998 -4.05
      vertex 18.974999999999998 -27.349999999999998 -4.05
    endloop
  endfacet
  facet normal 0 0 -1
    outer loop
      vertex 18.974999999999998 -27.349999999999998 -4.05
      vertex 8.95 -25.349999999999998 -4.05
      vertex 10.95 -25.349999999999998 -4.05
    endloop
  endfacet
  facet normal 0 0 -1
    outer loop
      vertex 46.197085729384874 -31.145554957734408 -4.05
      vertex -8.2 -29.9 -4.05
      vertex 8.2 -29.9 -4.05
    endloop
  endfacet
  facet normal 0 0 -1
    outer loop
      vertex 0.925 -27.349999999999998 -4.05
      vertex 28.099999999999998 -28.4 -4.05
      vertex 11.7 -28.4 -4.05
    endloop
  endfacet
  facet normal 0 0 -1
    outer loop
      vertex -44.097431425947676 -30.110120041747408 -4.05
      vertex 46.96684284667969 -31.29866916824286 -4.05
      vertex 47.75 -31.349999999999998 -4.05
    endloop
  endfacet
  facet normal 0 0 -1
    outer loop
      vertex 18.974999999999998 -27.349999999999998 -4.05
      vertex 10.95 -25.349999999999998 -4.05
      vertex 18.974999999999998 -25.349999999999998 -4.05
    endloop
  endfacet
  facet normal 0 0 -1
    outer loop
      vertex 45.45389940580946 -30.893277195067718 -4.05
      vertex 8.2 -29.9 -4.05
      vertex 11.7 -29.9 -4.05
    endloop
  endfacet
  facet normal 0 0 -1
    outer loop
      vertex 0.925 -27.349999999999998 -4.05
      vertex 31.599999999999998 -28.4 -4.05
      vertex 28.099999999999998 -28.4 -4.05
    endloop
  endfacet
  facet normal 0 0 -1
    outer loop
      vertex 42.55384757729337 -28.349999999999998 -4.05
      vertex 0.925 -27.349999999999998 -4.05
      vertex 18.974999999999998 -27.349999999999998 -4.05
    endloop
  endfacet
  facet normal 0 0 -1
    outer loop
      vertex 42.55384757729337 -28.349999999999998 -4.05
      vertex 31.599999999999998 -28.4 -4.05
      vertex 0.925 -27.349999999999998 -4.05
    endloop
  endfacet
  facet normal 0 0 -1
    outer loop
      vertex 20.825 -27.349999999999998 -4.05
      vertex 20.825 -25.349999999999998 -4.05
      vertex 38.875 -27.349999999999998 -4.05
    endloop
  endfacet
  facet normal 0 -1 0
    outer loop
      vertex -47.75 -31.349999999999998 -4.05
      vertex 47.75 -31.349999999999998 -4.05
      vertex 47.75 -31.349999999999998 4.05
    endloop
  endfacet
  facet normal 0 0 -1
    outer loop
      vertex 46.197085729384874 -31.145554957734408 -4.05
      vertex 46.96684284667969 -31.29866916824286 -4.05
      vertex -11.7 -29.9 -4.05
    endloop
  endfacet
  facet normal 0 0 -1
    outer loop
      vertex 45.45389940580946 -30.893277195067718 -4.05
      vertex 11.7 -29.9 -4.05
      vertex 28.099999999999998 -29.9 -4.05
    endloop
  endfacet
  facet normal 0 0 -1
    outer loop
      vertex 28.099999999999998 -28.4 -4.05
      vertex 31.599999999999998 -29.9 -4.05
      vertex 28.099999999999998 -29.9 -4.05
    endloop
  endfacet
  facet normal 0 0 -1
    outer loop
      vertex 42.55384757729337 -28.349999999999998 -4.05
      vertex 18.974999999999998 -27.349999999999998 -4.05
      vertex 20.825 -27.349999999999998 -4.05
    endloop
  endfacet
  facet normal 0 0 -1
    outer loop
      vertex 45.45389940580946 -30.893277195067718 -4.05
      vertex 46.197085729384874 -31.145554957734408 -4.05
      vertex 8.2 -29.9 -4.05
    endloop
  endfacet
  facet normal 0 0 -1
    outer loop
      vertex 28.099999999999998 -28.4 -4.05
      vertex 31.599999999999998 -28.4 -4.05
      vertex 31.599999999999998 -29.9 -4.05
    endloop
  endfacet
  facet normal 0 0 -1
    outer loop
      vertex 20.825 -25.349999999999998 -4.05
      vertex 28.849999999999998 -25.349999999999998 -4.05
      vertex 38.875 -27.349999999999998 -4.05
    endloop
  endfacet
  facet normal 0 0 -1
    outer loop
      vertex 38.875 -27.349999999999998 -4.05
      vertex 28.849999999999998 -25.349999999999998 -4.05
      vertex 30.849999999999998 -25.349999999999998 -4.05
    endloop
  endfacet
  facet normal 0 0 -1
    outer loop
      vertex 44.75 -30.54615242270663 -4.05
      vertex 28.099999999999998 -29.9 -4.05
      vertex 31.599999999999998 -29.9 -4.05
    endloop
  endfacet
  facet normal 0 0 -1
    outer loop
      vertex 42.206722804932284 -27.646100594190536 -4.05
      vertex 20.825 -27.349999999999998 -4.05
      vertex 38.875 -27.349999999999998 -4.05
    endloop
  endfacet
  facet normal 0 0 -1
    outer loop
      vertex 42.55384757729337 -28.349999999999998 -4.05
      vertex 20.825 -27.349999999999998 -4.05
      vertex 42.206722804932284 -27.646100594190536 -4.05
    endloop
  endfacet
  facet normal 0 0 -1
    outer loop
      vertex 44.75 -30.54615242270663 -4.05
      vertex 45.45389940580946 -30.893277195067718 -4.05
      vertex 28.099999999999998 -29.9 -4.05
    endloop
  endfacet
  facet normal 0 0 -1
    outer loop
      vertex 44.097431425947676 -30.110120041747408 -4.05
      vertex 31.599999999999998 -29.9 -4.05
      vertex 43.85783543835371 -29.9 -4.05
    endloop
  endfacet
  facet normal 0 0 -1
    outer loop
      vertex 44.75 -30.54615242270663 -4.05
      vertex 31.599999999999998 -29.9 -4.05
      vertex 44.097431425947676 -30.110120041747408 -4.05
    endloop
  endfacet
  facet normal 0 0 -1
    outer loop
      vertex 42.55384757729337 -28.349999999999998 -4.05
      vertex 42.58725650918933 -28.4 -4.05
      vertex 31.599999999999998 -28.4 -4.05
    endloop
  endfacet
  facet normal 0 0 -1
    outer loop
      vertex 38.875 -27.349999999999998 -4.05
      vertex 30.849999999999998 -25.349999999999998 -4.05
      vertex 38.875 -25.349999999999998 -4.05
    endloop
  endfacet
  facet normal 0 0 -1
    outer loop
      vertex 42.206722804932284 -27.646100594190536 -4.05
      vertex 38.875 -27.349999999999998 -4.05
      vertex 40.724999999999994 -27.349999999999998 -4.05
    endloop
  endfacet
  facet normal 0 0 -1
    outer loop
      vertex 42.206722804932284 -27.646100594190536 -4.05
      vertex 40.724999999999994 -27.349999999999998 -4.05
      vertex 40.724999999999994 -25.349999999999998 -4.05
    endloop
  endfacet
  facet normal 0 0 -1
    outer loop
      vertex 42.206722804932284 -27.646100594190536 -4.05
      vertex 40.724999999999994 -25.349999999999998 -4.05
      vertex 41.95444504226559 -26.90291427061512 -4.05
    endloop
  endfacet
  facet normal 0 0 -1
    outer loop
      vertex 41.95444504226559 -26.90291427061512 -4.05
      vertex 40.724999999999994 -25.349999999999998 -4.05
      vertex 41.80133083175714 -26.133157153320308 -4.05
    endloop
  endfacet
  facet normal 0 0 -1
    outer loop
      vertex 41.80133083175714 -26.133157153320308 -4.05
      vertex 40.724999999999994 -25.349999999999998 -4.05
      vertex 41.75 -25.349999999999998 -4.05
    endloop
  endfacet
  facet normal 0 0 1
    outer loop
      vertex -11.7 -28.4 4.05
      vertex 18.974999999999998 -27.349999999999998 4.05
      vertex 0.925 -27.349999999999998 4.05
    endloop
  endfacet
  facet normal 0 0 1
    outer loop
      vertex -46.96684284667969 -31.29866916824286 4.05
      vertex 31.599999999999998 -29.9 4.05
      vertex 28.099999999999998 -29.9 4.05
    endloop
  endfacet
  facet normal 0 0 1
    outer loop
      vertex 18.974999999999998 -27.349999999999998 4.05
      vertex -8.2 -28.4 4.05
      vertex 8.2 -28.4 4.05
    endloop
  endfacet
  facet normal 0 0 1
    outer loop
      vertex 8.95 -25.349999999999998 4.05
      vertex 0.925 -25.349999999999998 4.05
      vertex 0.925 -27.349999999999998 4.05
    endloop
  endfacet
  facet normal 0 0 1
    outer loop
      vertex -46.96684284667969 -31.29866916824286 4.05
      vertex 43.85783543835371 -29.9 4.05
      vertex 31.599999999999998 -29.9 4.05
    endloop
  endfacet
  facet normal 0 0 1
    outer loop
      vertex 8.2 -29.9 4.05
      vertex 11.7 -28.4 4.05
      vertex 8.2 -28.4 4.05
    endloop
  endfacet
  facet normal 0 0 1
    outer loop
      vertex 8.2 -29.9 4.05
      vertex 11.7 -29.9 4.05
      vertex 11.7 -28.4 4.05
    endloop
  endfacet
  facet normal 0 0 1
    outer loop
      vertex 18.974999999999998 -27.349999999999998 4.05
      vertex 8.2 -28.4 4.05
      vertex 11.7 -28.4 4.05
    endloop
  endfacet
  facet normal 0 0 1
    outer loop
      vertex 10.95 -25.349999999999998 4.05
      vertex 8.95 -25.349999999999998 4.05
      vertex 0.925 -27.349999999999998 4.05
    endloop
  endfacet
  facet normal 0 0 1
    outer loop
      vertex 18.974999999999998 -25.349999999999998 4.05
      vertex 10.95 -25.349999999999998 4.05
      vertex 0.925 -27.349999999999998 4.05
    endloop
  endfacet
  facet normal 0 0 1
    outer loop
      vertex 18.974999999999998 -27.349999999999998 4.05
      vertex 18.974999999999998 -25.349999999999998 4.05
      vertex 0.925 -27.349999999999998 4.05
    endloop
  endfacet
  facet normal 0 0 1
    outer loop
      vertex -47.75 -31.349999999999998 4.05
      vertex 45.45389940580946 -30.893277195067718 4.05
      vertex 44.75 -30.54615242270663 4.05
    endloop
  endfacet
  facet normal 0 0 1
    outer loop
      vertex -47.75 -31.349999999999998 4.05
      vertex 44.75 -30.54615242270663 4.05
      vertex 44.097431425947676 -30.110120041747408 4.05
    endloop
  endfacet
  facet normal 0 0 1
    outer loop
      vertex -46.96684284667969 -31.29866916824286 4.05
      vertex 44.097431425947676 -30.110120041747408 4.05
      vertex 43.85783543835371 -29.9 4.05
    endloop
  endfacet
  facet normal 0 0 1
    outer loop
      vertex -47.75 -31.349999999999998 4.05
      vertex 46.197085729384874 -31.145554957734408 4.05
      vertex 45.45389940580946 -30.893277195067718 4.05
    endloop
  endfacet
  facet normal 0 0 1
    outer loop
      vertex -47.75 -31.349999999999998 4.05
      vertex 46.96684284667969 -31.29866916824286 4.05
      vertex 46.197085729384874 -31.145554957734408 4.05
    endloop
  endfacet
  facet normal 0 0 1
    outer loop
      vertex -47.75 -31.349999999999998 4.05
      vertex 47.75 -31.349999999999998 4.05
      vertex 46.96684284667969 -31.29866916824286 4.05
    endloop
  endfacet
  facet normal 0 0 1
    outer loop
      vertex 20.825 -27.349999999999998 4.05
      vertex 18.974999999999998 -27.349999999999998 4.05
      vertex 11.7 -28.4 4.05
    endloop
  endfacet
  facet normal 0 0 1
    outer loop
      vertex 20.825 -27.349999999999998 4.05
      vertex 11.7 -28.4 4.05
      vertex 28.099999999999998 -28.4 4.05
    endloop
  endfacet
  facet normal 0 0 1
    outer loop
      vertex 20.825 -27.349999999999998 4.05
      vertex 28.099999999999998 -28.4 4.05
      vertex 31.599999999999998 -28.4 4.05
    endloop
  endfacet
  facet normal 0 0 1
    outer loop
      vertex 20.825 -27.349999999999998 4.05
      vertex 28.849999999999998 -25.349999999999998 4.05
      vertex 20.825 -25.349999999999998 4.05
    endloop
  endfacet
  facet normal 0 0 1
    outer loop
      vertex 20.825 -27.349999999999998 4.05
      vertex 30.849999999999998 -25.349999999999998 4.05
      vertex 28.849999999999998 -25.349999999999998 4.05
    endloop
  endfacet
  facet normal 0 0 1
    outer loop
      vertex 28.099999999999998 -29.9 4.05
      vertex 31.599999999999998 -28.4 4.05
      vertex 28.099999999999998 -28.4 4.05
    endloop
  endfacet
  facet normal 0 0 1
    outer loop
      vertex 28.099999999999998 -29.9 4.05
      vertex 31.599999999999998 -29.9 4.05
      vertex 31.599999999999998 -28.4 4.05
    endloop
  endfacet
  facet normal 0 0 1
    outer loop
      vertex 20.825 -27.349999999999998 4.05
      vertex 31.599999999999998 -28.4 4.05
      vertex 30.849999999999998 -25.349999999999998 4.05
    endloop
  endfacet
  facet normal 0 0 1
    outer loop
      vertex 42.58725650918933 -28.4 4.05
      vertex 38.875 -27.349999999999998 4.05
      vertex 31.599999999999998 -28.4 4.05
    endloop
  endfacet
  facet normal 0 0 1
    outer loop
      vertex 30.849999999999998 -25.349999999999998 4.05
      vertex 31.599999999999998 -28.4 4.05
      vertex 38.875 -25.349999999999998 4.05
    endloop
  endfacet
  facet normal 0 0 1
    outer loop
      vertex 38.875 -25.349999999999998 4.05
      vertex 31.599999999999998 -28.4 4.05
      vertex 38.875 -27.349999999999998 4.05
    endloop
  endfacet
  facet normal 0 0 1
    outer loop
      vertex 42.58725650918933 -28.4 4.05
      vertex 40.724999999999994 -27.349999999999998 4.05
      vertex 38.875 -27.349999999999998 4.05
    endloop
  endfacet
  facet normal 0 0 1
    outer loop
      vertex 42.55384757729337 -28.349999999999998 4.05
      vertex 40.724999999999994 -27.349999999999998 4.05
      vertex 42.58725650918933 -28.4 4.05
    endloop
  endfacet
  facet normal 0 0 1
    outer loop
      vertex 42.55384757729337 -28.349999999999998 4.05
      vertex 42.206722804932284 -27.646100594190536 4.05
      vertex 40.724999999999994 -27.349999999999998 4.05
    endloop
  endfacet
  facet normal 0 0 1
    outer loop
      vertex 42.206722804932284 -27.646100594190536 4.05
      vertex 41.95444504226559 -26.90291427061512 4.05
      vertex 40.724999999999994 -27.349999999999998 4.05
    endloop
  endfacet
  facet normal 0 0 1
    outer loop
      vertex 41.95444504226559 -26.90291427061512 4.05
      vertex 41.80133083175714 -26.133157153320308 4.05
      vertex 40.724999999999994 -27.349999999999998 4.05
    endloop
  endfacet
  facet normal 0 0 1
    outer loop
      vertex 41.75 -25.349999999999998 4.05
      vertex 40.724999999999994 -25.349999999999998 4.05
      vertex 40.724999999999994 -27.349999999999998 4.05
    endloop
  endfacet
  facet normal 0 0 1
    outer loop
      vertex 41.80133083175714 -26.133157153320308 4.05
      vertex 41.75 -25.349999999999998 4.05
      vertex 40.724999999999994 -27.349999999999998 4.05
    endloop
  endfacet
  facet normal 0 0 -1
    outer loop
      vertex 0.925 25.349999999999998 -4.05
      vertex 0.925 27.349999999999998 -4.05
      vertex 8.95 25.349999999999998 -4.05
    endloop
  endfacet
  facet normal 0 0 -1
    outer loop
      vertex -11.7 28.4 -4.05
      vertex 18.974999999999998 27.349999999999998 -4.05
      vertex 0.925 27.349999999999998 -4.05
    endloop
  endfacet
  facet normal 0 0 -1
    outer loop
      vertex 18.974999999999998 27.349999999999998 -4.05
      vertex -8.2 28.4 -4.05
      vertex 8.2 28.4 -4.05
    endloop
  endfacet
  facet normal 0 0 -1
    outer loop
      vertex -46.96684284667969 31.29866916824286 -4.05
      vertex 31.599999999999998 29.9 -4.05
      vertex 28.099999999999998 29.9 -4.05
    endloop
  endfacet
  facet normal 0 0 -1
    outer loop
      vertex 0.925 27.349999999999998 -4.05
      vertex 10.95 25.349999999999998 -4.05
      vertex 8.95 25.349999999999998 -4.05
    endloop
  endfacet
  facet normal 0 0 -1
    outer loop
      vertex 0.925 27.349999999999998 -4.05
      vertex 18.974999999999998 25.349999999999998 -4.05
      vertex 10.95 25.349999999999998 -4.05
    endloop
  endfacet
  facet normal 0 0 -1
    outer loop
      vertex 0.925 27.349999999999998 -4.05
      vertex 18.974999999999998 27.349999999999998 -4.05
      vertex 18.974999999999998 25.349999999999998 -4.05
    endloop
  endfacet
  facet normal 0 0 -1
    outer loop
      vertex 8.2 29.9 -4.05
      vertex 11.7 28.4 -4.05
      vertex 8.2 28.4 -4.05
    endloop
  endfacet
  facet normal 0 0 -1
    outer loop
      vertex -46.96684284667969 31.29866916824286 -4.05
      vertex 43.85783543835371 29.9 -4.05
      vertex 31.599999999999998 29.9 -4.05
    endloop
  endfacet
  facet normal 0 0 -1
    outer loop
      vertex 18.974999999999998 27.349999999999998 -4.05
      vertex 8.2 28.4 -4.05
      vertex 11.7 28.4 -4.05
    endloop
  endfacet
  facet normal 0 0 -1
    outer loop
      vertex 8.2 29.9 -4.05
      vertex 11.7 29.9 -4.05
      vertex 11.7 28.4 -4.05
    endloop
  endfacet
  facet normal 0 0 -1
    outer loop
      vertex -46.96684284667969 31.29866916824286 -4.05
      vertex 44.097431425947676 30.110120041747408 -4.05
      vertex 43.85783543835371 29.9 -4.05
    endloop
  endfacet
  facet normal 0 0 -1
    outer loop
      vertex -47.75 31.349999999999998 -4.05
      vertex 44.75 30.54615242270663 -4.05
      vertex 44.097431425947676 30.110120041747408 -4.05
    endloop
  endfacet
  facet normal 0 0 -1
    outer loop
      vertex -47.75 31.349999999999998 -4.05
      vertex 45.45389940580946 30.893277195067718 -4.05
      vertex 44.75 30.54615242270663 -4.05
    endloop
  endfacet
  facet normal 0 0 -1
    outer loop
      vertex -47.75 31.349999999999998 -4.05
      vertex 46.197085729384874 31.145554957734408 -4.05
      vertex 45.45389940580946 30.893277195067718 -4.05
    endloop
  endfacet
  facet normal 0 0 -1
    outer loop
      vertex -47.75 31.349999999999998 -4.05
      vertex 46.96684284667969 31.29866916824286 -4.05
      vertex 46.197085729384874 31.145554957734408 -4.05
    endloop
  endfacet
  facet normal 0 0 -1
    outer loop
      vertex -47.75 31.349999999999998 -4.05
      vertex 47.75 31.349999999999998 -4.05
      vertex 46.96684284667969 31.29866916824286 -4.05
    endloop
  endfacet
  facet normal 0 0 -1
    outer loop
      vertex 20.825 27.349999999999998 -4.05
      vertex 18.974999999999998 27.349999999999998 -4.05
      vertex 11.7 28.4 -4.05
    endloop
  endfacet
  facet normal 0 0 -1
    outer loop
      vertex 28.849999999999998 25.349999999999998 -4.05
      vertex 20.825 25.349999999999998 -4.05
      vertex 20.825 27.349999999999998 -4.05
    endloop
  endfacet
  facet normal 0 0 -1
    outer loop
      vertex 20.825 27.349999999999998 -4.05
      vertex 30.849999999999998 25.349999999999998 -4.05
      vertex 28.849999999999998 25.349999999999998 -4.05
    endloop
  endfacet
  facet normal 0 0 -1
    outer loop
      vertex 20.825 27.349999999999998 -4.05
      vertex 11.7 28.4 -4.05
      vertex 28.099999999999998 28.4 -4.05
    endloop
  endfacet
  facet normal 0 0 -1
    outer loop
      vertex 20.825 27.349999999999998 -4.05
      vertex 28.099999999999998 28.4 -4.05
      vertex 31.599999999999998 28.4 -4.05
    endloop
  endfacet
  facet normal 0 0 -1
    outer loop
      vertex 20.825 27.349999999999998 -4.05
      vertex 38.61124401913876 25.349999999999998 -4.05
      vertex 30.849999999999998 25.349999999999998 -4.05
    endloop
  endfacet
  facet normal 0 0 -1
    outer loop
      vertex 38.61124401913876 25.349999999999998 -4.05
      vertex 20.825 27.349999999999998 -4.05
      vertex 31.599999999999998 28.4 -4.05
    endloop
  endfacet
  facet normal 0 0 -1
    outer loop
      vertex 28.099999999999998 29.9 -4.05
      vertex 31.599999999999998 28.4 -4.05
      vertex 28.099999999999998 28.4 -4.05
    endloop
  endfacet
  facet normal 0 0 -1
    outer loop
      vertex 28.099999999999998 29.9 -4.05
      vertex 31.599999999999998 29.9 -4.05
      vertex 31.599999999999998 28.4 -4.05
    endloop
  endfacet
  facet normal 0 0 -1
    outer loop
      vertex 38.61124401913876 25.349999999999998 -4.05
      vertex 31.599999999999998 28.4 -4.05
      vertex 38.875 25.349999999999998 -4.05
    endloop
  endfacet
  facet normal 0 0 -1
    outer loop
      vertex 38.875 25.349999999999998 -4.05
      vertex 31.599999999999998 28.4 -4.05
      vertex 38.875 27.349999999999998 -4.05
    endloop
  endfacet
  facet normal 0 0 -1
    outer loop
      vertex 42.58725650918933 28.4 -4.05
      vertex 38.875 27.349999999999998 -4.05
      vertex 31.599999999999998 28.4 -4.05
    endloop
  endfacet
  facet normal 0 0 -1
    outer loop
      vertex 41.75 25.349999999999998 -4.05
      vertex 40.724999999999994 25.349999999999998 -4.05
      vertex 40.724999999999994 27.349999999999998 -4.05
    endloop
  endfacet
  facet normal 0 0 -1
    outer loop
      vertex 41.75 25.349999999999998 -4.05
      vertex 40.724999999999994 27.349999999999998 -4.05
      vertex 41.80133083175714 26.133157153320308 -4.05
    endloop
  endfacet
  facet normal 0 0 -1
    outer loop
      vertex 41.80133083175714 26.133157153320308 -4.05
      vertex 40.724999999999994 27.349999999999998 -4.05
      vertex 41.95444504226559 26.90291427061512 -4.05
    endloop
  endfacet
  facet normal 0 0 -1
    outer loop
      vertex 41.95444504226559 26.90291427061512 -4.05
      vertex 40.724999999999994 27.349999999999998 -4.05
      vertex 42.206722804932284 27.646100594190536 -4.05
    endloop
  endfacet
  facet normal 0 0 -1
    outer loop
      vertex 42.58725650918933 28.4 -4.05
      vertex 40.724999999999994 27.349999999999998 -4.05
      vertex 38.875 27.349999999999998 -4.05
    endloop
  endfacet
  facet normal 0 0 -1
    outer loop
      vertex 42.206722804932284 27.646100594190536 -4.05
      vertex 40.724999999999994 27.349999999999998 -4.05
      vertex 42.55384757729337 28.349999999999998 -4.05
    endloop
  endfacet
  facet normal 0 0 -1
    outer loop
      vertex 42.55384757729337 28.349999999999998 -4.05
      vertex 40.724999999999994 27.349999999999998 -4.05
      vertex 42.58725650918933 28.4 -4.05
    endloop
  endfacet
  facet normal 0 1 0
    outer loop
      vertex -47.75 31.349999999999998 4.05
      vertex 47.75 31.349999999999998 4.05
      vertex 47.75 31.349999999999998 -4.05
    endloop
  endfacet
  facet normal 0 0 1
    outer loop
      vertex -18.974999999999998 27.349999999999998 4.05
      vertex 11.7 28.4 4.05
      vertex 8.2 28.4 4.05
    endloop
  endfacet
  facet normal 0 0 1
    outer loop
      vertex 46.96684284667969 31.29866916824286 4.05
      vertex -28.099999999999998 29.9 4.05
      vertex -11.7 29.9 4.05
    endloop
  endfacet
  facet normal 0 0 1
    outer loop
      vertex 0.925 27.349999999999998 4.05
      vertex 11.7 28.4 4.05
      vertex -0.925 27.349999999999998 4.05
    endloop
  endfacet
  facet normal 0 0 1
    outer loop
      vertex 18.974999999999998 27.349999999999998 4.05
      vertex 0.925 27.349999999999998 4.05
      vertex 0.925 25.349999999999998 4.05
    endloop
  endfacet
  facet normal 0 0 1
    outer loop
      vertex 18.974999999999998 27.349999999999998 4.05
      vertex 0.925 25.349999999999998 4.05
      vertex 8.95 25.349999999999998 4.05
    endloop
  endfacet
  facet normal 0 0 1
    outer loop
      vertex 18.974999999999998 27.349999999999998 4.05
      vertex 8.95 25.349999999999998 4.05
      vertex 10.95 25.349999999999998 4.05
    endloop
  endfacet
  facet normal 0 0 1
    outer loop
      vertex 46.197085729384874 31.145554957734408 4.05
      vertex -11.7 29.9 4.05
      vertex -8.2 29.9 4.05
    endloop
  endfacet
  facet normal 0 0 1
    outer loop
      vertex 8.2 29.9 4.05
      vertex 8.2 28.4 4.05
      vertex 11.7 29.9 4.05
    endloop
  endfacet
  facet normal 0 0 1
    outer loop
      vertex 11.7 28.4 4.05
      vertex 11.7 29.9 4.05
      vertex 8.2 28.4 4.05
    endloop
  endfacet
  facet normal 0 0 1
    outer loop
      vertex 18.974999999999998 25.349999999999998 4.05
      vertex 18.974999999999998 27.349999999999998 4.05
      vertex 10.95 25.349999999999998 4.05
    endloop
  endfacet
  facet normal 0 0 1
    outer loop
      vertex 0.925 27.349999999999998 4.05
      vertex 28.099999999999998 28.4 4.05
      vertex 11.7 28.4 4.05
    endloop
  endfacet
  facet normal 0 0 1
    outer loop
      vertex 46.197085729384874 31.145554957734408 4.05
      vertex -8.2 29.9 4.05
      vertex 8.2 29.9 4.05
    endloop
  endfacet
  facet normal 0 0 1
    outer loop
      vertex -44.097431425947676 30.110120041747408 4.05
      vertex 46.96684284667969 31.29866916824286 4.05
      vertex 47.75 31.349999999999998 4.05
    endloop
  endfacet
  facet normal 0 0 1
    outer loop
      vertex 20.825 25.349999999999998 4.05
      vertex 38.875 27.349999999999998 4.05
      vertex 20.825 27.349999999999998 4.05
    endloop
  endfacet
  facet normal 0 0 1
    outer loop
      vertex 42.55384757729337 28.349999999999998 4.05
      vertex 0.925 27.349999999999998 4.05
      vertex 18.974999999999998 27.349999999999998 4.05
    endloop
  endfacet
  facet normal 0 0 1
    outer loop
      vertex 0.925 27.349999999999998 4.05
      vertex 31.599999999999998 28.4 4.05
      vertex 28.099999999999998 28.4 4.05
    endloop
  endfacet
  facet normal 0 0 1
    outer loop
      vertex 45.45389940580946 30.893277195067718 4.05
      vertex 8.2 29.9 4.05
      vertex 11.7 29.9 4.05
    endloop
  endfacet
  facet normal 0 0 1
    outer loop
      vertex 42.55384757729337 28.349999999999998 4.05
      vertex 31.599999999999998 28.4 4.05
      vertex 0.925 27.349999999999998 4.05
    endloop
  endfacet
  facet normal 0 0 1
    outer loop
      vertex 38.875 27.349999999999998 4.05
      vertex 20.825 25.349999999999998 4.05
      vertex 28.849999999999998 25.349999999999998 4.05
    endloop
  endfacet
  facet normal 0 0 1
    outer loop
      vertex 38.875 27.349999999999998 4.05
      vertex 28.849999999999998 25.349999999999998 4.05
      vertex 30.849999999999998 25.349999999999998 4.05
    endloop
  endfacet
  facet normal 0 0 1
    outer loop
      vertex 42.55384757729337 28.349999999999998 4.05
      vertex 18.974999999999998 27.349999999999998 4.05
      vertex 20.825 27.349999999999998 4.05
    endloop
  endfacet
  facet normal 0 0 1
    outer loop
      vertex 45.45389940580946 30.893277195067718 4.05
      vertex 11.7 29.9 4.05
      vertex 28.099999999999998 29.9 4.05
    endloop
  endfacet
  facet normal 0 0 1
    outer loop
      vertex 46.197085729384874 31.145554957734408 4.05
      vertex 46.96684284667969 31.29866916824286 4.05
      vertex -11.7 29.9 4.05
    endloop
  endfacet
  facet normal 0 0 1
    outer loop
      vertex 28.099999999999998 28.4 4.05
      vertex 31.599999999999998 29.9 4.05
      vertex 28.099999999999998 29.9 4.05
    endloop
  endfacet
  facet normal 0 0 1
    outer loop
      vertex 31.599999999999998 28.4 4.05
      vertex 31.599999999999998 29.9 4.05
      vertex 28.099999999999998 28.4 4.05
    endloop
  endfacet
  facet normal 0 0 1
    outer loop
      vertex 45.45389940580946 30.893277195067718 4.05
      vertex 46.197085729384874 31.145554957734408 4.05
      vertex 8.2 29.9 4.05
    endloop
  endfacet
  facet normal 0 0 1
    outer loop
      vertex 38.875 25.349999999999998 4.05
      vertex 38.875 27.349999999999998 4.05
      vertex 30.849999999999998 25.349999999999998 4.05
    endloop
  endfacet
  facet normal 0 0 1
    outer loop
      vertex 42.206722804932284 27.646100594190536 4.05
      vertex 20.825 27.349999999999998 4.05
      vertex 38.875 27.349999999999998 4.05
    endloop
  endfacet
  facet normal 0 0 1
    outer loop
      vertex 42.206722804932284 27.646100594190536 4.05
      vertex 42.55384757729337 28.349999999999998 4.05
      vertex 20.825 27.349999999999998 4.05
    endloop
  endfacet
  facet normal 0 0 1
    outer loop
      vertex 44.75 30.54615242270663 4.05
      vertex 28.099999999999998 29.9 4.05
      vertex 31.599999999999998 29.9 4.05
    endloop
  endfacet
  facet normal 0 0 1
    outer loop
      vertex 42.55384757729337 28.349999999999998 4.05
      vertex 42.58725650918933 28.4 4.05
      vertex 31.599999999999998 28.4 4.05
    endloop
  endfacet
  facet normal 0 0 1
    outer loop
      vertex 44.097431425947676 30.110120041747408 4.05
      vertex 31.599999999999998 29.9 4.05
      vertex 43.85783543835371 29.9 4.05
    endloop
  endfacet
  facet normal 0 0 1
    outer loop
      vertex 44.097431425947676 30.110120041747408 4.05
      vertex 44.75 30.54615242270663 4.05
      vertex 31.599999999999998 29.9 4.05
    endloop
  endfacet
  facet normal 0 0 1
    outer loop
      vertex 44.75 30.54615242270663 4.05
      vertex 45.45389940580946 30.893277195067718 4.05
      vertex 28.099999999999998 29.9 4.05
    endloop
  endfacet
  facet normal 0 0 1
    outer loop
      vertex 41.75 25.349999999999998 4.05
      vertex 41.80133083175714 26.133157153320308 4.05
      vertex 40.724999999999994 25.349999999999998 4.05
    endloop
  endfacet
  facet normal 0 0 1
    outer loop
      vertex 41.80133083175714 26.133157153320308 4.05
      vertex 41.95444504226559 26.90291427061512 4.05
      vertex 40.724999999999994 25.349999999999998 4.05
    endloop
  endfacet
  facet normal 0 0 1
    outer loop
      vertex 42.206722804932284 27.646100594190536 4.05
      vertex 40.724999999999994 27.349999999999998 4.05
      vertex 40.724999999999994 25.349999999999998 4.05
    endloop
  endfacet
  facet normal 0 0 1
    outer loop
      vertex 41.95444504226559 26.90291427061512 4.05
      vertex 42.206722804932284 27.646100594190536 4.05
      vertex 40.724999999999994 25.349999999999998 4.05
    endloop
  endfacet
  facet normal 0 0 1
    outer loop
      vertex 42.206722804932284 27.646100594190536 4.05
      vertex 38.875 27.349999999999998 4.05
      vertex 40.724999999999994 27.349999999999998 4.05
    endloop
  endfacet
  facet normal 0 0 -1
    outer loop
      vertex 49.302914270615126 19.554445042265588 -4.05
      vertex 48.75 19.444463555739535 -4.05
      vertex 48.75 25.349999999999998 -4.05
    endloop
  endfacet
  facet normal 0 0 -1
    outer loop
      vertex 49.302914270615126 19.554445042265588 -4.05
      vertex 50.04610059419054 30.893277195067718 -4.05
      vertex 50.04610059419054 19.806722804932278 -4.05
    endloop
  endfacet
  facet normal 0 0 -1
    outer loop
      vertex 50.04610059419054 19.806722804932278 -4.05
      vertex 50.75 30.54615242270663 -4.05
      vertex 50.75 20.153847577293366 -4.05
    endloop
  endfacet
  facet normal 0 0 -1
    outer loop
      vertex 41.80133083175714 26.133157153320308 -4.05
      vertex 41.95444504226559 26.90291427061512 -4.05
      vertex 41.75 25.349999999999998 -4.05
    endloop
  endfacet
  facet normal 0 0 -1
    outer loop
      vertex 41.95444504226559 26.90291427061512 -4.05
      vertex 42.206722804932284 27.646100594190536 -4.05
      vertex 41.75 25.349999999999998 -4.05
    endloop
  endfacet
  facet normal 0 0 -1
    outer loop
      vertex 42.206722804932284 27.646100594190536 -4.05
      vertex 42.55384757729337 28.349999999999998 -4.05
      vertex 41.75 25.349999999999998 -4.05
    endloop
  endfacet
  facet normal 0 0 -1
    outer loop
      vertex 42.55384757729337 28.349999999999998 -4.05
      vertex 42.58725650918933 28.4 -4.05
      vertex 41.75 25.349999999999998 -4.05
    endloop
  endfacet
  facet normal 0 0 -1
    outer loop
      vertex 41.75 25.349999999999998 -4.05
      vertex 42.58725650918933 28.4 -4.05
      vertex 48 28.4 -4.05
    endloop
  endfacet
  facet normal 0 0 -1
    outer loop
      vertex 48.75 25.349999999999998 -4.05
      vertex 41.75 25.349999999999998 -4.05
      vertex 48 28.4 -4.05
    endloop
  endfacet
  facet normal 0 0 -1
    outer loop
      vertex 44.097431425947676 30.110120041747408 -4.05
      vertex 44.75 30.54615242270663 -4.05
      vertex 43.85783543835371 29.9 -4.05
    endloop
  endfacet
  facet normal 0 0 -1
    outer loop
      vertex 44.75 30.54615242270663 -4.05
      vertex 45.45389940580946 30.893277195067718 -4.05
      vertex 43.85783543835371 29.9 -4.05
    endloop
  endfacet
  facet normal 0 0 -1
    outer loop
      vertex 45.45389940580946 30.893277195067718 -4.05
      vertex 46.197085729384874 31.145554957734408 -4.05
      vertex 43.85783543835371 29.9 -4.05
    endloop
  endfacet
  facet normal 0 0 -1
    outer loop
      vertex 48.53315715332031 31.29866916824286 -4.05
      vertex 48 29.9 -4.05
      vertex 43.85783543835371 29.9 -4.05
    endloop
  endfacet
  facet normal 0 0 -1
    outer loop
      vertex 46.197085729384874 31.145554957734408 -4.05
      vertex 46.96684284667969 31.29866916824286 -4.05
      vertex 43.85783543835371 29.9 -4.05
    endloop
  endfacet
  facet normal 0 0 -1
    outer loop
      vertex 46.96684284667969 31.29866916824286 -4.05
      vertex 47.75 31.349999999999998 -4.05
      vertex 43.85783543835371 29.9 -4.05
    endloop
  endfacet
  facet normal 0 0 -1
    outer loop
      vertex 47.75 31.349999999999998 -4.05
      vertex 48.53315715332031 31.29866916824286 -4.05
      vertex 43.85783543835371 29.9 -4.05
    endloop
  endfacet
  facet normal 0 0 -1
    outer loop
      vertex 49.302914270615126 19.554445042265588 -4.05
      vertex 48.75 25.349999999999998 -4.05
      vertex 49.302914270615126 31.145554957734408 -4.05
    endloop
  endfacet
  facet normal 0 0 -1
    outer loop
      vertex 49.302914270615126 19.554445042265588 -4.05
      vertex 49.302914270615126 31.145554957734408 -4.05
      vertex 50.04610059419054 30.893277195067718 -4.05
    endloop
  endfacet
  facet normal 0 0 -1
    outer loop
      vertex 50.04610059419054 19.806722804932278 -4.05
      vertex 50.04610059419054 30.893277195067718 -4.05
      vertex 50.75 30.54615242270663 -4.05
    endloop
  endfacet
  facet normal 0 0 -1
    outer loop
      vertex 50.75 20.153847577293366 -4.05
      vertex 51.402568574052324 30.110120041747408 -4.05
      vertex 51.402568574052324 20.589879958252588 -4.05
    endloop
  endfacet
  facet normal 0 0 -1
    outer loop
      vertex 51.402568574052324 20.589879958252588 -4.05
      vertex 51.992640687119284 29.592640687119285 -4.05
      vertex 51.992640687119284 21.10735931288071 -4.05
    endloop
  endfacet
  facet normal 0 0 -1
    outer loop
      vertex 51.992640687119284 21.10735931288071 -4.05
      vertex 52.51012004174741 29.002568574052322 -4.05
      vertex 52.51012004174741 21.697431425947673 -4.05
    endloop
  endfacet
  facet normal 0 0 -1
    outer loop
      vertex 52.51012004174741 21.697431425947673 -4.05
      vertex 52.94615242270663 28.349999999999998 -4.05
      vertex 52.94615242270663 22.349999999999998 -4.05
    endloop
  endfacet
  facet normal 0 0 -1
    outer loop
      vertex 52.94615242270663 22.349999999999998 -4.05
      vertex 53.293277195067716 27.646100594190536 -4.05
      vertex 53.293277195067716 23.05389940580946 -4.05
    endloop
  endfacet
  facet normal 0 0 -1
    outer loop
      vertex 53.293277195067716 23.05389940580946 -4.05
      vertex 53.54555495773441 26.90291427061512 -4.05
      vertex 53.54555495773441 23.797085729384875 -4.05
    endloop
  endfacet
  facet normal 0 0 -1
    outer loop
      vertex 53.54555495773441 23.797085729384875 -4.05
      vertex 53.69866916824286 26.133157153320308 -4.05
      vertex 53.69866916824286 24.566842846679688 -4.05
    endloop
  endfacet
  facet normal 0 0 -1
    outer loop
      vertex 53.69866916824286 24.566842846679688 -4.05
      vertex 53.69866916824286 26.133157153320308 -4.05
      vertex 53.75 25.349999999999998 -4.05
    endloop
  endfacet
  facet normal 0 0 -1
    outer loop
      vertex 50.75 20.153847577293366 -4.05
      vertex 50.75 30.54615242270663 -4.05
      vertex 51.402568574052324 30.110120041747408 -4.05
    endloop
  endfacet
  facet normal 0 0 -1
    outer loop
      vertex 51.402568574052324 20.589879958252588 -4.05
      vertex 51.402568574052324 30.110120041747408 -4.05
      vertex 51.992640687119284 29.592640687119285 -4.05
    endloop
  endfacet
  facet normal 0 0 -1
    outer loop
      vertex 52.51012004174741 21.697431425947673 -4.05
      vertex 52.51012004174741 29.002568574052322 -4.05
      vertex 52.94615242270663 28.349999999999998 -4.05
    endloop
  endfacet
  facet normal 0 0 -1
    outer loop
      vertex 53.54555495773441 23.797085729384875 -4.05
      vertex 53.54555495773441 26.90291427061512 -4.05
      vertex 53.69866916824286 26.133157153320308 -4.05
    endloop
  endfacet
  facet normal 0 0 -1
    outer loop
      vertex 53.293277195067716 23.05389940580946 -4.05
      vertex 53.293277195067716 27.646100594190536 -4.05
      vertex 53.54555495773441 26.90291427061512 -4.05
    endloop
  endfacet
  facet normal 0 0 -1
    outer loop
      vertex 52.94615242270663 22.349999999999998 -4.05
      vertex 52.94615242270663 28.349999999999998 -4.05
      vertex 53.293277195067716 27.646100594190536 -4.05
    endloop
  endfacet
  facet normal 0 0 -1
    outer loop
      vertex 51.992640687119284 21.10735931288071 -4.05
      vertex 51.992640687119284 29.592640687119285 -4.05
      vertex 52.51012004174741 29.002568574052322 -4.05
    endloop
  endfacet
  facet normal 0 0 -1
    outer loop
      vertex 48.75 25.349999999999998 -4.05
      vertex 48 28.4 -4.05
      vertex 48 29.9 -4.05
    endloop
  endfacet
  facet normal 0 0 -1
    outer loop
      vertex 48.53315715332031 31.29866916824286 -4.05
      vertex 48.75 25.349999999999998 -4.05
      vertex 48 29.9 -4.05
    endloop
  endfacet
  facet normal 0 0 -1
    outer loop
      vertex 48.53315715332031 31.29866916824286 -4.05
      vertex 49.302914270615126 31.145554957734408 -4.05
      vertex 48.75 25.349999999999998 -4.05
    endloop
  endfacet
  facet normal 0.9978589232386033 0.06540312923014802 0
    outer loop
      vertex 53.75 25.349999999999998 -4.05
      vertex 53.69866916824286 26.133157153320308 -4.05
      vertex 53.75 25.349999999999998 4.05
    endloop
  endfacet
  facet normal 0.9807852804032313 0.1950903220161236 0
    outer loop
      vertex 53.69866916824286 26.133157153320308 -4.05
      vertex 53.54555495773441 26.90291427061512 -4.05
      vertex 53.69866916824286 26.133157153320308 4.05
    endloop
  endfacet
  facet normal 0.946930129495104 0.3214394653031663 0
    outer loop
      vertex 53.54555495773441 26.90291427061512 -4.05
      vertex 53.293277195067716 27.646100594190536 -4.05
      vertex 53.54555495773441 26.90291427061512 4.05
    endloop
  endfacet
  facet normal 0.0654031292301435 0.9978589232386035 0
    outer loop
      vertex 47.75 31.349999999999998 -4.05
      vertex 47.75 31.349999999999998 4.05
      vertex 48.53315715332031 31.29866916824286 -4.05
    endloop
  endfacet
  facet normal 0.1950903220161271 0.9807852804032308 0
    outer loop
      vertex 48.53315715332031 31.29866916824286 -4.05
      vertex 48.53315715332031 31.29866916824286 4.05
      vertex 49.302914270615126 31.145554957734408 -4.05
    endloop
  endfacet
  facet normal 0.32143946530316225 0.9469301294951055 0
    outer loop
      vertex 49.302914270615126 31.145554957734408 -4.05
      vertex 49.302914270615126 31.145554957734408 4.05
      vertex 50.04610059419054 30.893277195067718 -4.05
    endloop
  endfacet
  facet normal 0.44228869021900186 0.896872741532688 0
    outer loop
      vertex 50.04610059419054 30.893277195067718 -4.05
      vertex 50.04610059419054 30.893277195067718 4.05
      vertex 50.75 30.54615242270663 -4.05
    endloop
  endfacet
  facet normal 0.8968727415326907 0.44228869021899647 0
    outer loop
      vertex 53.293277195067716 27.646100594190536 -4.05
      vertex 52.94615242270663 28.349999999999998 -4.05
      vertex 53.293277195067716 27.646100594190536 4.05
    endloop
  endfacet
  facet normal 0.8314696123025467 0.5555702330196001 0
    outer loop
      vertex 52.94615242270663 28.349999999999998 -4.05
      vertex 52.51012004174741 29.002568574052322 -4.05
      vertex 52.94615242270663 28.349999999999998 4.05
    endloop
  endfacet
  facet normal 0.751839807478976 0.6593458151000703 0
    outer loop
      vertex 52.51012004174741 29.002568574052322 -4.05
      vertex 51.992640687119284 29.592640687119285 -4.05
      vertex 52.51012004174741 29.002568574052322 4.05
    endloop
  endfacet
  facet normal 0.6593458151000674 0.7518398074789788 0
    outer loop
      vertex 51.992640687119284 29.592640687119285 -4.05
      vertex 51.402568574052324 30.110120041747408 -4.05
      vertex 51.402568574052324 30.110120041747408 4.05
    endloop
  endfacet
  facet normal 0.5555702330196033 0.8314696123025446 0
    outer loop
      vertex 51.402568574052324 30.110120041747408 -4.05
      vertex 50.75 30.54615242270663 -4.05
      vertex 50.75 30.54615242270663 4.05
    endloop
  endfacet
  facet normal 0.9978589232386033 0.06540312923014802 0
    outer loop
      vertex 53.69866916824286 26.133157153320308 -4.05
      vertex 53.69866916824286 26.133157153320308 4.05
      vertex 53.75 25.349999999999998 4.05
    endloop
  endfacet
  facet normal 0.9807852804032313 0.1950903220161236 0
    outer loop
      vertex 53.54555495773441 26.90291427061512 -4.05
      vertex 53.54555495773441 26.90291427061512 4.05
      vertex 53.69866916824286 26.133157153320308 4.05
    endloop
  endfacet
  facet normal 0.946930129495104 0.3214394653031663 0
    outer loop
      vertex 53.293277195067716 27.646100594190536 -4.05
      vertex 53.293277195067716 27.646100594190536 4.05
      vertex 53.54555495773441 26.90291427061512 4.05
    endloop
  endfacet
  facet normal 0.0654031292301435 0.9978589232386035 0
    outer loop
      vertex 48.53315715332031 31.29866916824286 -4.05
      vertex 47.75 31.349999999999998 4.05
      vertex 48.53315715332031 31.29866916824286 4.05
    endloop
  endfacet
  facet normal 0.1950903220161271 0.9807852804032308 0
    outer loop
      vertex 49.302914270615126 31.145554957734408 -4.05
      vertex 48.53315715332031 31.29866916824286 4.05
      vertex 49.302914270615126 31.145554957734408 4.05
    endloop
  endfacet
  facet normal 0.32143946530316225 0.9469301294951055 0
    outer loop
      vertex 50.04610059419054 30.893277195067718 -4.05
      vertex 49.302914270615126 31.145554957734408 4.05
      vertex 50.04610059419054 30.893277195067718 4.05
    endloop
  endfacet
  facet normal 0.8968727415326907 0.44228869021899647 0
    outer loop
      vertex 52.94615242270663 28.349999999999998 -4.05
      vertex 52.94615242270663 28.349999999999998 4.05
      vertex 53.293277195067716 27.646100594190536 4.05
    endloop
  endfacet
  facet normal 0.8314696123025467 0.5555702330196001 0
    outer loop
      vertex 52.51012004174741 29.002568574052322 -4.05
      vertex 52.51012004174741 29.002568574052322 4.05
      vertex 52.94615242270663 28.349999999999998 4.05
    endloop
  endfacet
  facet normal 0.5555702330196033 0.8314696123025446 0
    outer loop
      vertex 51.402568574052324 30.110120041747408 -4.05
      vertex 50.75 30.54615242270663 4.05
      vertex 51.402568574052324 30.110120041747408 4.05
    endloop
  endfacet
  facet normal 0.6593458151000674 0.7518398074789788 0
    outer loop
      vertex 51.992640687119284 29.592640687119285 -4.05
      vertex 51.402568574052324 30.110120041747408 4.05
      vertex 51.992640687119284 29.592640687119285 4.05
    endloop
  endfacet
  facet normal 0.44228869021900186 0.896872741532688 0
    outer loop
      vertex 50.75 30.54615242270663 -4.05
      vertex 50.04610059419054 30.893277195067718 4.05
      vertex 50.75 30.54615242270663 4.05
    endloop
  endfacet
  facet normal 0.751839807478976 0.6593458151000703 0
    outer loop
      vertex 51.992640687119284 29.592640687119285 -4.05
      vertex 51.992640687119284 29.592640687119285 4.05
      vertex 52.51012004174741 29.002568574052322 4.05
    endloop
  endfacet
  facet normal 0 0 1
    outer loop
      vertex 41.75 25.349999999999998 4.05
      vertex 48.75 25.349999999999998 4.05
      vertex 41.80133083175714 26.133157153320308 4.05
    endloop
  endfacet
  facet normal 0 0 1
    outer loop
      vertex 41.80133083175714 26.133157153320308 4.05
      vertex 48.75 25.349999999999998 4.05
      vertex 41.95444504226559 26.90291427061512 4.05
    endloop
  endfacet
  facet normal 0 0 1
    outer loop
      vertex 41.95444504226559 26.90291427061512 4.05
      vertex 48.75 25.349999999999998 4.05
      vertex 42.206722804932284 27.646100594190536 4.05
    endloop
  endfacet
  facet normal 0 0 1
    outer loop
      vertex 42.206722804932284 27.646100594190536 4.05
      vertex 48.75 25.349999999999998 4.05
      vertex 42.55384757729337 28.349999999999998 4.05
    endloop
  endfacet
  facet normal 0 0 1
    outer loop
      vertex 42.55384757729337 28.349999999999998 4.05
      vertex 48.75 25.349999999999998 4.05
      vertex 42.58725650918933 28.4 4.05
    endloop
  endfacet
  facet normal 0 0 1
    outer loop
      vertex 42.58725650918933 28.4 4.05
      vertex 48.75 25.349999999999998 4.05
      vertex 48 28.4 4.05
    endloop
  endfacet
  facet normal 0 0 1
    outer loop
      vertex 44.097431425947676 30.110120041747408 4.05
      vertex 43.85783543835371 29.9 4.05
      vertex 48 29.9 4.05
    endloop
  endfacet
  facet normal 0 0 1
    outer loop
      vertex 44.097431425947676 30.110120041747408 4.05
      vertex 48 29.9 4.05
      vertex 44.75 30.54615242270663 4.05
    endloop
  endfacet
  facet normal 0 0 1
    outer loop
      vertex 44.75 30.54615242270663 4.05
      vertex 48 29.9 4.05
      vertex 45.45389940580946 30.893277195067718 4.05
    endloop
  endfacet
  facet normal 0 0 1
    outer loop
      vertex 45.45389940580946 30.893277195067718 4.05
      vertex 48 29.9 4.05
      vertex 46.197085729384874 31.145554957734408 4.05
    endloop
  endfacet
  facet normal 0 0 1
    outer loop
      vertex 48.53315715332031 31.29866916824286 4.05
      vertex 48.75 25.349999999999998 4.05
      vertex 49.25 25.349999999999998 4.05
    endloop
  endfacet
  facet normal 0 0 1
    outer loop
      vertex 49.302914270615126 31.145554957734408 4.05
      vertex 49.25 25.349999999999998 4.05
      vertex 49.511052384440106 25.33288972274762 4.05
    endloop
  endfacet
  facet normal 0 0 1
    outer loop
      vertex 49.302914270615126 31.145554957734408 4.05
      vertex 49.511052384440106 25.33288972274762 4.05
      vertex 49.76763809020504 25.281851652578133 4.05
    endloop
  endfacet
  facet normal 0 0 1
    outer loop
      vertex 50.04610059419054 30.893277195067718 4.05
      vertex 49.76763809020504 25.281851652578133 4.05
      vertex 50.01536686473018 25.19775906502257 4.05
    endloop
  endfacet
  facet normal 0 0 1
    outer loop
      vertex 50.04610059419054 30.893277195067718 4.05
      vertex 50.01536686473018 25.19775906502257 4.05
      vertex 50.25 25.082050807568876 4.05
    endloop
  endfacet
  facet normal 0 0 1
    outer loop
      vertex 50.04610059419054 30.893277195067718 4.05
      vertex 50.25 25.082050807568876 4.05
      vertex 50.46752285801744 24.936706680582468 4.05
    endloop
  endfacet
  facet normal 0 0 1
    outer loop
      vertex 51.402568574052324 20.589879958252588 4.05
      vertex 51.402568574052324 30.110120041747408 4.05
      vertex 51.25 20.487936896253014 4.05
    endloop
  endfacet
  facet normal 0 0 1
    outer loop
      vertex 51.402568574052324 20.589879958252588 4.05
      vertex 51.992640687119284 21.10735931288071 4.05
      vertex 51.402568574052324 30.110120041747408 4.05
    endloop
  endfacet
  facet normal 0 0 1
    outer loop
      vertex 51.402568574052324 30.110120041747408 4.05
      vertex 51.25 23.349999999999998 4.05
      vertex 51.25 20.487936896253014 4.05
    endloop
  endfacet
  facet normal 0 0 1
    outer loop
      vertex 51.992640687119284 21.10735931288071 4.05
      vertex 52.51012004174741 21.697431425947673 4.05
      vertex 51.992640687119284 29.592640687119285 4.05
    endloop
  endfacet
  facet normal 0 0 1
    outer loop
      vertex 52.51012004174741 21.697431425947673 4.05
      vertex 52.94615242270663 22.349999999999998 4.05
      vertex 52.51012004174741 29.002568574052322 4.05
    endloop
  endfacet
  facet normal 0 0 1
    outer loop
      vertex 52.94615242270663 22.349999999999998 4.05
      vertex 53.293277195067716 23.05389940580946 4.05
      vertex 52.94615242270663 28.349999999999998 4.05
    endloop
  endfacet
  facet normal 0 0 1
    outer loop
      vertex 53.293277195067716 23.05389940580946 4.05
      vertex 53.54555495773441 23.797085729384875 4.05
      vertex 53.293277195067716 27.646100594190536 4.05
    endloop
  endfacet
  facet normal 0 0 1
    outer loop
      vertex 53.54555495773441 23.797085729384875 4.05
      vertex 53.69866916824286 24.566842846679688 4.05
      vertex 53.54555495773441 26.90291427061512 4.05
    endloop
  endfacet
  facet normal 0 0 1
    outer loop
      vertex 53.69866916824286 24.566842846679688 4.05
      vertex 53.75 25.349999999999998 4.05
      vertex 53.69866916824286 26.133157153320308 4.05
    endloop
  endfacet
  facet normal 0 0 1
    outer loop
      vertex 50.75 30.54615242270663 4.05
      vertex 51.09775906502257 24.115366864730177 4.05
      vertex 51.18185165257814 23.86763809020504 4.05
    endloop
  endfacet
  facet normal 0 0 1
    outer loop
      vertex 50.75 30.54615242270663 4.05
      vertex 51.18185165257814 23.86763809020504 4.05
      vertex 51.23288972274762 23.6110523844401 4.05
    endloop
  endfacet
  facet normal 0 0 1
    outer loop
      vertex 50.75 30.54615242270663 4.05
      vertex 50.982050807568875 24.349999999999998 4.05
      vertex 51.09775906502257 24.115366864730177 4.05
    endloop
  endfacet
  facet normal 0 0 1
    outer loop
      vertex 51.402568574052324 30.110120041747408 4.05
      vertex 51.23288972274762 23.6110523844401 4.05
      vertex 51.25 23.349999999999998 4.05
    endloop
  endfacet
  facet normal 0 0 1
    outer loop
      vertex 50.75 30.54615242270663 4.05
      vertex 50.66421356237309 24.764213562373094 4.05
      vertex 50.83670668058247 24.56752285801744 4.05
    endloop
  endfacet
  facet normal 0 0 1
    outer loop
      vertex 50.75 30.54615242270663 4.05
      vertex 50.46752285801744 24.936706680582468 4.05
      vertex 50.66421356237309 24.764213562373094 4.05
    endloop
  endfacet
  facet normal 0 0 1
    outer loop
      vertex 50.75 30.54615242270663 4.05
      vertex 50.83670668058247 24.56752285801744 4.05
      vertex 50.982050807568875 24.349999999999998 4.05
    endloop
  endfacet
  facet normal 0 0 1
    outer loop
      vertex 51.992640687119284 21.10735931288071 4.05
      vertex 51.992640687119284 29.592640687119285 4.05
      vertex 51.402568574052324 30.110120041747408 4.05
    endloop
  endfacet
  facet normal 0 0 1
    outer loop
      vertex 53.69866916824286 24.566842846679688 4.05
      vertex 53.69866916824286 26.133157153320308 4.05
      vertex 53.54555495773441 26.90291427061512 4.05
    endloop
  endfacet
  facet normal 0 0 1
    outer loop
      vertex 53.293277195067716 23.05389940580946 4.05
      vertex 53.293277195067716 27.646100594190536 4.05
      vertex 52.94615242270663 28.349999999999998 4.05
    endloop
  endfacet
  facet normal 0 0 1
    outer loop
      vertex 53.54555495773441 23.797085729384875 4.05
      vertex 53.54555495773441 26.90291427061512 4.05
      vertex 53.293277195067716 27.646100594190536 4.05
    endloop
  endfacet
  facet normal 0 0 1
    outer loop
      vertex 52.51012004174741 21.697431425947673 4.05
      vertex 52.51012004174741 29.002568574052322 4.05
      vertex 51.992640687119284 29.592640687119285 4.05
    endloop
  endfacet
  facet normal 0 0 1
    outer loop
      vertex 52.94615242270663 22.349999999999998 4.05
      vertex 52.94615242270663 28.349999999999998 4.05
      vertex 52.51012004174741 29.002568574052322 4.05
    endloop
  endfacet
  facet normal 0 0 1
    outer loop
      vertex 48.75 25.349999999999998 4.05
      vertex 48 29.9 4.05
      vertex 48 28.4 4.05
    endloop
  endfacet
  facet normal 0 0 1
    outer loop
      vertex 48.53315715332031 31.29866916824286 4.05
      vertex 48 29.9 4.05
      vertex 48.75 25.349999999999998 4.05
    endloop
  endfacet
  facet normal 0 0 1
    outer loop
      vertex 48.53315715332031 31.29866916824286 4.05
      vertex 49.25 25.349999999999998 4.05
      vertex 49.302914270615126 31.145554957734408 4.05
    endloop
  endfacet
  facet normal 0 0 1
    outer loop
      vertex 49.302914270615126 31.145554957734408 4.05
      vertex 49.76763809020504 25.281851652578133 4.05
      vertex 50.04610059419054 30.893277195067718 4.05
    endloop
  endfacet
  facet normal 0 0 1
    outer loop
      vertex 46.197085729384874 31.145554957734408 4.05
      vertex 48 29.9 4.05
      vertex 46.96684284667969 31.29866916824286 4.05
    endloop
  endfacet
  facet normal 0 0 1
    outer loop
      vertex 46.96684284667969 31.29866916824286 4.05
      vertex 48 29.9 4.05
      vertex 47.75 31.349999999999998 4.05
    endloop
  endfacet
  facet normal 0 0 1
    outer loop
      vertex 47.75 31.349999999999998 4.05
      vertex 48 29.9 4.05
      vertex 48.53315715332031 31.29866916824286 4.05
    endloop
  endfacet
  facet normal 0 0 1
    outer loop
      vertex 51.402568574052324 30.110120041747408 4.05
      vertex 50.75 30.54615242270663 4.05
      vertex 51.23288972274762 23.6110523844401 4.05
    endloop
  endfacet
  facet normal 0 0 1
    outer loop
      vertex 50.04610059419054 30.893277195067718 4.05
      vertex 50.46752285801744 24.936706680582468 4.05
      vertex 50.75 30.54615242270663 4.05
    endloop
  endfacet
  facet normal 0 0 -1
    outer loop
      vertex 44.097431425947676 -30.110120041747408 -4.05
      vertex 43.85783543835371 -29.9 -4.05
      vertex 48 -29.9 -4.05
    endloop
  endfacet
  facet normal 0 0 -1
    outer loop
      vertex 44.75 -30.54615242270663 -4.05
      vertex 48 -29.9 -4.05
      vertex 45.45389940580946 -30.893277195067718 -4.05
    endloop
  endfacet
  facet normal 0 0 -1
    outer loop
      vertex 45.45389940580946 -30.893277195067718 -4.05
      vertex 48 -29.9 -4.05
      vertex 46.197085729384874 -31.145554957734408 -4.05
    endloop
  endfacet
  facet normal 0 0 -1
    outer loop
      vertex 44.75 -30.54615242270663 -4.05
      vertex 44.097431425947676 -30.110120041747408 -4.05
      vertex 48 -29.9 -4.05
    endloop
  endfacet
  facet normal 0 0 -1
    outer loop
      vertex 42.55384757729337 -28.349999999999998 -4.05
      vertex 42.206722804932284 -27.646100594190536 -4.05
      vertex 48.75 -25.349999999999998 -4.05
    endloop
  endfacet
  facet normal 0 0 -1
    outer loop
      vertex 42.206722804932284 -27.646100594190536 -4.05
      vertex 41.95444504226559 -26.90291427061512 -4.05
      vertex 48.75 -25.349999999999998 -4.05
    endloop
  endfacet
  facet normal 0 0 -1
    outer loop
      vertex 42.55384757729337 -28.349999999999998 -4.05
      vertex 48.75 -25.349999999999998 -4.05
      vertex 42.58725650918933 -28.4 -4.05
    endloop
  endfacet
  facet normal 0 0 -1
    outer loop
      vertex 41.95444504226559 -26.90291427061512 -4.05
      vertex 41.80133083175714 -26.133157153320308 -4.05
      vertex 48.75 -25.349999999999998 -4.05
    endloop
  endfacet
  facet normal 0 0 -1
    outer loop
      vertex 41.80133083175714 -26.133157153320308 -4.05
      vertex 41.75 -25.349999999999998 -4.05
      vertex 48.75 -25.349999999999998 -4.05
    endloop
  endfacet
  facet normal 0 0 -1
    outer loop
      vertex 48.75 -25.349999999999998 -4.05
      vertex 48 -28.4 -4.05
      vertex 42.58725650918933 -28.4 -4.05
    endloop
  endfacet
  facet normal 0 0 -1
    outer loop
      vertex 46.197085729384874 -31.145554957734408 -4.05
      vertex 48 -29.9 -4.05
      vertex 46.96684284667969 -31.29866916824286 -4.05
    endloop
  endfacet
  facet normal 0 0 -1
    outer loop
      vertex 46.96684284667969 -31.29866916824286 -4.05
      vertex 48 -29.9 -4.05
      vertex 47.75 -31.349999999999998 -4.05
    endloop
  endfacet
  facet normal 0 0 -1
    outer loop
      vertex 47.75 -31.349999999999998 -4.05
      vertex 48 -29.9 -4.05
      vertex 48.53315715332031 -31.29866916824286 -4.05
    endloop
  endfacet
  facet normal 0 0 -1
    outer loop
      vertex 48.53315715332031 -31.29866916824286 -4.05
      vertex 48 -29.9 -4.05
      vertex 48.75 -25.349999999999998 -4.05
    endloop
  endfacet
  facet normal 0 0 -1
    outer loop
      vertex 48.75 -25.349999999999998 -4.05
      vertex 48 -29.9 -4.05
      vertex 48 -28.4 -4.05
    endloop
  endfacet
  facet normal 0 0 -1
    outer loop
      vertex 48.53315715332031 -31.29866916824286 -4.05
      vertex 49.302914270615126 -19.554445042265588 -4.05
      vertex 49.302914270615126 -31.145554957734408 -4.05
    endloop
  endfacet
  facet normal 0 0 -1
    outer loop
      vertex 49.302914270615126 -31.145554957734408 -4.05
      vertex 50.04610059419054 -19.806722804932278 -4.05
      vertex 50.04610059419054 -30.893277195067718 -4.05
    endloop
  endfacet
  facet normal 0 0 -1
    outer loop
      vertex 48.53315715332031 -31.29866916824286 -4.05
      vertex 48.75 -25.349999999999998 -4.05
      vertex 49.302914270615126 -19.554445042265588 -4.05
    endloop
  endfacet
  facet normal 0 0 -1
    outer loop
      vertex 50.04610059419054 -30.893277195067718 -4.05
      vertex 50.04610059419054 -19.806722804932278 -4.05
      vertex 50.75 -20.153847577293366 -4.05
    endloop
  endfacet
  facet normal 0 0 -1
    outer loop
      vertex 50.04610059419054 -30.893277195067718 -4.05
      vertex 50.75 -20.153847577293366 -4.05
      vertex 50.75 -30.54615242270663 -4.05
    endloop
  endfacet
  facet normal 0 0 -1
    outer loop
      vertex 50.75 -30.54615242270663 -4.05
      vertex 51.402568574052324 -20.589879958252588 -4.05
      vertex 51.402568574052324 -30.110120041747408 -4.05
    endloop
  endfacet
  facet normal 0 0 -1
    outer loop
      vertex 51.402568574052324 -30.110120041747408 -4.05
      vertex 51.992640687119284 -21.10735931288071 -4.05
      vertex 51.992640687119284 -29.592640687119285 -4.05
    endloop
  endfacet
  facet normal 0 0 -1
    outer loop
      vertex 51.992640687119284 -29.592640687119285 -4.05
      vertex 52.51012004174741 -21.697431425947673 -4.05
      vertex 52.51012004174741 -29.002568574052322 -4.05
    endloop
  endfacet
  facet normal 0 0 -1
    outer loop
      vertex 52.51012004174741 -29.002568574052322 -4.05
      vertex 52.94615242270663 -22.349999999999998 -4.05
      vertex 52.94615242270663 -28.349999999999998 -4.05
    endloop
  endfacet
  facet normal 0 0 -1
    outer loop
      vertex 52.94615242270663 -28.349999999999998 -4.05
      vertex 53.293277195067716 -23.05389940580946 -4.05
      vertex 53.293277195067716 -27.646100594190536 -4.05
    endloop
  endfacet
  facet normal 0 0 -1
    outer loop
      vertex 53.293277195067716 -27.646100594190536 -4.05
      vertex 53.54555495773441 -23.797085729384875 -4.05
      vertex 53.54555495773441 -26.90291427061512 -4.05
    endloop
  endfacet
  facet normal 0 0 -1
    outer loop
      vertex 53.54555495773441 -26.90291427061512 -4.05
      vertex 53.69866916824286 -24.566842846679688 -4.05
      vertex 53.69866916824286 -26.133157153320308 -4.05
    endloop
  endfacet
  facet normal 0 0 -1
    outer loop
      vertex 50.75 -30.54615242270663 -4.05
      vertex 50.75 -20.153847577293366 -4.05
      vertex 51.402568574052324 -20.589879958252588 -4.05
    endloop
  endfacet
  facet normal 0 0 -1
    outer loop
      vertex 51.402568574052324 -30.110120041747408 -4.05
      vertex 51.402568574052324 -20.589879958252588 -4.05
      vertex 51.992640687119284 -21.10735931288071 -4.05
    endloop
  endfacet
  facet normal 0 0 -1
    outer loop
      vertex 53.69866916824286 -26.133157153320308 -4.05
      vertex 53.69866916824286 -24.566842846679688 -4.05
      vertex 53.75 -25.349999999999998 -4.05
    endloop
  endfacet
  facet normal 0 0 -1
    outer loop
      vertex 53.54555495773441 -26.90291427061512 -4.05
      vertex 53.54555495773441 -23.797085729384875 -4.05
      vertex 53.69866916824286 -24.566842846679688 -4.05
    endloop
  endfacet
  facet normal 0 0 -1
    outer loop
      vertex 52.94615242270663 -28.349999999999998 -4.05
      vertex 52.94615242270663 -22.349999999999998 -4.05
      vertex 53.293277195067716 -23.05389940580946 -4.05
    endloop
  endfacet
  facet normal 0 0 -1
    outer loop
      vertex 53.293277195067716 -27.646100594190536 -4.05
      vertex 53.293277195067716 -23.05389940580946 -4.05
      vertex 53.54555495773441 -23.797085729384875 -4.05
    endloop
  endfacet
  facet normal 0 0 -1
    outer loop
      vertex 51.992640687119284 -29.592640687119285 -4.05
      vertex 51.992640687119284 -21.10735931288071 -4.05
      vertex 52.51012004174741 -21.697431425947673 -4.05
    endloop
  endfacet
  facet normal 0 0 -1
    outer loop
      vertex 52.51012004174741 -29.002568574052322 -4.05
      vertex 52.51012004174741 -21.697431425947673 -4.05
      vertex 52.94615242270663 -22.349999999999998 -4.05
    endloop
  endfacet
  facet normal 0 0 -1
    outer loop
      vertex 49.302914270615126 -31.145554957734408 -4.05
      vertex 49.302914270615126 -19.554445042265588 -4.05
      vertex 50.04610059419054 -19.806722804932278 -4.05
    endloop
  endfacet
  facet normal 0 0 -1
    outer loop
      vertex 49.302914270615126 -19.554445042265588 -4.05
      vertex 48.75 -25.349999999999998 -4.05
      vertex 48.75 -19.444463555739535 -4.05
    endloop
  endfacet
  facet normal 0.0654031292301435 -0.9978589232386035 0
    outer loop
      vertex 47.75 -31.349999999999998 -4.05
      vertex 48.53315715332031 -31.29866916824286 -4.05
      vertex 48.53315715332031 -31.29866916824286 4.05
    endloop
  endfacet
  facet normal 0.1950903220161271 -0.9807852804032308 0
    outer loop
      vertex 48.53315715332031 -31.29866916824286 -4.05
      vertex 49.302914270615126 -31.145554957734408 -4.05
      vertex 49.302914270615126 -31.145554957734408 4.05
    endloop
  endfacet
  facet normal 0.32143946530316225 -0.9469301294951055 0
    outer loop
      vertex 49.302914270615126 -31.145554957734408 -4.05
      vertex 50.04610059419054 -30.893277195067718 -4.05
      vertex 50.04610059419054 -30.893277195067718 4.05
    endloop
  endfacet
  facet normal 0.44228869021900186 -0.896872741532688 0
    outer loop
      vertex 50.04610059419054 -30.893277195067718 -4.05
      vertex 50.75 -30.54615242270663 -4.05
      vertex 50.75 -30.54615242270663 4.05
    endloop
  endfacet
  facet normal 0.5555702330196033 -0.8314696123025446 0
    outer loop
      vertex 50.75 -30.54615242270663 -4.05
      vertex 51.402568574052324 -30.110120041747408 -4.05
      vertex 51.402568574052324 -30.110120041747408 4.05
    endloop
  endfacet
  facet normal 0.6593458151000674 -0.7518398074789788 0
    outer loop
      vertex 51.402568574052324 -30.110120041747408 -4.05
      vertex 51.992640687119284 -29.592640687119285 -4.05
      vertex 51.992640687119284 -29.592640687119285 4.05
    endloop
  endfacet
  facet normal 0.751839807478976 -0.6593458151000703 0
    outer loop
      vertex 51.992640687119284 -29.592640687119285 -4.05
      vertex 52.51012004174741 -29.002568574052322 -4.05
      vertex 51.992640687119284 -29.592640687119285 4.05
    endloop
  endfacet
  facet normal 0.8314696123025467 -0.5555702330196001 0
    outer loop
      vertex 52.51012004174741 -29.002568574052322 -4.05
      vertex 52.94615242270663 -28.349999999999998 -4.05
      vertex 52.51012004174741 -29.002568574052322 4.05
    endloop
  endfacet
  facet normal 0.8968727415326907 -0.44228869021899647 0
    outer loop
      vertex 52.94615242270663 -28.349999999999998 -4.05
      vertex 53.293277195067716 -27.646100594190536 -4.05
      vertex 52.94615242270663 -28.349999999999998 4.05
    endloop
  endfacet
  facet normal 0.946930129495104 -0.3214394653031663 0
    outer loop
      vertex 53.293277195067716 -27.646100594190536 -4.05
      vertex 53.54555495773441 -26.90291427061512 -4.05
      vertex 53.293277195067716 -27.646100594190536 4.05
    endloop
  endfacet
  facet normal 0.9807852804032313 -0.1950903220161236 0
    outer loop
      vertex 53.54555495773441 -26.90291427061512 -4.05
      vertex 53.69866916824286 -26.133157153320308 -4.05
      vertex 53.54555495773441 -26.90291427061512 4.05
    endloop
  endfacet
  facet normal 0.9978589232386033 -0.06540312923014802 0
    outer loop
      vertex 53.69866916824286 -26.133157153320308 -4.05
      vertex 53.75 -25.349999999999998 -4.05
      vertex 53.69866916824286 -26.133157153320308 4.05
    endloop
  endfacet
  facet normal 0.0654031292301435 -0.9978589232386035 0
    outer loop
      vertex 47.75 -31.349999999999998 -4.05
      vertex 48.53315715332031 -31.29866916824286 4.05
      vertex 47.75 -31.349999999999998 4.05
    endloop
  endfacet
  facet normal 0.1950903220161271 -0.9807852804032308 0
    outer loop
      vertex 48.53315715332031 -31.29866916824286 -4.05
      vertex 49.302914270615126 -31.145554957734408 4.05
      vertex 48.53315715332031 -31.29866916824286 4.05
    endloop
  endfacet
  facet normal 0.32143946530316225 -0.9469301294951055 0
    outer loop
      vertex 49.302914270615126 -31.145554957734408 -4.05
      vertex 50.04610059419054 -30.893277195067718 4.05
      vertex 49.302914270615126 -31.145554957734408 4.05
    endloop
  endfacet
  facet normal 0.44228869021900186 -0.896872741532688 0
    outer loop
      vertex 50.04610059419054 -30.893277195067718 -4.05
      vertex 50.75 -30.54615242270663 4.05
      vertex 50.04610059419054 -30.893277195067718 4.05
    endloop
  endfacet
  facet normal 0.5555702330196033 -0.8314696123025446 0
    outer loop
      vertex 50.75 -30.54615242270663 -4.05
      vertex 51.402568574052324 -30.110120041747408 4.05
      vertex 50.75 -30.54615242270663 4.05
    endloop
  endfacet
  facet normal 0.6593458151000674 -0.7518398074789788 0
    outer loop
      vertex 51.402568574052324 -30.110120041747408 -4.05
      vertex 51.992640687119284 -29.592640687119285 4.05
      vertex 51.402568574052324 -30.110120041747408 4.05
    endloop
  endfacet
  facet normal 0.751839807478976 -0.6593458151000703 0
    outer loop
      vertex 52.51012004174741 -29.002568574052322 -4.05
      vertex 52.51012004174741 -29.002568574052322 4.05
      vertex 51.992640687119284 -29.592640687119285 4.05
    endloop
  endfacet
  facet normal 0.8314696123025467 -0.5555702330196001 0
    outer loop
      vertex 52.94615242270663 -28.349999999999998 -4.05
      vertex 52.94615242270663 -28.349999999999998 4.05
      vertex 52.51012004174741 -29.002568574052322 4.05
    endloop
  endfacet
  facet normal 0.8968727415326907 -0.44228869021899647 0
    outer loop
      vertex 53.293277195067716 -27.646100594190536 -4.05
      vertex 53.293277195067716 -27.646100594190536 4.05
      vertex 52.94615242270663 -28.349999999999998 4.05
    endloop
  endfacet
  facet normal 0.946930129495104 -0.3214394653031663 0
    outer loop
      vertex 53.54555495773441 -26.90291427061512 -4.05
      vertex 53.54555495773441 -26.90291427061512 4.05
      vertex 53.293277195067716 -27.646100594190536 4.05
    endloop
  endfacet
  facet normal 0.9807852804032313 -0.1950903220161236 0
    outer loop
      vertex 53.69866916824286 -26.133157153320308 -4.05
      vertex 53.69866916824286 -26.133157153320308 4.05
      vertex 53.54555495773441 -26.90291427061512 4.05
    endloop
  endfacet
  facet normal 0.9978589232386033 -0.06540312923014802 0
    outer loop
      vertex 53.75 -25.349999999999998 -4.05
      vertex 53.75 -25.349999999999998 4.05
      vertex 53.69866916824286 -26.133157153320308 4.05
    endloop
  endfacet
  facet normal 0 0 1
    outer loop
      vertex 44.75 -30.54615242270663 4.05
      vertex 45.45389940580946 -30.893277195067718 4.05
      vertex 43.85783543835371 -29.9 4.05
    endloop
  endfacet
  facet normal 0 0 1
    outer loop
      vertex 45.45389940580946 -30.893277195067718 4.05
      vertex 46.197085729384874 -31.145554957734408 4.05
      vertex 43.85783543835371 -29.9 4.05
    endloop
  endfacet
  facet normal 0 0 1
    outer loop
      vertex 44.75 -30.54615242270663 4.05
      vertex 43.85783543835371 -29.9 4.05
      vertex 44.097431425947676 -30.110120041747408 4.05
    endloop
  endfacet
  facet normal 0 0 1
    outer loop
      vertex 46.197085729384874 -31.145554957734408 4.05
      vertex 46.96684284667969 -31.29866916824286 4.05
      vertex 43.85783543835371 -29.9 4.05
    endloop
  endfacet
  facet normal 0 0 1
    outer loop
      vertex 46.96684284667969 -31.29866916824286 4.05
      vertex 47.75 -31.349999999999998 4.05
      vertex 43.85783543835371 -29.9 4.05
    endloop
  endfacet
  facet normal 0 0 1
    outer loop
      vertex 47.75 -31.349999999999998 4.05
      vertex 48.53315715332031 -31.29866916824286 4.05
      vertex 43.85783543835371 -29.9 4.05
    endloop
  endfacet
  facet normal 0 0 1
    outer loop
      vertex 48.53315715332031 -31.29866916824286 4.05
      vertex 48 -29.9 4.05
      vertex 43.85783543835371 -29.9 4.05
    endloop
  endfacet
  facet normal 0 0 1
    outer loop
      vertex 42.206722804932284 -27.646100594190536 4.05
      vertex 41.75 -25.349999999999998 4.05
      vertex 41.95444504226559 -26.90291427061512 4.05
    endloop
  endfacet
  facet normal 0 0 1
    outer loop
      vertex 41.95444504226559 -26.90291427061512 4.05
      vertex 41.75 -25.349999999999998 4.05
      vertex 41.80133083175714 -26.133157153320308 4.05
    endloop
  endfacet
  facet normal 0 0 1
    outer loop
      vertex 42.55384757729337 -28.349999999999998 4.05
      vertex 42.58725650918933 -28.4 4.05
      vertex 41.75 -25.349999999999998 4.05
    endloop
  endfacet
  facet normal 0 0 1
    outer loop
      vertex 42.55384757729337 -28.349999999999998 4.05
      vertex 41.75 -25.349999999999998 4.05
      vertex 42.206722804932284 -27.646100594190536 4.05
    endloop
  endfacet
  facet normal 0 0 1
    outer loop
      vertex 42.58725650918933 -28.4 4.05
      vertex 48 -28.4 4.05
      vertex 41.75 -25.349999999999998 4.05
    endloop
  endfacet
  facet normal 0 0 1
    outer loop
      vertex 48.75 -25.349999999999998 4.05
      vertex 41.75 -25.349999999999998 4.05
      vertex 48 -28.4 4.05
    endloop
  endfacet
  facet normal 0 0 1
    outer loop
      vertex 48.53315715332031 -31.29866916824286 4.05
      vertex 48.75 -25.349999999999998 4.05
      vertex 48 -29.9 4.05
    endloop
  endfacet
  facet normal 0 0 1
    outer loop
      vertex 48.75 -25.349999999999998 4.05
      vertex 48 -28.4 4.05
      vertex 48 -29.9 4.05
    endloop
  endfacet
  facet normal 0 0 1
    outer loop
      vertex 48.53315715332031 -31.29866916824286 4.05
      vertex 49.302914270615126 -31.145554957734408 4.05
      vertex 48.75 -25.349999999999998 4.05
    endloop
  endfacet
  facet normal 0 0 1
    outer loop
      vertex 49.302914270615126 -31.145554957734408 4.05
      vertex 50.04610059419054 -30.893277195067718 4.05
      vertex 49.25 -25.349999999999998 4.05
    endloop
  endfacet
  facet normal 0 0 1
    outer loop
      vertex 50.04610059419054 -30.893277195067718 4.05
      vertex 50.75 -30.54615242270663 4.05
      vertex 50.01536686473018 -25.19775906502257 4.05
    endloop
  endfacet
  facet normal 0 0 1
    outer loop
      vertex 50.75 -30.54615242270663 4.05
      vertex 51.402568574052324 -30.110120041747408 4.05
      vertex 50.66421356237309 -24.764213562373094 4.05
    endloop
  endfacet
  facet normal 0 0 1
    outer loop
      vertex 49.302914270615126 -31.145554957734408 4.05
      vertex 49.25 -25.349999999999998 4.05
      vertex 48.75 -25.349999999999998 4.05
    endloop
  endfacet
  facet normal 0 0 1
    outer loop
      vertex 50.04610059419054 -30.893277195067718 4.05
      vertex 49.511052384440106 -25.33288972274762 4.05
      vertex 49.25 -25.349999999999998 4.05
    endloop
  endfacet
  facet normal 0 0 1
    outer loop
      vertex 50.04610059419054 -30.893277195067718 4.05
      vertex 49.76763809020504 -25.281851652578133 4.05
      vertex 49.511052384440106 -25.33288972274762 4.05
    endloop
  endfacet
  facet normal 0 0 1
    outer loop
      vertex 50.04610059419054 -30.893277195067718 4.05
      vertex 50.01536686473018 -25.19775906502257 4.05
      vertex 49.76763809020504 -25.281851652578133 4.05
    endloop
  endfacet
  facet normal 0 0 1
    outer loop
      vertex 50.75 -30.54615242270663 4.05
      vertex 50.25 -25.082050807568876 4.05
      vertex 50.01536686473018 -25.19775906502257 4.05
    endloop
  endfacet
  facet normal 0 0 1
    outer loop
      vertex 50.75 -30.54615242270663 4.05
      vertex 50.46752285801744 -24.936706680582468 4.05
      vertex 50.25 -25.082050807568876 4.05
    endloop
  endfacet
  facet normal 0 0 1
    outer loop
      vertex 50.75 -30.54615242270663 4.05
      vertex 50.66421356237309 -24.764213562373094 4.05
      vertex 50.46752285801744 -24.936706680582468 4.05
    endloop
  endfacet
  facet normal 0 0 1
    outer loop
      vertex 51.402568574052324 -30.110120041747408 4.05
      vertex 50.83670668058247 -24.56752285801744 4.05
      vertex 50.66421356237309 -24.764213562373094 4.05
    endloop
  endfacet
  facet normal 0 0 1
    outer loop
      vertex 51.402568574052324 -30.110120041747408 4.05
      vertex 51.992640687119284 -29.592640687119285 4.05
      vertex 51.402568574052324 -20.589879958252588 4.05
    endloop
  endfacet
  facet normal 0 0 1
    outer loop
      vertex 51.402568574052324 -30.110120041747408 4.05
      vertex 50.982050807568875 -24.349999999999998 4.05
      vertex 50.83670668058247 -24.56752285801744 4.05
    endloop
  endfacet
  facet normal 0 0 1
    outer loop
      vertex 51.402568574052324 -30.110120041747408 4.05
      vertex 51.09775906502257 -24.115366864730177 4.05
      vertex 50.982050807568875 -24.349999999999998 4.05
    endloop
  endfacet
  facet normal 0 0 1
    outer loop
      vertex 51.402568574052324 -30.110120041747408 4.05
      vertex 51.18185165257814 -23.86763809020504 4.05
      vertex 51.09775906502257 -24.115366864730177 4.05
    endloop
  endfacet
  facet normal 0 0 1
    outer loop
      vertex 51.402568574052324 -30.110120041747408 4.05
      vertex 51.23288972274762 -23.6110523844401 4.05
      vertex 51.18185165257814 -23.86763809020504 4.05
    endloop
  endfacet
  facet normal 0 0 1
    outer loop
      vertex 51.402568574052324 -30.110120041747408 4.05
      vertex 51.25 -23.349999999999998 4.05
      vertex 51.23288972274762 -23.6110523844401 4.05
    endloop
  endfacet
  facet normal 0 0 1
    outer loop
      vertex 51.992640687119284 -29.592640687119285 4.05
      vertex 52.51012004174741 -29.002568574052322 4.05
      vertex 51.992640687119284 -21.10735931288071 4.05
    endloop
  endfacet
  facet normal 0 0 1
    outer loop
      vertex 52.51012004174741 -29.002568574052322 4.05
      vertex 52.94615242270663 -28.349999999999998 4.05
      vertex 52.51012004174741 -21.697431425947673 4.05
    endloop
  endfacet
  facet normal 0 0 1
    outer loop
      vertex 52.94615242270663 -28.349999999999998 4.05
      vertex 53.293277195067716 -27.646100594190536 4.05
      vertex 52.94615242270663 -22.349999999999998 4.05
    endloop
  endfacet
  facet normal 0 0 1
    outer loop
      vertex 53.293277195067716 -27.646100594190536 4.05
      vertex 53.54555495773441 -26.90291427061512 4.05
      vertex 53.293277195067716 -23.05389940580946 4.05
    endloop
  endfacet
  facet normal 0 0 1
    outer loop
      vertex 53.54555495773441 -26.90291427061512 4.05
      vertex 53.69866916824286 -26.133157153320308 4.05
      vertex 53.54555495773441 -23.797085729384875 4.05
    endloop
  endfacet
  facet normal 0 0 1
    outer loop
      vertex 51.402568574052324 -30.110120041747408 4.05
      vertex 51.402568574052324 -20.589879958252588 4.05
      vertex 51.25 -23.349999999999998 4.05
    endloop
  endfacet
  facet normal 0 0 1
    outer loop
      vertex 51.992640687119284 -29.592640687119285 4.05
      vertex 51.992640687119284 -21.10735931288071 4.05
      vertex 51.402568574052324 -20.589879958252588 4.05
    endloop
  endfacet
  facet normal 0 0 1
    outer loop
      vertex 53.69866916824286 -26.133157153320308 4.05
      vertex 53.75 -25.349999999999998 4.05
      vertex 53.69866916824286 -24.566842846679688 4.05
    endloop
  endfacet
  facet normal 0 0 1
    outer loop
      vertex 53.69866916824286 -26.133157153320308 4.05
      vertex 53.69866916824286 -24.566842846679688 4.05
      vertex 53.54555495773441 -23.797085729384875 4.05
    endloop
  endfacet
  facet normal 0 0 1
    outer loop
      vertex 53.54555495773441 -26.90291427061512 4.05
      vertex 53.54555495773441 -23.797085729384875 4.05
      vertex 53.293277195067716 -23.05389940580946 4.05
    endloop
  endfacet
  facet normal 0 0 1
    outer loop
      vertex 52.94615242270663 -28.349999999999998 4.05
      vertex 52.94615242270663 -22.349999999999998 4.05
      vertex 52.51012004174741 -21.697431425947673 4.05
    endloop
  endfacet
  facet normal 0 0 1
    outer loop
      vertex 52.51012004174741 -29.002568574052322 4.05
      vertex 52.51012004174741 -21.697431425947673 4.05
      vertex 51.992640687119284 -21.10735931288071 4.05
    endloop
  endfacet
  facet normal 0 0 1
    outer loop
      vertex 53.293277195067716 -27.646100594190536 4.05
      vertex 53.293277195067716 -23.05389940580946 4.05
      vertex 52.94615242270663 -22.349999999999998 4.05
    endloop
  endfacet
  facet normal 0 0 1
    outer loop
      vertex 51.402568574052324 -20.589879958252588 4.05
      vertex 51.25 -20.487936896253014 4.05
      vertex 51.25 -23.349999999999998 4.05
    endloop
  endfacet
  facet normal 0 0 -1
    outer loop
      vertex -49.302914270615126 19.554445042265588 -4.05
      vertex -48.75 25.349999999999998 -4.05
      vertex -48.75 19.444463555739535 -4.05
    endloop
  endfacet
  facet normal 0 0 -1
    outer loop
      vertex -49.302914270615126 19.554445042265588 -4.05
      vertex -50.04610059419054 19.806722804932278 -4.05
      vertex -49.302914270615126 31.145554957734408 -4.05
    endloop
  endfacet
  facet normal 0 0 -1
    outer loop
      vertex -52.94615242270663 22.349999999999998 -4.05
      vertex -52.51012004174741 29.002568574052322 -4.05
      vertex -52.51012004174741 21.697431425947673 -4.05
    endloop
  endfacet
  facet normal 0 0 -1
    outer loop
      vertex -51.992640687119284 21.10735931288071 -4.05
      vertex -52.51012004174741 21.697431425947673 -4.05
      vertex -51.992640687119284 29.592640687119285 -4.05
    endloop
  endfacet
  facet normal 0 0 -1
    outer loop
      vertex -53.293277195067716 23.05389940580946 -4.05
      vertex -53.54555495773441 23.797085729384875 -4.05
      vertex -53.293277195067716 27.646100594190536 -4.05
    endloop
  endfacet
  facet normal 0 0 -1
    outer loop
      vertex -52.94615242270663 22.349999999999998 -4.05
      vertex -53.293277195067716 23.05389940580946 -4.05
      vertex -52.94615242270663 28.349999999999998 -4.05
    endloop
  endfacet
  facet normal 0 0 -1
    outer loop
      vertex -53.54555495773441 23.797085729384875 -4.05
      vertex -53.69866916824286 24.566842846679688 -4.05
      vertex -53.54555495773441 26.90291427061512 -4.05
    endloop
  endfacet
  facet normal 0 0 -1
    outer loop
      vertex -53.69866916824286 24.566842846679688 -4.05
      vertex -53.75 25.349999999999998 -4.05
      vertex -53.69866916824286 26.133157153320308 -4.05
    endloop
  endfacet
  facet normal 0 0 -1
    outer loop
      vertex -51.402568574052324 20.589879958252588 -4.05
      vertex -51.992640687119284 21.10735931288071 -4.05
      vertex -51.402568574052324 30.110120041747408 -4.05
    endloop
  endfacet
  facet normal 0 0 -1
    outer loop
      vertex -50.75 20.153847577293366 -4.05
      vertex -51.402568574052324 20.589879958252588 -4.05
      vertex -50.75 30.54615242270663 -4.05
    endloop
  endfacet
  facet normal 0 0 -1
    outer loop
      vertex -53.69866916824286 24.566842846679688 -4.05
      vertex -53.69866916824286 26.133157153320308 -4.05
      vertex -53.54555495773441 26.90291427061512 -4.05
    endloop
  endfacet
  facet normal 0 0 -1
    outer loop
      vertex -53.54555495773441 23.797085729384875 -4.05
      vertex -53.54555495773441 26.90291427061512 -4.05
      vertex -53.293277195067716 27.646100594190536 -4.05
    endloop
  endfacet
  facet normal 0 0 -1
    outer loop
      vertex -53.293277195067716 23.05389940580946 -4.05
      vertex -53.293277195067716 27.646100594190536 -4.05
      vertex -52.94615242270663 28.349999999999998 -4.05
    endloop
  endfacet
  facet normal 0 0 -1
    outer loop
      vertex -52.94615242270663 22.349999999999998 -4.05
      vertex -52.94615242270663 28.349999999999998 -4.05
      vertex -52.51012004174741 29.002568574052322 -4.05
    endloop
  endfacet
  facet normal 0 0 -1
    outer loop
      vertex -52.51012004174741 21.697431425947673 -4.05
      vertex -52.51012004174741 29.002568574052322 -4.05
      vertex -51.992640687119284 29.592640687119285 -4.05
    endloop
  endfacet
  facet normal 0 0 -1
    outer loop
      vertex -51.992640687119284 21.10735931288071 -4.05
      vertex -51.992640687119284 29.592640687119285 -4.05
      vertex -51.402568574052324 30.110120041747408 -4.05
    endloop
  endfacet
  facet normal 0 0 -1
    outer loop
      vertex -51.402568574052324 20.589879958252588 -4.05
      vertex -51.402568574052324 30.110120041747408 -4.05
      vertex -50.75 30.54615242270663 -4.05
    endloop
  endfacet
  facet normal 0 0 -1
    outer loop
      vertex -50.75 20.153847577293366 -4.05
      vertex -50.75 30.54615242270663 -4.05
      vertex -50.04610059419054 30.893277195067718 -4.05
    endloop
  endfacet
  facet normal 0 0 -1
    outer loop
      vertex -50.75 20.153847577293366 -4.05
      vertex -50.04610059419054 30.893277195067718 -4.05
      vertex -50.04610059419054 19.806722804932278 -4.05
    endloop
  endfacet
  facet normal 0 0 -1
    outer loop
      vertex -49.302914270615126 19.554445042265588 -4.05
      vertex -48.53315715332031 31.29866916824286 -4.05
      vertex -48.75 25.349999999999998 -4.05
    endloop
  endfacet
  facet normal 0 0 -1
    outer loop
      vertex -50.04610059419054 19.806722804932278 -4.05
      vertex -50.04610059419054 30.893277195067718 -4.05
      vertex -49.302914270615126 31.145554957734408 -4.05
    endloop
  endfacet
  facet normal 0 0 -1
    outer loop
      vertex -49.302914270615126 19.554445042265588 -4.05
      vertex -49.302914270615126 31.145554957734408 -4.05
      vertex -48.53315715332031 31.29866916824286 -4.05
    endloop
  endfacet
  facet normal 0 0 -1
    outer loop
      vertex -48.75 25.349999999999998 -4.05
      vertex -48 29.9 -4.05
      vertex -48 28.4 -4.05
    endloop
  endfacet
  facet normal 0 0 -1
    outer loop
      vertex -48.53315715332031 31.29866916824286 -4.05
      vertex -48 29.9 -4.05
      vertex -48.75 25.349999999999998 -4.05
    endloop
  endfacet
  facet normal 0 0 -1
    outer loop
      vertex -48.53315715332031 31.29866916824286 -4.05
      vertex -47.75 31.349999999999998 -4.05
      vertex -48 29.9 -4.05
    endloop
  endfacet
  facet normal 0 0 -1
    outer loop
      vertex -47.75 31.349999999999998 -4.05
      vertex -46.96684284667969 31.29866916824286 -4.05
      vertex -48 29.9 -4.05
    endloop
  endfacet
  facet normal 0 0 -1
    outer loop
      vertex -46.96684284667969 31.29866916824286 -4.05
      vertex -46.197085729384874 31.145554957734408 -4.05
      vertex -48 29.9 -4.05
    endloop
  endfacet
  facet normal 0 0 -1
    outer loop
      vertex -48.75 25.349999999999998 -4.05
      vertex -48 28.4 -4.05
      vertex -42.58725650918933 28.4 -4.05
    endloop
  endfacet
  facet normal 0 0 -1
    outer loop
      vertex -41.75 25.349999999999998 -4.05
      vertex -48.75 25.349999999999998 -4.05
      vertex -41.80133083175714 26.133157153320308 -4.05
    endloop
  endfacet
  facet normal 0 0 -1
    outer loop
      vertex -41.80133083175714 26.133157153320308 -4.05
      vertex -48.75 25.349999999999998 -4.05
      vertex -41.95444504226559 26.90291427061512 -4.05
    endloop
  endfacet
  facet normal 0 0 -1
    outer loop
      vertex -42.55384757729337 28.349999999999998 -4.05
      vertex -48.75 25.349999999999998 -4.05
      vertex -42.58725650918933 28.4 -4.05
    endloop
  endfacet
  facet normal 0 0 -1
    outer loop
      vertex -41.95444504226559 26.90291427061512 -4.05
      vertex -48.75 25.349999999999998 -4.05
      vertex -42.206722804932284 27.646100594190536 -4.05
    endloop
  endfacet
  facet normal 0 0 -1
    outer loop
      vertex -42.206722804932284 27.646100594190536 -4.05
      vertex -48.75 25.349999999999998 -4.05
      vertex -42.55384757729337 28.349999999999998 -4.05
    endloop
  endfacet
  facet normal 0 0 -1
    outer loop
      vertex -44.097431425947676 30.110120041747408 -4.05
      vertex -48 29.9 -4.05
      vertex -44.75 30.54615242270663 -4.05
    endloop
  endfacet
  facet normal 0 0 -1
    outer loop
      vertex -46.197085729384874 31.145554957734408 -4.05
      vertex -45.45389940580946 30.893277195067718 -4.05
      vertex -48 29.9 -4.05
    endloop
  endfacet
  facet normal 0 0 -1
    outer loop
      vertex -45.45389940580946 30.893277195067718 -4.05
      vertex -44.75 30.54615242270663 -4.05
      vertex -48 29.9 -4.05
    endloop
  endfacet
  facet normal 0 0 -1
    outer loop
      vertex -44.097431425947676 30.110120041747408 -4.05
      vertex -43.85783543835371 29.9 -4.05
      vertex -48 29.9 -4.05
    endloop
  endfacet
  facet normal -0.9978589232386033 0.06540312923014802 0
    outer loop
      vertex -53.75 25.349999999999998 -4.05
      vertex -53.69866916824286 26.133157153320308 4.05
      vertex -53.69866916824286 26.133157153320308 -4.05
    endloop
  endfacet
  facet normal -0.9807852804032313 0.1950903220161236 0
    outer loop
      vertex -53.69866916824286 26.133157153320308 -4.05
      vertex -53.54555495773441 26.90291427061512 4.05
      vertex -53.54555495773441 26.90291427061512 -4.05
    endloop
  endfacet
  facet normal -0.946930129495104 0.3214394653031663 0
    outer loop
      vertex -53.54555495773441 26.90291427061512 -4.05
      vertex -53.293277195067716 27.646100594190536 4.05
      vertex -53.293277195067716 27.646100594190536 -4.05
    endloop
  endfacet
  facet normal -0.8968727415326907 0.44228869021899647 0
    outer loop
      vertex -53.293277195067716 27.646100594190536 -4.05
      vertex -52.94615242270663 28.349999999999998 4.05
      vertex -52.94615242270663 28.349999999999998 -4.05
    endloop
  endfacet
  facet normal -0.8314696123025467 0.5555702330196001 0
    outer loop
      vertex -52.94615242270663 28.349999999999998 -4.05
      vertex -52.51012004174741 29.002568574052322 4.05
      vertex -52.51012004174741 29.002568574052322 -4.05
    endloop
  endfacet
  facet normal -0.751839807478976 0.6593458151000703 0
    outer loop
      vertex -52.51012004174741 29.002568574052322 -4.05
      vertex -51.992640687119284 29.592640687119285 4.05
      vertex -51.992640687119284 29.592640687119285 -4.05
    endloop
  endfacet
  facet normal -0.6593458151000674 0.7518398074789788 0
    outer loop
      vertex -51.992640687119284 29.592640687119285 -4.05
      vertex -51.992640687119284 29.592640687119285 4.05
      vertex -51.402568574052324 30.110120041747408 -4.05
    endloop
  endfacet
  facet normal -0.5555702330196033 0.8314696123025446 0
    outer loop
      vertex -51.402568574052324 30.110120041747408 -4.05
      vertex -51.402568574052324 30.110120041747408 4.05
      vertex -50.75 30.54615242270663 -4.05
    endloop
  endfacet
  facet normal -0.44228869021900186 0.896872741532688 0
    outer loop
      vertex -50.75 30.54615242270663 -4.05
      vertex -50.75 30.54615242270663 4.05
      vertex -50.04610059419054 30.893277195067718 -4.05
    endloop
  endfacet
  facet normal -0.32143946530316225 0.9469301294951055 0
    outer loop
      vertex -50.04610059419054 30.893277195067718 -4.05
      vertex -50.04610059419054 30.893277195067718 4.05
      vertex -49.302914270615126 31.145554957734408 -4.05
    endloop
  endfacet
  facet normal -0.1950903220161271 0.9807852804032308 0
    outer loop
      vertex -49.302914270615126 31.145554957734408 -4.05
      vertex -49.302914270615126 31.145554957734408 4.05
      vertex -48.53315715332031 31.29866916824286 -4.05
    endloop
  endfacet
  facet normal -0.0654031292301435 0.9978589232386035 0
    outer loop
      vertex -48.53315715332031 31.29866916824286 -4.05
      vertex -48.53315715332031 31.29866916824286 4.05
      vertex -47.75 31.349999999999998 -4.05
    endloop
  endfacet
  facet normal -0.9978589232386033 0.06540312923014802 0
    outer loop
      vertex -53.75 25.349999999999998 -4.05
      vertex -53.75 25.349999999999998 4.05
      vertex -53.69866916824286 26.133157153320308 4.05
    endloop
  endfacet
  facet normal -0.9807852804032313 0.1950903220161236 0
    outer loop
      vertex -53.69866916824286 26.133157153320308 -4.05
      vertex -53.69866916824286 26.133157153320308 4.05
      vertex -53.54555495773441 26.90291427061512 4.05
    endloop
  endfacet
  facet normal -0.946930129495104 0.3214394653031663 0
    outer loop
      vertex -53.54555495773441 26.90291427061512 -4.05
      vertex -53.54555495773441 26.90291427061512 4.05
      vertex -53.293277195067716 27.646100594190536 4.05
    endloop
  endfacet
  facet normal -0.8968727415326907 0.44228869021899647 0
    outer loop
      vertex -53.293277195067716 27.646100594190536 -4.05
      vertex -53.293277195067716 27.646100594190536 4.05
      vertex -52.94615242270663 28.349999999999998 4.05
    endloop
  endfacet
  facet normal -0.8314696123025467 0.5555702330196001 0
    outer loop
      vertex -52.94615242270663 28.349999999999998 -4.05
      vertex -52.94615242270663 28.349999999999998 4.05
      vertex -52.51012004174741 29.002568574052322 4.05
    endloop
  endfacet
  facet normal -0.751839807478976 0.6593458151000703 0
    outer loop
      vertex -52.51012004174741 29.002568574052322 -4.05
      vertex -52.51012004174741 29.002568574052322 4.05
      vertex -51.992640687119284 29.592640687119285 4.05
    endloop
  endfacet
  facet normal -0.6593458151000674 0.7518398074789788 0
    outer loop
      vertex -51.402568574052324 30.110120041747408 -4.05
      vertex -51.992640687119284 29.592640687119285 4.05
      vertex -51.402568574052324 30.110120041747408 4.05
    endloop
  endfacet
  facet normal -0.5555702330196033 0.8314696123025446 0
    outer loop
      vertex -50.75 30.54615242270663 -4.05
      vertex -51.402568574052324 30.110120041747408 4.05
      vertex -50.75 30.54615242270663 4.05
    endloop
  endfacet
  facet normal -0.44228869021900186 0.896872741532688 0
    outer loop
      vertex -50.04610059419054 30.893277195067718 -4.05
      vertex -50.75 30.54615242270663 4.05
      vertex -50.04610059419054 30.893277195067718 4.05
    endloop
  endfacet
  facet normal -0.32143946530316225 0.9469301294951055 0
    outer loop
      vertex -49.302914270615126 31.145554957734408 -4.05
      vertex -50.04610059419054 30.893277195067718 4.05
      vertex -49.302914270615126 31.145554957734408 4.05
    endloop
  endfacet
  facet normal -0.1950903220161271 0.9807852804032308 0
    outer loop
      vertex -48.53315715332031 31.29866916824286 -4.05
      vertex -49.302914270615126 31.145554957734408 4.05
      vertex -48.53315715332031 31.29866916824286 4.05
    endloop
  endfacet
  facet normal -0.0654031292301435 0.9978589232386035 0
    outer loop
      vertex -47.75 31.349999999999998 -4.05
      vertex -48.53315715332031 31.29866916824286 4.05
      vertex -47.75 31.349999999999998 4.05
    endloop
  endfacet
  facet normal 0 0 1
    outer loop
      vertex -51.402568574052324 20.589879958252588 4.05
      vertex -51.25 20.487936896253014 4.05
      vertex -51.25 23.349999999999998 4.05
    endloop
  endfacet
  facet normal 0 0 1
    outer loop
      vertex -52.94615242270663 22.349999999999998 4.05
      vertex -53.293277195067716 27.646100594190536 4.05
      vertex -53.293277195067716 23.05389940580946 4.05
    endloop
  endfacet
  facet normal 0 0 1
    outer loop
      vertex -51.992640687119284 21.10735931288071 4.05
      vertex -52.51012004174741 29.002568574052322 4.05
      vertex -52.51012004174741 21.697431425947673 4.05
    endloop
  endfacet
  facet normal 0 0 1
    outer loop
      vertex -52.94615242270663 22.349999999999998 4.05
      vertex -52.51012004174741 21.697431425947673 4.05
      vertex -52.94615242270663 28.349999999999998 4.05
    endloop
  endfacet
  facet normal 0 0 1
    outer loop
      vertex -53.293277195067716 23.05389940580946 4.05
      vertex -53.54555495773441 26.90291427061512 4.05
      vertex -53.54555495773441 23.797085729384875 4.05
    endloop
  endfacet
  facet normal 0 0 1
    outer loop
      vertex -53.54555495773441 23.797085729384875 4.05
      vertex -53.69866916824286 26.133157153320308 4.05
      vertex -53.69866916824286 24.566842846679688 4.05
    endloop
  endfacet
  facet normal 0 0 1
    outer loop
      vertex -53.69866916824286 24.566842846679688 4.05
      vertex -53.69866916824286 26.133157153320308 4.05
      vertex -53.75 25.349999999999998 4.05
    endloop
  endfacet
  facet normal 0 0 1
    outer loop
      vertex -51.402568574052324 20.589879958252588 4.05
      vertex -51.992640687119284 29.592640687119285 4.05
      vertex -51.992640687119284 21.10735931288071 4.05
    endloop
  endfacet
  facet normal 0 0 1
    outer loop
      vertex -51.402568574052324 20.589879958252588 4.05
      vertex -51.25 23.349999999999998 4.05
      vertex -51.402568574052324 30.110120041747408 4.05
    endloop
  endfacet
  facet normal 0 0 1
    outer loop
      vertex -53.54555495773441 23.797085729384875 4.05
      vertex -53.54555495773441 26.90291427061512 4.05
      vertex -53.69866916824286 26.133157153320308 4.05
    endloop
  endfacet
  facet normal 0 0 1
    outer loop
      vertex -53.293277195067716 23.05389940580946 4.05
      vertex -53.293277195067716 27.646100594190536 4.05
      vertex -53.54555495773441 26.90291427061512 4.05
    endloop
  endfacet
  facet normal 0 0 1
    outer loop
      vertex -52.94615242270663 22.349999999999998 4.05
      vertex -52.94615242270663 28.349999999999998 4.05
      vertex -53.293277195067716 27.646100594190536 4.05
    endloop
  endfacet
  facet normal 0 0 1
    outer loop
      vertex -52.51012004174741 21.697431425947673 4.05
      vertex -52.51012004174741 29.002568574052322 4.05
      vertex -52.94615242270663 28.349999999999998 4.05
    endloop
  endfacet
  facet normal 0 0 1
    outer loop
      vertex -51.992640687119284 21.10735931288071 4.05
      vertex -51.992640687119284 29.592640687119285 4.05
      vertex -52.51012004174741 29.002568574052322 4.05
    endloop
  endfacet
  facet normal 0 0 1
    outer loop
      vertex -51.402568574052324 30.110120041747408 4.05
      vertex -51.25 23.349999999999998 4.05
      vertex -51.23288972274762 23.6110523844401 4.05
    endloop
  endfacet
  facet normal 0 0 1
    outer loop
      vertex -51.402568574052324 30.110120041747408 4.05
      vertex -51.23288972274762 23.6110523844401 4.05
      vertex -51.18185165257814 23.86763809020504 4.05
    endloop
  endfacet
  facet normal 0 0 1
    outer loop
      vertex -51.402568574052324 30.110120041747408 4.05
      vertex -51.18185165257814 23.86763809020504 4.05
      vertex -51.09775906502257 24.115366864730177 4.05
    endloop
  endfacet
  facet normal 0 0 1
    outer loop
      vertex -51.402568574052324 30.110120041747408 4.05
      vertex -51.09775906502257 24.115366864730177 4.05
      vertex -50.982050807568875 24.349999999999998 4.05
    endloop
  endfacet
  facet normal 0 0 1
    outer loop
      vertex -51.402568574052324 30.110120041747408 4.05
      vertex -50.982050807568875 24.349999999999998 4.05
      vertex -50.83670668058247 24.56752285801744 4.05
    endloop
  endfacet
  facet normal 0 0 1
    outer loop
      vertex -51.402568574052324 20.589879958252588 4.05
      vertex -51.402568574052324 30.110120041747408 4.05
      vertex -51.992640687119284 29.592640687119285 4.05
    endloop
  endfacet
  facet normal 0 0 1
    outer loop
      vertex -51.402568574052324 30.110120041747408 4.05
      vertex -50.83670668058247 24.56752285801744 4.05
      vertex -50.66421356237309 24.764213562373094 4.05
    endloop
  endfacet
  facet normal 0 0 1
    outer loop
      vertex -50.75 30.54615242270663 4.05
      vertex -50.66421356237309 24.764213562373094 4.05
      vertex -50.46752285801744 24.936706680582468 4.05
    endloop
  endfacet
  facet normal 0 0 1
    outer loop
      vertex -50.75 30.54615242270663 4.05
      vertex -50.46752285801744 24.936706680582468 4.05
      vertex -50.25 25.082050807568876 4.05
    endloop
  endfacet
  facet normal 0 0 1
    outer loop
      vertex -50.75 30.54615242270663 4.05
      vertex -50.25 25.082050807568876 4.05
      vertex -50.01536686473018 25.19775906502257 4.05
    endloop
  endfacet
  facet normal 0 0 1
    outer loop
      vertex -50.04610059419054 30.893277195067718 4.05
      vertex -50.01536686473018 25.19775906502257 4.05
      vertex -49.76763809020504 25.281851652578133 4.05
    endloop
  endfacet
  facet normal 0 0 1
    outer loop
      vertex -50.04610059419054 30.893277195067718 4.05
      vertex -49.76763809020504 25.281851652578133 4.05
      vertex -49.511052384440106 25.33288972274762 4.05
    endloop
  endfacet
  facet normal 0 0 1
    outer loop
      vertex -50.04610059419054 30.893277195067718 4.05
      vertex -49.511052384440106 25.33288972274762 4.05
      vertex -49.25 25.349999999999998 4.05
    endloop
  endfacet
  facet normal 0 0 1
    outer loop
      vertex -49.302914270615126 31.145554957734408 4.05
      vertex -49.25 25.349999999999998 4.05
      vertex -48.75 25.349999999999998 4.05
    endloop
  endfacet
  facet normal 0 0 1
    outer loop
      vertex -51.402568574052324 30.110120041747408 4.05
      vertex -50.66421356237309 24.764213562373094 4.05
      vertex -50.75 30.54615242270663 4.05
    endloop
  endfacet
  facet normal 0 0 1
    outer loop
      vertex -50.75 30.54615242270663 4.05
      vertex -50.01536686473018 25.19775906502257 4.05
      vertex -50.04610059419054 30.893277195067718 4.05
    endloop
  endfacet
  facet normal 0 0 1
    outer loop
      vertex -50.04610059419054 30.893277195067718 4.05
      vertex -49.25 25.349999999999998 4.05
      vertex -49.302914270615126 31.145554957734408 4.05
    endloop
  endfacet
  facet normal 0 0 1
    outer loop
      vertex -49.302914270615126 31.145554957734408 4.05
      vertex -48.75 25.349999999999998 4.05
      vertex -48.53315715332031 31.29866916824286 4.05
    endloop
  endfacet
  facet normal 0 0 1
    outer loop
      vertex -48.75 25.349999999999998 4.05
      vertex -48 28.4 4.05
      vertex -48 29.9 4.05
    endloop
  endfacet
  facet normal 0 0 1
    outer loop
      vertex -48.53315715332031 31.29866916824286 4.05
      vertex -48.75 25.349999999999998 4.05
      vertex -48 29.9 4.05
    endloop
  endfacet
  facet normal 0 0 1
    outer loop
      vertex -48.75 25.349999999999998 4.05
      vertex -41.75 25.349999999999998 4.05
      vertex -48 28.4 4.05
    endloop
  endfacet
  facet normal 0 0 1
    outer loop
      vertex -41.75 25.349999999999998 4.05
      vertex -42.58725650918933 28.4 4.05
      vertex -48 28.4 4.05
    endloop
  endfacet
  facet normal 0 0 1
    outer loop
      vertex -42.206722804932284 27.646100594190536 4.05
      vertex -42.55384757729337 28.349999999999998 4.05
      vertex -41.75 25.349999999999998 4.05
    endloop
  endfacet
  facet normal 0 0 1
    outer loop
      vertex -42.55384757729337 28.349999999999998 4.05
      vertex -42.58725650918933 28.4 4.05
      vertex -41.75 25.349999999999998 4.05
    endloop
  endfacet
  facet normal 0 0 1
    outer loop
      vertex -41.80133083175714 26.133157153320308 4.05
      vertex -41.95444504226559 26.90291427061512 4.05
      vertex -41.75 25.349999999999998 4.05
    endloop
  endfacet
  facet normal 0 0 1
    outer loop
      vertex -41.95444504226559 26.90291427061512 4.05
      vertex -42.206722804932284 27.646100594190536 4.05
      vertex -41.75 25.349999999999998 4.05
    endloop
  endfacet
  facet normal 0 0 1
    outer loop
      vertex -48.53315715332031 31.29866916824286 4.05
      vertex -48 29.9 4.05
      vertex -43.85783543835371 29.9 4.05
    endloop
  endfacet
  facet normal 0 0 1
    outer loop
      vertex -48.53315715332031 31.29866916824286 4.05
      vertex -43.85783543835371 29.9 4.05
      vertex -47.75 31.349999999999998 4.05
    endloop
  endfacet
  facet normal 0 0 1
    outer loop
      vertex -47.75 31.349999999999998 4.05
      vertex -43.85783543835371 29.9 4.05
      vertex -46.96684284667969 31.29866916824286 4.05
    endloop
  endfacet
  facet normal 0 0 1
    outer loop
      vertex -46.96684284667969 31.29866916824286 4.05
      vertex -43.85783543835371 29.9 4.05
      vertex -46.197085729384874 31.145554957734408 4.05
    endloop
  endfacet
  facet normal 0 0 1
    outer loop
      vertex -44.097431425947676 30.110120041747408 4.05
      vertex -44.75 30.54615242270663 4.05
      vertex -43.85783543835371 29.9 4.05
    endloop
  endfacet
  facet normal 0 0 1
    outer loop
      vertex -46.197085729384874 31.145554957734408 4.05
      vertex -43.85783543835371 29.9 4.05
      vertex -45.45389940580946 30.893277195067718 4.05
    endloop
  endfacet
  facet normal 0 0 1
    outer loop
      vertex -45.45389940580946 30.893277195067718 4.05
      vertex -43.85783543835371 29.9 4.05
      vertex -44.75 30.54615242270663 4.05
    endloop
  endfacet
  facet normal 0 0 -1
    outer loop
      vertex -49.302914270615126 -31.145554957734408 -4.05
      vertex -48.75 -25.349999999999998 -4.05
      vertex -48.53315715332031 -31.29866916824286 -4.05
    endloop
  endfacet
  facet normal 0 0 -1
    outer loop
      vertex -48.53315715332031 -31.29866916824286 -4.05
      vertex -48.75 -25.349999999999998 -4.05
      vertex -48 -29.9 -4.05
    endloop
  endfacet
  facet normal 0 0 -1
    outer loop
      vertex -48.75 -25.349999999999998 -4.05
      vertex -48 -28.4 -4.05
      vertex -48 -29.9 -4.05
    endloop
  endfacet
  facet normal 0 0 -1
    outer loop
      vertex -51.992640687119284 -29.592640687119285 -4.05
      vertex -52.51012004174741 -29.002568574052322 -4.05
      vertex -51.992640687119284 -21.10735931288071 -4.05
    endloop
  endfacet
  facet normal 0 0 -1
    outer loop
      vertex -52.94615242270663 -28.349999999999998 -4.05
      vertex -53.293277195067716 -27.646100594190536 -4.05
      vertex -52.94615242270663 -22.349999999999998 -4.05
    endloop
  endfacet
  facet normal 0 0 -1
    outer loop
      vertex -53.293277195067716 -27.646100594190536 -4.05
      vertex -53.54555495773441 -26.90291427061512 -4.05
      vertex -53.293277195067716 -23.05389940580946 -4.05
    endloop
  endfacet
  facet normal 0 0 -1
    outer loop
      vertex -53.54555495773441 -26.90291427061512 -4.05
      vertex -53.69866916824286 -26.133157153320308 -4.05
      vertex -53.54555495773441 -23.797085729384875 -4.05
    endloop
  endfacet
  facet normal 0 0 -1
    outer loop
      vertex -52.51012004174741 -29.002568574052322 -4.05
      vertex -52.94615242270663 -28.349999999999998 -4.05
      vertex -52.51012004174741 -21.697431425947673 -4.05
    endloop
  endfacet
  facet normal 0 0 -1
    outer loop
      vertex -51.402568574052324 -30.110120041747408 -4.05
      vertex -51.992640687119284 -29.592640687119285 -4.05
      vertex -51.402568574052324 -20.589879958252588 -4.05
    endloop
  endfacet
  facet normal 0 0 -1
    outer loop
      vertex -50.75 -30.54615242270663 -4.05
      vertex -51.402568574052324 -30.110120041747408 -4.05
      vertex -50.75 -20.153847577293366 -4.05
    endloop
  endfacet
  facet normal 0 0 -1
    outer loop
      vertex -53.69866916824286 -26.133157153320308 -4.05
      vertex -53.75 -25.349999999999998 -4.05
      vertex -53.69866916824286 -24.566842846679688 -4.05
    endloop
  endfacet
  facet normal 0 0 -1
    outer loop
      vertex -53.69866916824286 -26.133157153320308 -4.05
      vertex -53.69866916824286 -24.566842846679688 -4.05
      vertex -53.54555495773441 -23.797085729384875 -4.05
    endloop
  endfacet
  facet normal 0 0 -1
    outer loop
      vertex -53.54555495773441 -26.90291427061512 -4.05
      vertex -53.54555495773441 -23.797085729384875 -4.05
      vertex -53.293277195067716 -23.05389940580946 -4.05
    endloop
  endfacet
  facet normal 0 0 -1
    outer loop
      vertex -53.293277195067716 -27.646100594190536 -4.05
      vertex -53.293277195067716 -23.05389940580946 -4.05
      vertex -52.94615242270663 -22.349999999999998 -4.05
    endloop
  endfacet
  facet normal 0 0 -1
    outer loop
      vertex -52.94615242270663 -28.349999999999998 -4.05
      vertex -52.94615242270663 -22.349999999999998 -4.05
      vertex -52.51012004174741 -21.697431425947673 -4.05
    endloop
  endfacet
  facet normal 0 0 -1
    outer loop
      vertex -52.51012004174741 -29.002568574052322 -4.05
      vertex -52.51012004174741 -21.697431425947673 -4.05
      vertex -51.992640687119284 -21.10735931288071 -4.05
    endloop
  endfacet
  facet normal 0 0 -1
    outer loop
      vertex -51.992640687119284 -29.592640687119285 -4.05
      vertex -51.992640687119284 -21.10735931288071 -4.05
      vertex -51.402568574052324 -20.589879958252588 -4.05
    endloop
  endfacet
  facet normal 0 0 -1
    outer loop
      vertex -51.402568574052324 -30.110120041747408 -4.05
      vertex -51.402568574052324 -20.589879958252588 -4.05
      vertex -50.75 -20.153847577293366 -4.05
    endloop
  endfacet
  facet normal 0 0 -1
    outer loop
      vertex -50.75 -30.54615242270663 -4.05
      vertex -50.04610059419054 -19.806722804932278 -4.05
      vertex -50.04610059419054 -30.893277195067718 -4.05
    endloop
  endfacet
  facet normal 0 0 -1
    outer loop
      vertex -50.04610059419054 -30.893277195067718 -4.05
      vertex -49.302914270615126 -19.554445042265588 -4.05
      vertex -49.302914270615126 -31.145554957734408 -4.05
    endloop
  endfacet
  facet normal 0 0 -1
    outer loop
      vertex -49.302914270615126 -31.145554957734408 -4.05
      vertex -49.302914270615126 -19.554445042265588 -4.05
      vertex -48.75 -25.349999999999998 -4.05
    endloop
  endfacet
  facet normal 0 0 -1
    outer loop
      vertex -48.53315715332031 -31.29866916824286 -4.05
      vertex -43.85783543835371 -29.9 -4.05
      vertex -47.75 -31.349999999999998 -4.05
    endloop
  endfacet
  facet normal 0 0 -1
    outer loop
      vertex -47.75 -31.349999999999998 -4.05
      vertex -43.85783543835371 -29.9 -4.05
      vertex -46.96684284667969 -31.29866916824286 -4.05
    endloop
  endfacet
  facet normal 0 0 -1
    outer loop
      vertex -46.96684284667969 -31.29866916824286 -4.05
      vertex -43.85783543835371 -29.9 -4.05
      vertex -46.197085729384874 -31.145554957734408 -4.05
    endloop
  endfacet
  facet normal 0 0 -1
    outer loop
      vertex -48.53315715332031 -31.29866916824286 -4.05
      vertex -48 -29.9 -4.05
      vertex -43.85783543835371 -29.9 -4.05
    endloop
  endfacet
  facet normal 0 0 -1
    outer loop
      vertex -46.197085729384874 -31.145554957734408 -4.05
      vertex -43.85783543835371 -29.9 -4.05
      vertex -45.45389940580946 -30.893277195067718 -4.05
    endloop
  endfacet
  facet normal 0 0 -1
    outer loop
      vertex -45.45389940580946 -30.893277195067718 -4.05
      vertex -43.85783543835371 -29.9 -4.05
      vertex -44.75 -30.54615242270663 -4.05
    endloop
  endfacet
  facet normal 0 0 -1
    outer loop
      vertex -44.75 -30.54615242270663 -4.05
      vertex -43.85783543835371 -29.9 -4.05
      vertex -44.097431425947676 -30.110120041747408 -4.05
    endloop
  endfacet
  facet normal 0 0 -1
    outer loop
      vertex -48.75 -25.349999999999998 -4.05
      vertex -41.75 -25.349999999999998 -4.05
      vertex -48 -28.4 -4.05
    endloop
  endfacet
  facet normal 0 0 -1
    outer loop
      vertex -48 -28.4 -4.05
      vertex -41.75 -25.349999999999998 -4.05
      vertex -42.58725650918933 -28.4 -4.05
    endloop
  endfacet
  facet normal 0 0 -1
    outer loop
      vertex -42.55384757729337 -28.349999999999998 -4.05
      vertex -42.58725650918933 -28.4 -4.05
      vertex -41.75 -25.349999999999998 -4.05
    endloop
  endfacet
  facet normal 0 0 -1
    outer loop
      vertex -42.55384757729337 -28.349999999999998 -4.05
      vertex -41.75 -25.349999999999998 -4.05
      vertex -42.206722804932284 -27.646100594190536 -4.05
    endloop
  endfacet
  facet normal 0 0 -1
    outer loop
      vertex -42.206722804932284 -27.646100594190536 -4.05
      vertex -41.75 -25.349999999999998 -4.05
      vertex -41.95444504226559 -26.90291427061512 -4.05
    endloop
  endfacet
  facet normal 0 0 -1
    outer loop
      vertex -41.95444504226559 -26.90291427061512 -4.05
      vertex -41.75 -25.349999999999998 -4.05
      vertex -41.80133083175714 -26.133157153320308 -4.05
    endloop
  endfacet
  facet normal 0 0 -1
    outer loop
      vertex -50.75 -30.54615242270663 -4.05
      vertex -50.75 -20.153847577293366 -4.05
      vertex -50.04610059419054 -19.806722804932278 -4.05
    endloop
  endfacet
  facet normal 0 0 -1
    outer loop
      vertex -50.04610059419054 -30.893277195067718 -4.05
      vertex -50.04610059419054 -19.806722804932278 -4.05
      vertex -49.302914270615126 -19.554445042265588 -4.05
    endloop
  endfacet
  facet normal 0 0 -1
    outer loop
      vertex -49.302914270615126 -19.554445042265588 -4.05
      vertex -48.75 -19.444463555739535 -4.05
      vertex -48.75 -25.349999999999998 -4.05
    endloop
  endfacet
  facet normal -0.5555702330196033 -0.8314696123025446 0
    outer loop
      vertex -50.75 -30.54615242270663 -4.05
      vertex -50.75 -30.54615242270663 4.05
      vertex -51.402568574052324 -30.110120041747408 -4.05
    endloop
  endfacet
  facet normal -0.6593458151000674 -0.7518398074789788 0
    outer loop
      vertex -51.402568574052324 -30.110120041747408 -4.05
      vertex -51.402568574052324 -30.110120041747408 4.05
      vertex -51.992640687119284 -29.592640687119285 -4.05
    endloop
  endfacet
  facet normal -0.751839807478976 -0.6593458151000703 0
    outer loop
      vertex -51.992640687119284 -29.592640687119285 -4.05
      vertex -52.51012004174741 -29.002568574052322 4.05
      vertex -52.51012004174741 -29.002568574052322 -4.05
    endloop
  endfacet
  facet normal -0.8314696123025467 -0.5555702330196001 0
    outer loop
      vertex -52.51012004174741 -29.002568574052322 -4.05
      vertex -52.94615242270663 -28.349999999999998 4.05
      vertex -52.94615242270663 -28.349999999999998 -4.05
    endloop
  endfacet
  facet normal -0.8968727415326907 -0.44228869021899647 0
    outer loop
      vertex -52.94615242270663 -28.349999999999998 -4.05
      vertex -53.293277195067716 -27.646100594190536 4.05
      vertex -53.293277195067716 -27.646100594190536 -4.05
    endloop
  endfacet
  facet normal -0.44228869021900186 -0.896872741532688 0
    outer loop
      vertex -50.75 -30.54615242270663 -4.05
      vertex -50.04610059419054 -30.893277195067718 -4.05
      vertex -50.04610059419054 -30.893277195067718 4.05
    endloop
  endfacet
  facet normal -0.32143946530316225 -0.9469301294951055 0
    outer loop
      vertex -50.04610059419054 -30.893277195067718 -4.05
      vertex -49.302914270615126 -31.145554957734408 -4.05
      vertex -49.302914270615126 -31.145554957734408 4.05
    endloop
  endfacet
  facet normal -0.1950903220161271 -0.9807852804032308 0
    outer loop
      vertex -49.302914270615126 -31.145554957734408 -4.05
      vertex -48.53315715332031 -31.29866916824286 -4.05
      vertex -48.53315715332031 -31.29866916824286 4.05
    endloop
  endfacet
  facet normal -0.0654031292301435 -0.9978589232386035 0
    outer loop
      vertex -48.53315715332031 -31.29866916824286 -4.05
      vertex -47.75 -31.349999999999998 -4.05
      vertex -47.75 -31.349999999999998 4.05
    endloop
  endfacet
  facet normal -0.946930129495104 -0.3214394653031663 0
    outer loop
      vertex -53.293277195067716 -27.646100594190536 -4.05
      vertex -53.54555495773441 -26.90291427061512 4.05
      vertex -53.54555495773441 -26.90291427061512 -4.05
    endloop
  endfacet
  facet normal -0.9807852804032313 -0.1950903220161236 0
    outer loop
      vertex -53.54555495773441 -26.90291427061512 -4.05
      vertex -53.69866916824286 -26.133157153320308 4.05
      vertex -53.69866916824286 -26.133157153320308 -4.05
    endloop
  endfacet
  facet normal -0.9978589232386033 -0.06540312923014802 0
    outer loop
      vertex -53.69866916824286 -26.133157153320308 -4.05
      vertex -53.75 -25.349999999999998 4.05
      vertex -53.75 -25.349999999999998 -4.05
    endloop
  endfacet
  facet normal -0.751839807478976 -0.6593458151000703 0
    outer loop
      vertex -51.992640687119284 -29.592640687119285 -4.05
      vertex -51.992640687119284 -29.592640687119285 4.05
      vertex -52.51012004174741 -29.002568574052322 4.05
    endloop
  endfacet
  facet normal -0.44228869021900186 -0.896872741532688 0
    outer loop
      vertex -50.75 -30.54615242270663 -4.05
      vertex -50.04610059419054 -30.893277195067718 4.05
      vertex -50.75 -30.54615242270663 4.05
    endloop
  endfacet
  facet normal -0.6593458151000674 -0.7518398074789788 0
    outer loop
      vertex -51.992640687119284 -29.592640687119285 -4.05
      vertex -51.402568574052324 -30.110120041747408 4.05
      vertex -51.992640687119284 -29.592640687119285 4.05
    endloop
  endfacet
  facet normal -0.5555702330196033 -0.8314696123025446 0
    outer loop
      vertex -51.402568574052324 -30.110120041747408 -4.05
      vertex -50.75 -30.54615242270663 4.05
      vertex -51.402568574052324 -30.110120041747408 4.05
    endloop
  endfacet
  facet normal -0.8314696123025467 -0.5555702330196001 0
    outer loop
      vertex -52.51012004174741 -29.002568574052322 -4.05
      vertex -52.51012004174741 -29.002568574052322 4.05
      vertex -52.94615242270663 -28.349999999999998 4.05
    endloop
  endfacet
  facet normal -0.8968727415326907 -0.44228869021899647 0
    outer loop
      vertex -52.94615242270663 -28.349999999999998 -4.05
      vertex -52.94615242270663 -28.349999999999998 4.05
      vertex -53.293277195067716 -27.646100594190536 4.05
    endloop
  endfacet
  facet normal -0.32143946530316225 -0.9469301294951055 0
    outer loop
      vertex -50.04610059419054 -30.893277195067718 -4.05
      vertex -49.302914270615126 -31.145554957734408 4.05
      vertex -50.04610059419054 -30.893277195067718 4.05
    endloop
  endfacet
  facet normal -0.1950903220161271 -0.9807852804032308 0
    outer loop
      vertex -49.302914270615126 -31.145554957734408 -4.05
      vertex -48.53315715332031 -31.29866916824286 4.05
      vertex -49.302914270615126 -31.145554957734408 4.05
    endloop
  endfacet
  facet normal -0.0654031292301435 -0.9978589232386035 0
    outer loop
      vertex -48.53315715332031 -31.29866916824286 -4.05
      vertex -47.75 -31.349999999999998 4.05
      vertex -48.53315715332031 -31.29866916824286 4.05
    endloop
  endfacet
  facet normal -0.946930129495104 -0.3214394653031663 0
    outer loop
      vertex -53.293277195067716 -27.646100594190536 -4.05
      vertex -53.293277195067716 -27.646100594190536 4.05
      vertex -53.54555495773441 -26.90291427061512 4.05
    endloop
  endfacet
  facet normal -0.9807852804032313 -0.1950903220161236 0
    outer loop
      vertex -53.54555495773441 -26.90291427061512 -4.05
      vertex -53.54555495773441 -26.90291427061512 4.05
      vertex -53.69866916824286 -26.133157153320308 4.05
    endloop
  endfacet
  facet normal -0.9978589232386033 -0.06540312923014802 0
    outer loop
      vertex -53.69866916824286 -26.133157153320308 -4.05
      vertex -53.69866916824286 -26.133157153320308 4.05
      vertex -53.75 -25.349999999999998 4.05
    endloop
  endfacet
  facet normal 0 0 1
    outer loop
      vertex -50.75 -30.54615242270663 4.05
      vertex -50.04610059419054 -30.893277195067718 4.05
      vertex -50.46752285801744 -24.936706680582468 4.05
    endloop
  endfacet
  facet normal 0 0 1
    outer loop
      vertex -50.75 -30.54615242270663 4.05
      vertex -51.23288972274762 -23.6110523844401 4.05
      vertex -51.402568574052324 -30.110120041747408 4.05
    endloop
  endfacet
  facet normal 0 0 1
    outer loop
      vertex -48.53315715332031 -31.29866916824286 4.05
      vertex -47.75 -31.349999999999998 4.05
      vertex -48 -29.9 4.05
    endloop
  endfacet
  facet normal 0 0 1
    outer loop
      vertex -47.75 -31.349999999999998 4.05
      vertex -46.96684284667969 -31.29866916824286 4.05
      vertex -48 -29.9 4.05
    endloop
  endfacet
  facet normal 0 0 1
    outer loop
      vertex -46.96684284667969 -31.29866916824286 4.05
      vertex -46.197085729384874 -31.145554957734408 4.05
      vertex -48 -29.9 4.05
    endloop
  endfacet
  facet normal 0 0 1
    outer loop
      vertex -50.04610059419054 -30.893277195067718 4.05
      vertex -49.302914270615126 -31.145554957734408 4.05
      vertex -49.76763809020504 -25.281851652578133 4.05
    endloop
  endfacet
  facet normal 0 0 1
    outer loop
      vertex -49.302914270615126 -31.145554957734408 4.05
      vertex -48.53315715332031 -31.29866916824286 4.05
      vertex -49.25 -25.349999999999998 4.05
    endloop
  endfacet
  facet normal 0 0 1
    outer loop
      vertex -48.53315715332031 -31.29866916824286 4.05
      vertex -48 -29.9 4.05
      vertex -48.75 -25.349999999999998 4.05
    endloop
  endfacet
  facet normal 0 0 1
    outer loop
      vertex -48.75 -25.349999999999998 4.05
      vertex -48 -29.9 4.05
      vertex -48 -28.4 4.05
    endloop
  endfacet
  facet normal 0 0 1
    outer loop
      vertex -52.51012004174741 -29.002568574052322 4.05
      vertex -52.94615242270663 -22.349999999999998 4.05
      vertex -52.94615242270663 -28.349999999999998 4.05
    endloop
  endfacet
  facet normal 0 0 1
    outer loop
      vertex -51.992640687119284 -29.592640687119285 4.05
      vertex -52.51012004174741 -21.697431425947673 4.05
      vertex -52.51012004174741 -29.002568574052322 4.05
    endloop
  endfacet
  facet normal 0 0 1
    outer loop
      vertex -53.293277195067716 -27.646100594190536 4.05
      vertex -53.54555495773441 -23.797085729384875 4.05
      vertex -53.54555495773441 -26.90291427061512 4.05
    endloop
  endfacet
  facet normal 0 0 1
    outer loop
      vertex -52.94615242270663 -28.349999999999998 4.05
      vertex -53.293277195067716 -23.05389940580946 4.05
      vertex -53.293277195067716 -27.646100594190536 4.05
    endloop
  endfacet
  facet normal 0 0 1
    outer loop
      vertex -53.54555495773441 -26.90291427061512 4.05
      vertex -53.69866916824286 -24.566842846679688 4.05
      vertex -53.69866916824286 -26.133157153320308 4.05
    endloop
  endfacet
  facet normal 0 0 1
    outer loop
      vertex -51.402568574052324 -30.110120041747408 4.05
      vertex -51.992640687119284 -21.10735931288071 4.05
      vertex -51.992640687119284 -29.592640687119285 4.05
    endloop
  endfacet
  facet normal 0 0 1
    outer loop
      vertex -50.75 -30.54615242270663 4.05
      vertex -50.83670668058247 -24.56752285801744 4.05
      vertex -50.982050807568875 -24.349999999999998 4.05
    endloop
  endfacet
  facet normal 0 0 1
    outer loop
      vertex -50.75 -30.54615242270663 4.05
      vertex -50.46752285801744 -24.936706680582468 4.05
      vertex -50.66421356237309 -24.764213562373094 4.05
    endloop
  endfacet
  facet normal 0 0 1
    outer loop
      vertex -50.75 -30.54615242270663 4.05
      vertex -50.66421356237309 -24.764213562373094 4.05
      vertex -50.83670668058247 -24.56752285801744 4.05
    endloop
  endfacet
  facet normal 0 0 1
    outer loop
      vertex -51.402568574052324 -30.110120041747408 4.05
      vertex -51.23288972274762 -23.6110523844401 4.05
      vertex -51.25 -23.349999999999998 4.05
    endloop
  endfacet
  facet normal 0 0 1
    outer loop
      vertex -50.75 -30.54615242270663 4.05
      vertex -50.982050807568875 -24.349999999999998 4.05
      vertex -51.09775906502257 -24.115366864730177 4.05
    endloop
  endfacet
  facet normal 0 0 1
    outer loop
      vertex -50.75 -30.54615242270663 4.05
      vertex -51.18185165257814 -23.86763809020504 4.05
      vertex -51.23288972274762 -23.6110523844401 4.05
    endloop
  endfacet
  facet normal 0 0 1
    outer loop
      vertex -50.75 -30.54615242270663 4.05
      vertex -51.09775906502257 -24.115366864730177 4.05
      vertex -51.18185165257814 -23.86763809020504 4.05
    endloop
  endfacet
  facet normal 0 0 1
    outer loop
      vertex -53.69866916824286 -26.133157153320308 4.05
      vertex -53.69866916824286 -24.566842846679688 4.05
      vertex -53.75 -25.349999999999998 4.05
    endloop
  endfacet
  facet normal 0 0 1
    outer loop
      vertex -53.54555495773441 -26.90291427061512 4.05
      vertex -53.54555495773441 -23.797085729384875 4.05
      vertex -53.69866916824286 -24.566842846679688 4.05
    endloop
  endfacet
  facet normal 0 0 1
    outer loop
      vertex -53.293277195067716 -27.646100594190536 4.05
      vertex -53.293277195067716 -23.05389940580946 4.05
      vertex -53.54555495773441 -23.797085729384875 4.05
    endloop
  endfacet
  facet normal 0 0 1
    outer loop
      vertex -52.94615242270663 -28.349999999999998 4.05
      vertex -52.94615242270663 -22.349999999999998 4.05
      vertex -53.293277195067716 -23.05389940580946 4.05
    endloop
  endfacet
  facet normal 0 0 1
    outer loop
      vertex -52.51012004174741 -29.002568574052322 4.05
      vertex -52.51012004174741 -21.697431425947673 4.05
      vertex -52.94615242270663 -22.349999999999998 4.05
    endloop
  endfacet
  facet normal 0 0 1
    outer loop
      vertex -51.992640687119284 -29.592640687119285 4.05
      vertex -51.992640687119284 -21.10735931288071 4.05
      vertex -52.51012004174741 -21.697431425947673 4.05
    endloop
  endfacet
  facet normal 0 0 1
    outer loop
      vertex -51.402568574052324 -30.110120041747408 4.05
      vertex -51.25 -23.349999999999998 4.05
      vertex -51.25 -20.487936896253014 4.05
    endloop
  endfacet
  facet normal 0 0 1
    outer loop
      vertex -51.402568574052324 -30.110120041747408 4.05
      vertex -51.402568574052324 -20.589879958252588 4.05
      vertex -51.992640687119284 -21.10735931288071 4.05
    endloop
  endfacet
  facet normal 0 0 1
    outer loop
      vertex -51.402568574052324 -30.110120041747408 4.05
      vertex -51.25 -20.487936896253014 4.05
      vertex -51.402568574052324 -20.589879958252588 4.05
    endloop
  endfacet
  facet normal 0 0 1
    outer loop
      vertex -50.04610059419054 -30.893277195067718 4.05
      vertex -50.25 -25.082050807568876 4.05
      vertex -50.46752285801744 -24.936706680582468 4.05
    endloop
  endfacet
  facet normal 0 0 1
    outer loop
      vertex -50.04610059419054 -30.893277195067718 4.05
      vertex -50.01536686473018 -25.19775906502257 4.05
      vertex -50.25 -25.082050807568876 4.05
    endloop
  endfacet
  facet normal 0 0 1
    outer loop
      vertex -50.04610059419054 -30.893277195067718 4.05
      vertex -49.76763809020504 -25.281851652578133 4.05
      vertex -50.01536686473018 -25.19775906502257 4.05
    endloop
  endfacet
  facet normal 0 0 1
    outer loop
      vertex -49.302914270615126 -31.145554957734408 4.05
      vertex -49.511052384440106 -25.33288972274762 4.05
      vertex -49.76763809020504 -25.281851652578133 4.05
    endloop
  endfacet
  facet normal 0 0 1
    outer loop
      vertex -49.302914270615126 -31.145554957734408 4.05
      vertex -49.25 -25.349999999999998 4.05
      vertex -49.511052384440106 -25.33288972274762 4.05
    endloop
  endfacet
  facet normal 0 0 1
    outer loop
      vertex -48.53315715332031 -31.29866916824286 4.05
      vertex -48.75 -25.349999999999998 4.05
      vertex -49.25 -25.349999999999998 4.05
    endloop
  endfacet
  facet normal 0 0 1
    outer loop
      vertex -46.197085729384874 -31.145554957734408 4.05
      vertex -45.45389940580946 -30.893277195067718 4.05
      vertex -48 -29.9 4.05
    endloop
  endfacet
  facet normal 0 0 1
    outer loop
      vertex -45.45389940580946 -30.893277195067718 4.05
      vertex -44.75 -30.54615242270663 4.05
      vertex -48 -29.9 4.05
    endloop
  endfacet
  facet normal 0 0 1
    outer loop
      vertex -44.75 -30.54615242270663 4.05
      vertex -44.097431425947676 -30.110120041747408 4.05
      vertex -48 -29.9 4.05
    endloop
  endfacet
  facet normal 0 0 1
    outer loop
      vertex -44.097431425947676 -30.110120041747408 4.05
      vertex -43.85783543835371 -29.9 4.05
      vertex -48 -29.9 4.05
    endloop
  endfacet
  facet normal 0 0 1
    outer loop
      vertex -42.58725650918933 -28.4 4.05
      vertex -48.75 -25.349999999999998 4.05
      vertex -48 -28.4 4.05
    endloop
  endfacet
  facet normal 0 0 1
    outer loop
      vertex -42.55384757729337 -28.349999999999998 4.05
      vertex -48.75 -25.349999999999998 4.05
      vertex -42.58725650918933 -28.4 4.05
    endloop
  endfacet
  facet normal 0 0 1
    outer loop
      vertex -42.55384757729337 -28.349999999999998 4.05
      vertex -42.206722804932284 -27.646100594190536 4.05
      vertex -48.75 -25.349999999999998 4.05
    endloop
  endfacet
  facet normal 0 0 1
    outer loop
      vertex -42.206722804932284 -27.646100594190536 4.05
      vertex -41.95444504226559 -26.90291427061512 4.05
      vertex -48.75 -25.349999999999998 4.05
    endloop
  endfacet
  facet normal 0 0 1
    outer loop
      vertex -41.95444504226559 -26.90291427061512 4.05
      vertex -41.80133083175714 -26.133157153320308 4.05
      vertex -48.75 -25.349999999999998 4.05
    endloop
  endfacet
  facet normal 0 0 1
    outer loop
      vertex -41.80133083175714 -26.133157153320308 4.05
      vertex -41.75 -25.349999999999998 4.05
      vertex -48.75 -25.349999999999998 4.05
    endloop
  endfacet
  facet normal 0 0 1
    outer loop
      vertex -51.25 -23.349999999999998 -2.5599999999999996
      vertex -51.23288972274762 -23.088947615559896 -2.5599999999999996
      vertex -51.25 23.349999999999998 -2.5599999999999996
    endloop
  endfacet
  facet normal 0 0 1
    outer loop
      vertex -51.23288972274762 -23.088947615559896 -2.5599999999999996
      vertex -51.18185165257814 -22.832361909794955 -2.5599999999999996
      vertex -51.23288972274762 23.088947615559896 -2.5599999999999996
    endloop
  endfacet
  facet normal 0 0 1
    outer loop
      vertex -51.18185165257814 -22.832361909794955 -2.5599999999999996
      vertex -51.09775906502257 -22.58463313526982 -2.5599999999999996
      vertex -51.18185165257814 22.832361909794955 -2.5599999999999996
    endloop
  endfacet
  facet normal 0 0 1
    outer loop
      vertex -51.09775906502257 -22.58463313526982 -2.5599999999999996
      vertex -50.982050807568875 -22.349999999999998 -2.5599999999999996
      vertex -51.09775906502257 22.58463313526982 -2.5599999999999996
    endloop
  endfacet
  facet normal 0 0 1
    outer loop
      vertex -50.982050807568875 -22.349999999999998 -2.5599999999999996
      vertex -50.83670668058247 -22.132477141982555 -2.5599999999999996
      vertex -50.982050807568875 22.349999999999998 -2.5599999999999996
    endloop
  endfacet
  facet normal 0 0 1
    outer loop
      vertex -50.83670668058247 -22.132477141982555 -2.5599999999999996
      vertex -50.66421356237309 -21.935786437626902 -2.5599999999999996
      vertex -50.83670668058247 22.132477141982555 -2.5599999999999996
    endloop
  endfacet
  facet normal 0 0 1
    outer loop
      vertex -50.66421356237309 -21.935786437626902 -2.5599999999999996
      vertex -50.46752285801744 -21.763293319417528 -2.5599999999999996
      vertex -50.66421356237309 21.935786437626902 -2.5599999999999996
    endloop
  endfacet
  facet normal 0 0 1
    outer loop
      vertex -50.46752285801744 -21.763293319417528 -2.5599999999999996
      vertex -50.25 -21.61794919243112 -2.5599999999999996
      vertex -50.46752285801744 21.763293319417528 -2.5599999999999996
    endloop
  endfacet
  facet normal 0 0 1
    outer loop
      vertex -50.25 -21.61794919243112 -2.5599999999999996
      vertex -50.01536686473018 -21.502240934977426 -2.5599999999999996
      vertex -50.25 21.61794919243112 -2.5599999999999996
    endloop
  endfacet
  facet normal 0 0 1
    outer loop
      vertex -50.01536686473018 -21.502240934977426 -2.5599999999999996
      vertex -49.76763809020504 -21.418148347421862 -2.5599999999999996
      vertex -50.01536686473018 21.502240934977426 -2.5599999999999996
    endloop
  endfacet
  facet normal 0 0 1
    outer loop
      vertex -49.76763809020504 -21.418148347421862 -2.5599999999999996
      vertex -49.511052384440106 -21.367110277252376 -2.5599999999999996
      vertex -49.76763809020504 21.418148347421862 -2.5599999999999996
    endloop
  endfacet
  facet normal 0 0 1
    outer loop
      vertex -49.511052384440106 -21.367110277252376 -2.5599999999999996
      vertex -49.25 -21.349999999999998 -2.5599999999999996
      vertex -49.511052384440106 21.367110277252376 -2.5599999999999996
    endloop
  endfacet
  facet normal 0 0 1
    outer loop
      vertex -49.25 -21.349999999999998 -2.5599999999999996
      vertex -48.988947615559894 -21.367110277252376 -2.5599999999999996
      vertex -49.25 21.349999999999998 -2.5599999999999996
    endloop
  endfacet
  facet normal 0 0 1
    outer loop
      vertex -48.988947615559894 -21.367110277252376 -2.5599999999999996
      vertex -48.75 -21.414639913143123 -2.5599999999999996
      vertex -48.75 21.414639913143123 -2.5599999999999996
    endloop
  endfacet
  facet normal 0 0 1
    outer loop
      vertex -30.849999999999998 -23.349999999999998 -2.5599999999999996
      vertex -28.849999999999998 -23.349999999999998 -2.5599999999999996
      vertex -28.849999999999998 23.349999999999998 -2.5599999999999996
    endloop
  endfacet
  facet normal 0 0 1
    outer loop
      vertex -10.95 -23.349999999999998 -2.5599999999999996
      vertex -8.95 -23.349999999999998 -2.5599999999999996
      vertex -8.95 23.349999999999998 -2.5599999999999996
    endloop
  endfacet
  facet normal 1 0 0
    outer loop
      vertex -51.25 -23.349999999999998 -2.5599999999999996
      vertex -51.25 -20.487936896253014 4.05
      vertex -51.25 -23.349999999999998 4.05
    endloop
  endfacet
  facet normal 1 0 0
    outer loop
      vertex -51.25 -23.349999999999998 -2.5599999999999996
      vertex -51.25 20.487936896253014 4.05
      vertex -51.25 -20.487936896253014 4.05
    endloop
  endfacet
  facet normal 0 0 1
    outer loop
      vertex -51.23288972274762 -23.088947615559896 -2.5599999999999996
      vertex -51.23288972274762 23.088947615559896 -2.5599999999999996
      vertex -51.25 23.349999999999998 -2.5599999999999996
    endloop
  endfacet
  facet normal 0 0 1
    outer loop
      vertex -50.46752285801744 -21.763293319417528 -2.5599999999999996
      vertex -50.46752285801744 21.763293319417528 -2.5599999999999996
      vertex -50.66421356237309 21.935786437626902 -2.5599999999999996
    endloop
  endfacet
  facet normal 0 0 1
    outer loop
      vertex -50.982050807568875 -22.349999999999998 -2.5599999999999996
      vertex -50.982050807568875 22.349999999999998 -2.5599999999999996
      vertex -51.09775906502257 22.58463313526982 -2.5599999999999996
    endloop
  endfacet
  facet normal 0 0 1
    outer loop
      vertex -50.83670668058247 -22.132477141982555 -2.5599999999999996
      vertex -50.83670668058247 22.132477141982555 -2.5599999999999996
      vertex -50.982050807568875 22.349999999999998 -2.5599999999999996
    endloop
  endfacet
  facet normal 0 0 1
    outer loop
      vertex -51.09775906502257 -22.58463313526982 -2.5599999999999996
      vertex -51.09775906502257 22.58463313526982 -2.5599999999999996
      vertex -51.18185165257814 22.832361909794955 -2.5599999999999996
    endloop
  endfacet
  facet normal 0 0 1
    outer loop
      vertex -51.18185165257814 -22.832361909794955 -2.5599999999999996
      vertex -51.18185165257814 22.832361909794955 -2.5599999999999996
      vertex -51.23288972274762 23.088947615559896 -2.5599999999999996
    endloop
  endfacet
  facet normal 0 0 1
    outer loop
      vertex -50.66421356237309 -21.935786437626902 -2.5599999999999996
      vertex -50.66421356237309 21.935786437626902 -2.5599999999999996
      vertex -50.83670668058247 22.132477141982555 -2.5599999999999996
    endloop
  endfacet
  facet normal 0 0 1
    outer loop
      vertex -50.25 -21.61794919243112 -2.5599999999999996
      vertex -50.25 21.61794919243112 -2.5599999999999996
      vertex -50.46752285801744 21.763293319417528 -2.5599999999999996
    endloop
  endfacet
  facet normal 0 0 1
    outer loop
      vertex -50.01536686473018 -21.502240934977426 -2.5599999999999996
      vertex -50.01536686473018 21.502240934977426 -2.5599999999999996
      vertex -50.25 21.61794919243112 -2.5599999999999996
    endloop
  endfacet
  facet normal 0 0 1
    outer loop
      vertex -49.76763809020504 -21.418148347421862 -2.5599999999999996
      vertex -49.76763809020504 21.418148347421862 -2.5599999999999996
      vertex -50.01536686473018 21.502240934977426 -2.5599999999999996
    endloop
  endfacet
  facet normal 0 0 1
    outer loop
      vertex -49.511052384440106 -21.367110277252376 -2.5599999999999996
      vertex -49.511052384440106 21.367110277252376 -2.5599999999999996
      vertex -49.76763809020504 21.418148347421862 -2.5599999999999996
    endloop
  endfacet
  facet normal 0 0 1
    outer loop
      vertex -49.25 -21.349999999999998 -2.5599999999999996
      vertex -49.25 21.349999999999998 -2.5599999999999996
      vertex -49.511052384440106 21.367110277252376 -2.5599999999999996
    endloop
  endfacet
  facet normal 0 0 1
    outer loop
      vertex -48.988947615559894 -21.367110277252376 -2.5599999999999996
      vertex -48.988947615559894 21.367110277252376 -2.5599999999999996
      vertex -49.25 21.349999999999998 -2.5599999999999996
    endloop
  endfacet
  facet normal 0 0 1
    outer loop
      vertex -48.988947615559894 -21.367110277252376 -2.5599999999999996
      vertex -48.75 21.414639913143123 -2.5599999999999996
      vertex -48.988947615559894 21.367110277252376 -2.5599999999999996
    endloop
  endfacet
  facet normal 0 0 1
    outer loop
      vertex -30.849999999999998 -23.349999999999998 -2.5599999999999996
      vertex -28.849999999999998 23.349999999999998 -2.5599999999999996
      vertex -30.849999999999998 23.349999999999998 -2.5599999999999996
    endloop
  endfacet
  facet normal 1 0 0
    outer loop
      vertex -51.25 -23.349999999999998 -2.5599999999999996
      vertex -51.25 23.349999999999998 -2.5599999999999996
      vertex -51.25 20.487936896253014 4.05
    endloop
  endfacet
  facet normal 0 0 1
    outer loop
      vertex -10.95 -23.349999999999998 -2.5599999999999996
      vertex -8.95 23.349999999999998 -2.5599999999999996
      vertex -10.95 23.349999999999998 -2.5599999999999996
    endloop
  endfacet
  facet normal 1 0 0
    outer loop
      vertex -51.25 23.349999999999998 -2.5599999999999996
      vertex -51.25 23.349999999999998 4.05
      vertex -51.25 20.487936896253014 4.05
    endloop
  endfacet
  facet normal 0 0 1
    outer loop
      vertex 8.95 -23.349999999999998 -2.5599999999999996
      vertex 10.95 -23.349999999999998 -2.5599999999999996
      vertex 10.95 23.349999999999998 -2.5599999999999996
    endloop
  endfacet
  facet normal 0 0 1
    outer loop
      vertex 28.849999999999998 -23.349999999999998 -2.5599999999999996
      vertex 30.849999999999998 -23.349999999999998 -2.5599999999999996
      vertex 30.849999999999998 23.349999999999998 -2.5599999999999996
    endloop
  endfacet
  facet normal 0 0 1
    outer loop
      vertex 48.75 -21.414639913143123 -2.5599999999999996
      vertex 48.988947615559894 -21.367110277252376 -2.5599999999999996
      vertex 48.988947615559894 21.367110277252376 -2.5599999999999996
    endloop
  endfacet
  facet normal 0 0 1
    outer loop
      vertex 48.988947615559894 -21.367110277252376 -2.5599999999999996
      vertex 49.25 -21.349999999999998 -2.5599999999999996
      vertex 48.988947615559894 21.367110277252376 -2.5599999999999996
    endloop
  endfacet
  facet normal 0 0 1
    outer loop
      vertex 49.25 -21.349999999999998 -2.5599999999999996
      vertex 49.511052384440106 -21.367110277252376 -2.5599999999999996
      vertex 49.25 21.349999999999998 -2.5599999999999996
    endloop
  endfacet
  facet normal 0 0 1
    outer loop
      vertex 49.511052384440106 -21.367110277252376 -2.5599999999999996
      vertex 49.76763809020504 -21.418148347421862 -2.5599999999999996
      vertex 49.511052384440106 21.367110277252376 -2.5599999999999996
    endloop
  endfacet
  facet normal 0 0 1
    outer loop
      vertex 50.01536686473018 -21.502240934977426 -2.5599999999999996
      vertex 49.76763809020504 21.418148347421862 -2.5599999999999996
      vertex 49.76763809020504 -21.418148347421862 -2.5599999999999996
    endloop
  endfacet
  facet normal 0 0 1
    outer loop
      vertex 50.01536686473018 -21.502240934977426 -2.5599999999999996
      vertex 50.25 -21.61794919243112 -2.5599999999999996
      vertex 50.01536686473018 21.502240934977426 -2.5599999999999996
    endloop
  endfacet
  facet normal 0 0 1
    outer loop
      vertex 50.25 -21.61794919243112 -2.5599999999999996
      vertex 50.46752285801744 -21.763293319417528 -2.5599999999999996
      vertex 50.25 21.61794919243112 -2.5599999999999996
    endloop
  endfacet
  facet normal 0 0 1
    outer loop
      vertex 50.83670668058247 -22.132477141982555 -2.5599999999999996
      vertex 50.66421356237309 21.935786437626902 -2.5599999999999996
      vertex 50.66421356237309 -21.935786437626902 -2.5599999999999996
    endloop
  endfacet
  facet normal 0 0 1
    outer loop
      vertex 51.23288972274762 -23.088947615559896 -2.5599999999999996
      vertex 51.18185165257814 22.832361909794955 -2.5599999999999996
      vertex 51.18185165257814 -22.832361909794955 -2.5599999999999996
    endloop
  endfacet
  facet normal 0 0 1
    outer loop
      vertex 51.18185165257814 -22.832361909794955 -2.5599999999999996
      vertex 51.09775906502257 22.58463313526982 -2.5599999999999996
      vertex 51.09775906502257 -22.58463313526982 -2.5599999999999996
    endloop
  endfacet
  facet normal 0 0 1
    outer loop
      vertex 50.83670668058247 -22.132477141982555 -2.5599999999999996
      vertex 50.982050807568875 -22.349999999999998 -2.5599999999999996
      vertex 50.83670668058247 22.132477141982555 -2.5599999999999996
    endloop
  endfacet
  facet normal 0 0 1
    outer loop
      vertex 51.09775906502257 -22.58463313526982 -2.5599999999999996
      vertex 50.982050807568875 22.349999999999998 -2.5599999999999996
      vertex 50.982050807568875 -22.349999999999998 -2.5599999999999996
    endloop
  endfacet
  facet normal 0 0 1
    outer loop
      vertex 50.46752285801744 -21.763293319417528 -2.5599999999999996
      vertex 50.66421356237309 -21.935786437626902 -2.5599999999999996
      vertex 50.46752285801744 21.763293319417528 -2.5599999999999996
    endloop
  endfacet
  facet normal 0 0 1
    outer loop
      vertex 51.25 -23.349999999999998 -2.5599999999999996
      vertex 51.23288972274762 23.088947615559896 -2.5599999999999996
      vertex 51.23288972274762 -23.088947615559896 -2.5599999999999996
    endloop
  endfacet
  facet normal -1 0 0
    outer loop
      vertex 51.25 -23.349999999999998 -2.5599999999999996
      vertex 51.25 -20.487936896253014 4.05
      vertex 51.25 23.349999999999998 -2.5599999999999996
    endloop
  endfacet
  facet normal -1 0 0
    outer loop
      vertex 51.25 -23.349999999999998 -2.5599999999999996
      vertex 51.25 -23.349999999999998 4.05
      vertex 51.25 -20.487936896253014 4.05
    endloop
  endfacet
  facet normal 0 0 1
    outer loop
      vertex 8.95 -23.349999999999998 -2.5599999999999996
      vertex 10.95 23.349999999999998 -2.5599999999999996
      vertex 8.95 23.349999999999998 -2.5599999999999996
    endloop
  endfacet
  facet normal 0 0 1
    outer loop
      vertex 28.849999999999998 -23.349999999999998 -2.5599999999999996
      vertex 30.849999999999998 23.349999999999998 -2.5599999999999996
      vertex 28.849999999999998 23.349999999999998 -2.5599999999999996
    endloop
  endfacet
  facet normal 0 0 1
    outer loop
      vertex 48.75 -21.414639913143123 -2.5599999999999996
      vertex 48.988947615559894 21.367110277252376 -2.5599999999999996
      vertex 48.75 21.414639913143123 -2.5599999999999996
    endloop
  endfacet
  facet normal 0 0 1
    outer loop
      vertex 49.25 -21.349999999999998 -2.5599999999999996
      vertex 49.25 21.349999999999998 -2.5599999999999996
      vertex 48.988947615559894 21.367110277252376 -2.5599999999999996
    endloop
  endfacet
  facet normal 0 0 1
    outer loop
      vertex 49.511052384440106 -21.367110277252376 -2.5599999999999996
      vertex 49.511052384440106 21.367110277252376 -2.5599999999999996
      vertex 49.25 21.349999999999998 -2.5599999999999996
    endloop
  endfacet
  facet normal 0 0 1
    outer loop
      vertex 49.76763809020504 -21.418148347421862 -2.5599999999999996
      vertex 49.76763809020504 21.418148347421862 -2.5599999999999996
      vertex 49.511052384440106 21.367110277252376 -2.5599999999999996
    endloop
  endfacet
  facet normal 0 0 1
    outer loop
      vertex 50.01536686473018 -21.502240934977426 -2.5599999999999996
      vertex 50.01536686473018 21.502240934977426 -2.5599999999999996
      vertex 49.76763809020504 21.418148347421862 -2.5599999999999996
    endloop
  endfacet
  facet normal 0 0 1
    outer loop
      vertex 50.25 -21.61794919243112 -2.5599999999999996
      vertex 50.25 21.61794919243112 -2.5599999999999996
      vertex 50.01536686473018 21.502240934977426 -2.5599999999999996
    endloop
  endfacet
  facet normal 0 0 1
    outer loop
      vertex 50.46752285801744 -21.763293319417528 -2.5599999999999996
      vertex 50.46752285801744 21.763293319417528 -2.5599999999999996
      vertex 50.25 21.61794919243112 -2.5599999999999996
    endloop
  endfacet
  facet normal 0 0 1
    outer loop
      vertex 50.66421356237309 -21.935786437626902 -2.5599999999999996
      vertex 50.66421356237309 21.935786437626902 -2.5599999999999996
      vertex 50.46752285801744 21.763293319417528 -2.5599999999999996
    endloop
  endfacet
  facet normal 0 0 1
    outer loop
      vertex 50.83670668058247 -22.132477141982555 -2.5599999999999996
      vertex 50.83670668058247 22.132477141982555 -2.5599999999999996
      vertex 50.66421356237309 21.935786437626902 -2.5599999999999996
    endloop
  endfacet
  facet normal 0 0 1
    outer loop
      vertex 50.982050807568875 -22.349999999999998 -2.5599999999999996
      vertex 50.982050807568875 22.349999999999998 -2.5599999999999996
      vertex 50.83670668058247 22.132477141982555 -2.5599999999999996
    endloop
  endfacet
  facet normal 0 0 1
    outer loop
      vertex 51.09775906502257 -22.58463313526982 -2.5599999999999996
      vertex 51.09775906502257 22.58463313526982 -2.5599999999999996
      vertex 50.982050807568875 22.349999999999998 -2.5599999999999996
    endloop
  endfacet
  facet normal 0 0 1
    outer loop
      vertex 51.18185165257814 -22.832361909794955 -2.5599999999999996
      vertex 51.18185165257814 22.832361909794955 -2.5599999999999996
      vertex 51.09775906502257 22.58463313526982 -2.5599999999999996
    endloop
  endfacet
  facet normal 0 0 1
    outer loop
      vertex 51.23288972274762 -23.088947615559896 -2.5599999999999996
      vertex 51.23288972274762 23.088947615559896 -2.5599999999999996
      vertex 51.18185165257814 22.832361909794955 -2.5599999999999996
    endloop
  endfacet
  facet normal 0 0 1
    outer loop
      vertex 51.25 -23.349999999999998 -2.5599999999999996
      vertex 51.25 23.349999999999998 -2.5599999999999996
      vertex 51.23288972274762 23.088947615559896 -2.5599999999999996
    endloop
  endfacet
  facet normal -1 0 0
    outer loop
      vertex 51.25 23.349999999999998 -2.5599999999999996
      vertex 51.25 -20.487936896253014 4.05
      vertex 51.25 20.487936896253014 4.05
    endloop
  endfacet
  facet normal -1 0 0
    outer loop
      vertex 51.25 23.349999999999998 -2.5599999999999996
      vertex 51.25 20.487936896253014 4.05
      vertex 51.25 23.349999999999998 4.05
    endloop
  endfacet
  facet normal 0 0 1
    outer loop
      vertex -49.25 -25.349999999999998 -2.5599999999999996
      vertex -48.75 -25.349999999999998 -2.5599999999999996
      vertex -48.988947615559894 -25.33288972274762 -2.5599999999999996
    endloop
  endfacet
  facet normal 0 0 1
    outer loop
      vertex -48.988947615559894 -25.33288972274762 -2.5599999999999996
      vertex -48.75 -25.349999999999998 -2.5599999999999996
      vertex -48.75 -25.285360086856873 -2.5599999999999996
    endloop
  endfacet
  facet normal 0 0 1
    outer loop
      vertex -30.849999999999998 -25.349999999999998 -2.5599999999999996
      vertex -28.849999999999998 -25.349999999999998 -2.5599999999999996
      vertex -28.849999999999998 -23.349999999999998 -2.5599999999999996
    endloop
  endfacet
  facet normal 0 0 1
    outer loop
      vertex -30.849999999999998 -25.349999999999998 -2.5599999999999996
      vertex -28.849999999999998 -23.349999999999998 -2.5599999999999996
      vertex -30.849999999999998 -23.349999999999998 -2.5599999999999996
    endloop
  endfacet
  facet normal 0 1 0
    outer loop
      vertex -49.25 -25.349999999999998 -2.5599999999999996
      vertex -49.25 -25.349999999999998 4.05
      vertex -48.75 -25.349999999999998 -2.5599999999999996
    endloop
  endfacet
  facet normal 0 1 0
    outer loop
      vertex -30.849999999999998 -25.349999999999998 -2.5599999999999996
      vertex -30.849999999999998 -25.349999999999998 4.05
      vertex -28.849999999999998 -25.349999999999998 -2.5599999999999996
    endloop
  endfacet
  facet normal 0 0 1
    outer loop
      vertex -10.95 -25.349999999999998 -2.5599999999999996
      vertex -8.95 -23.349999999999998 -2.5599999999999996
      vertex -10.95 -23.349999999999998 -2.5599999999999996
    endloop
  endfacet
  facet normal 0 0 1
    outer loop
      vertex -10.95 -25.349999999999998 -2.5599999999999996
      vertex -8.95 -25.349999999999998 -2.5599999999999996
      vertex -8.95 -23.349999999999998 -2.5599999999999996
    endloop
  endfacet
  facet normal 0 1 0
    outer loop
      vertex -10.95 -25.349999999999998 -2.5599999999999996
      vertex -10.95 -25.349999999999998 4.05
      vertex -8.95 -25.349999999999998 -2.5599999999999996
    endloop
  endfacet
  facet normal 0 1 0
    outer loop
      vertex -48.75 -25.349999999999998 -2.5599999999999996
      vertex -49.25 -25.349999999999998 4.05
      vertex -48.75 -25.349999999999998 4.05
    endloop
  endfacet
  facet normal 0 1 0
    outer loop
      vertex -28.849999999999998 -25.349999999999998 -2.5599999999999996
      vertex -30.849999999999998 -25.349999999999998 4.05
      vertex -28.849999999999998 -25.349999999999998 4.05
    endloop
  endfacet
  facet normal 0 1 0
    outer loop
      vertex -8.95 -25.349999999999998 -2.5599999999999996
      vertex -10.95 -25.349999999999998 4.05
      vertex -8.95 -25.349999999999998 4.05
    endloop
  endfacet
  facet normal 0 0 1
    outer loop
      vertex -49.25 25.349999999999998 -2.5599999999999996
      vertex -48.988947615559894 25.33288972274762 -2.5599999999999996
      vertex -48.75 25.349999999999998 -2.5599999999999996
    endloop
  endfacet
  facet normal 0 0 1
    outer loop
      vertex -48.988947615559894 25.33288972274762 -2.5599999999999996
      vertex -48.75 25.285360086856873 -2.5599999999999996
      vertex -48.75 25.349999999999998 -2.5599999999999996
    endloop
  endfacet
  facet normal 0 0 1
    outer loop
      vertex -30.849999999999998 23.349999999999998 -2.5599999999999996
      vertex -28.849999999999998 23.349999999999998 -2.5599999999999996
      vertex -28.849999999999998 25.349999999999998 -2.5599999999999996
    endloop
  endfacet
  facet normal 0 0 1
    outer loop
      vertex -30.849999999999998 23.349999999999998 -2.5599999999999996
      vertex -28.849999999999998 25.349999999999998 -2.5599999999999996
      vertex -30.849999999999998 25.349999999999998 -2.5599999999999996
    endloop
  endfacet
  facet normal 0 -1 0
    outer loop
      vertex -49.25 25.349999999999998 -2.5599999999999996
      vertex -48.75 25.349999999999998 -2.5599999999999996
      vertex -48.75 25.349999999999998 4.05
    endloop
  endfacet
  facet normal 0 -1 0
    outer loop
      vertex -30.849999999999998 25.349999999999998 -2.5599999999999996
      vertex -28.849999999999998 25.349999999999998 -2.5599999999999996
      vertex -28.849999999999998 25.349999999999998 4.05
    endloop
  endfacet
  facet normal 0 0 1
    outer loop
      vertex -10.95 23.349999999999998 -2.5599999999999996
      vertex -8.95 25.349999999999998 -2.5599999999999996
      vertex -10.95 25.349999999999998 -2.5599999999999996
    endloop
  endfacet
  facet normal 0 0 1
    outer loop
      vertex -10.95 23.349999999999998 -2.5599999999999996
      vertex -8.95 23.349999999999998 -2.5599999999999996
      vertex -8.95 25.349999999999998 -2.5599999999999996
    endloop
  endfacet
  facet normal 0 -1 0
    outer loop
      vertex -10.95 25.349999999999998 -2.5599999999999996
      vertex -8.95 25.349999999999998 -2.5599999999999996
      vertex -8.95 25.349999999999998 4.05
    endloop
  endfacet
  facet normal 0 -1 0
    outer loop
      vertex -49.25 25.349999999999998 -2.5599999999999996
      vertex -48.75 25.349999999999998 4.05
      vertex -49.25 25.349999999999998 4.05
    endloop
  endfacet
  facet normal 0 -1 0
    outer loop
      vertex -30.849999999999998 25.349999999999998 -2.5599999999999996
      vertex -28.849999999999998 25.349999999999998 4.05
      vertex -30.849999999999998 25.349999999999998 4.05
    endloop
  endfacet
  facet normal 0 -1 0
    outer loop
      vertex -10.95 25.349999999999998 -2.5599999999999996
      vertex -8.95 25.349999999999998 4.05
      vertex -10.95 25.349999999999998 4.05
    endloop
  endfacet
  facet normal 0 0 1
    outer loop
      vertex 8.95 -25.349999999999998 -2.5599999999999996
      vertex 10.95 -23.349999999999998 -2.5599999999999996
      vertex 8.95 -23.349999999999998 -2.5599999999999996
    endloop
  endfacet
  facet normal 0 0 1
    outer loop
      vertex 8.95 -25.349999999999998 -2.5599999999999996
      vertex 10.95 -25.349999999999998 -2.5599999999999996
      vertex 10.95 -23.349999999999998 -2.5599999999999996
    endloop
  endfacet
  facet normal 0 1 0
    outer loop
      vertex 8.95 -25.349999999999998 -2.5599999999999996
      vertex 8.95 -25.349999999999998 4.05
      vertex 10.95 -25.349999999999998 -2.5599999999999996
    endloop
  endfacet
  facet normal 0 0 1
    outer loop
      vertex 28.849999999999998 -25.349999999999998 -2.5599999999999996
      vertex 30.849999999999998 -25.349999999999998 -2.5599999999999996
      vertex 30.849999999999998 -23.349999999999998 -2.5599999999999996
    endloop
  endfacet
  facet normal 0 0 1
    outer loop
      vertex 28.849999999999998 -25.349999999999998 -2.5599999999999996
      vertex 30.849999999999998 -23.349999999999998 -2.5599999999999996
      vertex 28.849999999999998 -23.349999999999998 -2.5599999999999996
    endloop
  endfacet
  facet normal 0 0 1
    outer loop
      vertex 48.75 -25.349999999999998 -2.5599999999999996
      vertex 48.988947615559894 -25.33288972274762 -2.5599999999999996
      vertex 48.75 -25.285360086856873 -2.5599999999999996
    endloop
  endfacet
  facet normal 0 0 1
    outer loop
      vertex 48.75 -25.349999999999998 -2.5599999999999996
      vertex 49.25 -25.349999999999998 -2.5599999999999996
      vertex 48.988947615559894 -25.33288972274762 -2.5599999999999996
    endloop
  endfacet
  facet normal 0 1 0
    outer loop
      vertex 28.849999999999998 -25.349999999999998 -2.5599999999999996
      vertex 28.849999999999998 -25.349999999999998 4.05
      vertex 30.849999999999998 -25.349999999999998 -2.5599999999999996
    endloop
  endfacet
  facet normal 0 1 0
    outer loop
      vertex 48.75 -25.349999999999998 -2.5599999999999996
      vertex 48.75 -25.349999999999998 4.05
      vertex 49.25 -25.349999999999998 -2.5599999999999996
    endloop
  endfacet
  facet normal 0 1 0
    outer loop
      vertex 10.95 -25.349999999999998 -2.5599999999999996
      vertex 8.95 -25.349999999999998 4.05
      vertex 10.95 -25.349999999999998 4.05
    endloop
  endfacet
  facet normal 0 1 0
    outer loop
      vertex 30.849999999999998 -25.349999999999998 -2.5599999999999996
      vertex 28.849999999999998 -25.349999999999998 4.05
      vertex 30.849999999999998 -25.349999999999998 4.05
    endloop
  endfacet
  facet normal 0 1 0
    outer loop
      vertex 49.25 -25.349999999999998 -2.5599999999999996
      vertex 48.75 -25.349999999999998 4.05
      vertex 49.25 -25.349999999999998 4.05
    endloop
  endfacet
  facet normal 0 0 1
    outer loop
      vertex 8.95 23.349999999999998 -2.5599999999999996
      vertex 10.95 25.349999999999998 -2.5599999999999996
      vertex 8.95 25.349999999999998 -2.5599999999999996
    endloop
  endfacet
  facet normal 0 0 1
    outer loop
      vertex 8.95 23.349999999999998 -2.5599999999999996
      vertex 10.95 23.349999999999998 -2.5599999999999996
      vertex 10.95 25.349999999999998 -2.5599999999999996
    endloop
  endfacet
  facet normal 0 -1 0
    outer loop
      vertex 8.95 25.349999999999998 -2.5599999999999996
      vertex 10.95 25.349999999999998 -2.5599999999999996
      vertex 10.95 25.349999999999998 4.05
    endloop
  endfacet
  facet normal 0 0 1
    outer loop
      vertex 28.849999999999998 23.349999999999998 -2.5599999999999996
      vertex 30.849999999999998 23.349999999999998 -2.5599999999999996
      vertex 30.849999999999998 25.349999999999998 -2.5599999999999996
    endloop
  endfacet
  facet normal 0 0 1
    outer loop
      vertex 28.849999999999998 23.349999999999998 -2.5599999999999996
      vertex 30.849999999999998 25.349999999999998 -2.5599999999999996
      vertex 28.849999999999998 25.349999999999998 -2.5599999999999996
    endloop
  endfacet
  facet normal 0 0 1
    outer loop
      vertex 48.75 25.285360086856873 -2.5599999999999996
      vertex 48.988947615559894 25.33288972274762 -2.5599999999999996
      vertex 48.75 25.349999999999998 -2.5599999999999996
    endloop
  endfacet
  facet normal 0 0 1
    outer loop
      vertex 48.75 25.349999999999998 -2.5599999999999996
      vertex 48.988947615559894 25.33288972274762 -2.5599999999999996
      vertex 49.25 25.349999999999998 -2.5599999999999996
    endloop
  endfacet
  facet normal 0 -1 0
    outer loop
      vertex 28.849999999999998 25.349999999999998 -2.5599999999999996
      vertex 30.849999999999998 25.349999999999998 -2.5599999999999996
      vertex 30.849999999999998 25.349999999999998 4.05
    endloop
  endfacet
  facet normal 0 -1 0
    outer loop
      vertex 48.75 25.349999999999998 -2.5599999999999996
      vertex 49.25 25.349999999999998 -2.5599999999999996
      vertex 49.25 25.349999999999998 4.05
    endloop
  endfacet
  facet normal 0 -1 0
    outer loop
      vertex 8.95 25.349999999999998 -2.5599999999999996
      vertex 10.95 25.349999999999998 4.05
      vertex 8.95 25.349999999999998 4.05
    endloop
  endfacet
  facet normal 0 -1 0
    outer loop
      vertex 28.849999999999998 25.349999999999998 -2.5599999999999996
      vertex 30.849999999999998 25.349999999999998 4.05
      vertex 28.849999999999998 25.349999999999998 4.05
    endloop
  endfacet
  facet normal 0 -1 0
    outer loop
      vertex 48.75 25.349999999999998 -2.5599999999999996
      vertex 49.25 25.349999999999998 4.05
      vertex 48.75 25.349999999999998 4.05
    endloop
  endfacet
  facet normal 0 0 1
    outer loop
      vertex 48.75 21.414639913143123 -2.5599999999999996
      vertex 48.988947615559894 21.367110277252376 -2.5599999999999996
      vertex 48.988947615559894 25.33288972274762 -2.5599999999999996
    endloop
  endfacet
  facet normal 0 0 1
    outer loop
      vertex 48.988947615559894 21.367110277252376 -2.5599999999999996
      vertex 49.25 21.349999999999998 -2.5599999999999996
      vertex 49.25 25.349999999999998 -2.5599999999999996
    endloop
  endfacet
  facet normal 0 0 1
    outer loop
      vertex 49.25 21.349999999999998 -2.5599999999999996
      vertex 49.511052384440106 21.367110277252376 -2.5599999999999996
      vertex 49.511052384440106 25.33288972274762 -2.5599999999999996
    endloop
  endfacet
  facet normal 0 0 1
    outer loop
      vertex 49.511052384440106 21.367110277252376 -2.5599999999999996
      vertex 49.76763809020504 21.418148347421862 -2.5599999999999996
      vertex 49.76763809020504 25.281851652578133 -2.5599999999999996
    endloop
  endfacet
  facet normal 0 0 1
    outer loop
      vertex 49.76763809020504 21.418148347421862 -2.5599999999999996
      vertex 50.01536686473018 21.502240934977426 -2.5599999999999996
      vertex 50.01536686473018 25.19775906502257 -2.5599999999999996
    endloop
  endfacet
  facet normal 0 0 1
    outer loop
      vertex 50.01536686473018 21.502240934977426 -2.5599999999999996
      vertex 50.25 21.61794919243112 -2.5599999999999996
      vertex 50.25 25.082050807568876 -2.5599999999999996
    endloop
  endfacet
  facet normal 0 0 1
    outer loop
      vertex 50.25 21.61794919243112 -2.5599999999999996
      vertex 50.46752285801744 21.763293319417528 -2.5599999999999996
      vertex 50.46752285801744 24.936706680582468 -2.5599999999999996
    endloop
  endfacet
  facet normal 0 0 1
    outer loop
      vertex 50.46752285801744 21.763293319417528 -2.5599999999999996
      vertex 50.66421356237309 21.935786437626902 -2.5599999999999996
      vertex 50.66421356237309 24.764213562373094 -2.5599999999999996
    endloop
  endfacet
  facet normal 0 0 1
    outer loop
      vertex 50.66421356237309 21.935786437626902 -2.5599999999999996
      vertex 50.83670668058247 22.132477141982555 -2.5599999999999996
      vertex 50.83670668058247 24.56752285801744 -2.5599999999999996
    endloop
  endfacet
  facet normal 0 0 1
    outer loop
      vertex 50.83670668058247 22.132477141982555 -2.5599999999999996
      vertex 50.982050807568875 22.349999999999998 -2.5599999999999996
      vertex 50.982050807568875 24.349999999999998 -2.5599999999999996
    endloop
  endfacet
  facet normal 0 0 1
    outer loop
      vertex 50.982050807568875 22.349999999999998 -2.5599999999999996
      vertex 51.09775906502257 22.58463313526982 -2.5599999999999996
      vertex 51.09775906502257 24.115366864730177 -2.5599999999999996
    endloop
  endfacet
  facet normal 0 0 1
    outer loop
      vertex 51.09775906502257 22.58463313526982 -2.5599999999999996
      vertex 51.18185165257814 22.832361909794955 -2.5599999999999996
      vertex 51.18185165257814 23.86763809020504 -2.5599999999999996
    endloop
  endfacet
  facet normal 0 0 1
    outer loop
      vertex 51.18185165257814 22.832361909794955 -2.5599999999999996
      vertex 51.23288972274762 23.088947615559896 -2.5599999999999996
      vertex 51.23288972274762 23.6110523844401 -2.5599999999999996
    endloop
  endfacet
  facet normal 0 0 1
    outer loop
      vertex 51.18185165257814 22.832361909794955 -2.5599999999999996
      vertex 51.23288972274762 23.6110523844401 -2.5599999999999996
      vertex 51.18185165257814 23.86763809020504 -2.5599999999999996
    endloop
  endfacet
  facet normal 0 0 1
    outer loop
      vertex 51.23288972274762 23.088947615559896 -2.5599999999999996
      vertex 51.25 23.349999999999998 -2.5599999999999996
      vertex 51.23288972274762 23.6110523844401 -2.5599999999999996
    endloop
  endfacet
  facet normal 0 0 1
    outer loop
      vertex 48.75 21.414639913143123 -2.5599999999999996
      vertex 48.988947615559894 25.33288972274762 -2.5599999999999996
      vertex 48.75 25.285360086856873 -2.5599999999999996
    endloop
  endfacet
  facet normal 0 0 1
    outer loop
      vertex 48.988947615559894 21.367110277252376 -2.5599999999999996
      vertex 49.25 25.349999999999998 -2.5599999999999996
      vertex 48.988947615559894 25.33288972274762 -2.5599999999999996
    endloop
  endfacet
  facet normal 0 0 1
    outer loop
      vertex 49.25 21.349999999999998 -2.5599999999999996
      vertex 49.511052384440106 25.33288972274762 -2.5599999999999996
      vertex 49.25 25.349999999999998 -2.5599999999999996
    endloop
  endfacet
  facet normal 0 0 1
    outer loop
      vertex 49.511052384440106 21.367110277252376 -2.5599999999999996
      vertex 49.76763809020504 25.281851652578133 -2.5599999999999996
      vertex 49.511052384440106 25.33288972274762 -2.5599999999999996
    endloop
  endfacet
  facet normal 0 0 1
    outer loop
      vertex 49.76763809020504 21.418148347421862 -2.5599999999999996
      vertex 50.01536686473018 25.19775906502257 -2.5599999999999996
      vertex 49.76763809020504 25.281851652578133 -2.5599999999999996
    endloop
  endfacet
  facet normal 0 0 1
    outer loop
      vertex 50.01536686473018 21.502240934977426 -2.5599999999999996
      vertex 50.25 25.082050807568876 -2.5599999999999996
      vertex 50.01536686473018 25.19775906502257 -2.5599999999999996
    endloop
  endfacet
  facet normal 0 0 1
    outer loop
      vertex 50.25 21.61794919243112 -2.5599999999999996
      vertex 50.46752285801744 24.936706680582468 -2.5599999999999996
      vertex 50.25 25.082050807568876 -2.5599999999999996
    endloop
  endfacet
  facet normal 0 0 1
    outer loop
      vertex 50.66421356237309 21.935786437626902 -2.5599999999999996
      vertex 50.83670668058247 24.56752285801744 -2.5599999999999996
      vertex 50.66421356237309 24.764213562373094 -2.5599999999999996
    endloop
  endfacet
  facet normal 0 0 1
    outer loop
      vertex 50.46752285801744 21.763293319417528 -2.5599999999999996
      vertex 50.66421356237309 24.764213562373094 -2.5599999999999996
      vertex 50.46752285801744 24.936706680582468 -2.5599999999999996
    endloop
  endfacet
  facet normal 0 0 1
    outer loop
      vertex 50.83670668058247 22.132477141982555 -2.5599999999999996
      vertex 50.982050807568875 24.349999999999998 -2.5599999999999996
      vertex 50.83670668058247 24.56752285801744 -2.5599999999999996
    endloop
  endfacet
  facet normal 0 0 1
    outer loop
      vertex 50.982050807568875 22.349999999999998 -2.5599999999999996
      vertex 51.09775906502257 24.115366864730177 -2.5599999999999996
      vertex 50.982050807568875 24.349999999999998 -2.5599999999999996
    endloop
  endfacet
  facet normal 0 0 1
    outer loop
      vertex 51.09775906502257 22.58463313526982 -2.5599999999999996
      vertex 51.18185165257814 23.86763809020504 -2.5599999999999996
      vertex 51.09775906502257 24.115366864730177 -2.5599999999999996
    endloop
  endfacet
  facet normal -0.9978589232386038 -0.06540312923013929 0
    outer loop
      vertex 51.25 23.349999999999998 -2.5599999999999996
      vertex 51.25 23.349999999999998 4.05
      vertex 51.23288972274762 23.6110523844401 -2.5599999999999996
    endloop
  endfacet
  facet normal -0.0654031292301384 -0.9978589232386038 0
    outer loop
      vertex 49.25 25.349999999999998 -2.5599999999999996
      vertex 49.511052384440106 25.33288972274762 -2.5599999999999996
      vertex 49.511052384440106 25.33288972274762 4.05
    endloop
  endfacet
  facet normal -0.32143946530315676 -0.9469301294951074 0
    outer loop
      vertex 50.01536686473018 25.19775906502257 -2.5599999999999996
      vertex 50.01536686473018 25.19775906502257 4.05
      vertex 49.76763809020504 25.281851652578133 -2.5599999999999996
    endloop
  endfacet
  facet normal -0.1950903220161393 -0.9807852804032283 0
    outer loop
      vertex 49.511052384440106 25.33288972274762 -2.5599999999999996
      vertex 49.76763809020504 25.281851652578133 -2.5599999999999996
      vertex 49.76763809020504 25.281851652578133 4.05
    endloop
  endfacet
  facet normal -0.44228869021899814 -0.8968727415326898 0
    outer loop
      vertex 50.01536686473018 25.19775906502257 -2.5599999999999996
      vertex 50.25 25.082050807568876 -2.5599999999999996
      vertex 50.25 25.082050807568876 4.05
    endloop
  endfacet
  facet normal -0.9807852804032319 -0.195090322016121 0
    outer loop
      vertex 51.23288972274762 23.6110523844401 -2.5599999999999996
      vertex 51.23288972274762 23.6110523844401 4.05
      vertex 51.18185165257814 23.86763809020504 -2.5599999999999996
    endloop
  endfacet
  facet normal -0.9469301294951004 -0.3214394653031772 0
    outer loop
      vertex 51.18185165257814 23.86763809020504 -2.5599999999999996
      vertex 51.18185165257814 23.86763809020504 4.05
      vertex 51.09775906502257 24.115366864730177 -2.5599999999999996
    endloop
  endfacet
  facet normal -0.8968727415326871 -0.4422886902190038 0
    outer loop
      vertex 51.09775906502257 24.115366864730177 -2.5599999999999996
      vertex 51.09775906502257 24.115366864730177 4.05
      vertex 50.982050807568875 24.349999999999998 -2.5599999999999996
    endloop
  endfacet
  facet normal -0.8314696123025564 -0.5555702330195855 0
    outer loop
      vertex 50.83670668058247 24.56752285801744 -2.5599999999999996
      vertex 50.982050807568875 24.349999999999998 -2.5599999999999996
      vertex 50.982050807568875 24.349999999999998 4.05
    endloop
  endfacet
  facet normal -0.7518398074789653 -0.6593458151000827 0
    outer loop
      vertex 50.83670668058247 24.56752285801744 -2.5599999999999996
      vertex 50.83670668058247 24.56752285801744 4.05
      vertex 50.66421356237309 24.764213562373094 -2.5599999999999996
    endloop
  endfacet
  facet normal -0.6593458151000674 -0.7518398074789786 0
    outer loop
      vertex 50.46752285801744 24.936706680582468 -2.5599999999999996
      vertex 50.66421356237309 24.764213562373094 -2.5599999999999996
      vertex 50.66421356237309 24.764213562373094 4.05
    endloop
  endfacet
  facet normal -0.5555702330196105 -0.8314696123025397 0
    outer loop
      vertex 50.25 25.082050807568876 -2.5599999999999996
      vertex 50.46752285801744 24.936706680582468 -2.5599999999999996
      vertex 50.46752285801744 24.936706680582468 4.05
    endloop
  endfacet
  facet normal -0.0654031292301384 -0.9978589232386038 0
    outer loop
      vertex 49.25 25.349999999999998 -2.5599999999999996
      vertex 49.511052384440106 25.33288972274762 4.05
      vertex 49.25 25.349999999999998 4.05
    endloop
  endfacet
  facet normal -0.1950903220161393 -0.9807852804032283 0
    outer loop
      vertex 49.511052384440106 25.33288972274762 -2.5599999999999996
      vertex 49.76763809020504 25.281851652578133 4.05
      vertex 49.511052384440106 25.33288972274762 4.05
    endloop
  endfacet
  facet normal -0.32143946530315676 -0.9469301294951074 0
    outer loop
      vertex 49.76763809020504 25.281851652578133 -2.5599999999999996
      vertex 50.01536686473018 25.19775906502257 4.05
      vertex 49.76763809020504 25.281851652578133 4.05
    endloop
  endfacet
  facet normal -0.44228869021899814 -0.8968727415326898 0
    outer loop
      vertex 50.01536686473018 25.19775906502257 -2.5599999999999996
      vertex 50.25 25.082050807568876 4.05
      vertex 50.01536686473018 25.19775906502257 4.05
    endloop
  endfacet
  facet normal -0.5555702330196105 -0.8314696123025397 0
    outer loop
      vertex 50.25 25.082050807568876 -2.5599999999999996
      vertex 50.46752285801744 24.936706680582468 4.05
      vertex 50.25 25.082050807568876 4.05
    endloop
  endfacet
  facet normal -0.9807852804032319 -0.195090322016121 0
    outer loop
      vertex 51.18185165257814 23.86763809020504 -2.5599999999999996
      vertex 51.23288972274762 23.6110523844401 4.05
      vertex 51.18185165257814 23.86763809020504 4.05
    endloop
  endfacet
  facet normal -0.9469301294951004 -0.3214394653031772 0
    outer loop
      vertex 51.09775906502257 24.115366864730177 -2.5599999999999996
      vertex 51.18185165257814 23.86763809020504 4.05
      vertex 51.09775906502257 24.115366864730177 4.05
    endloop
  endfacet
  facet normal -0.8968727415326871 -0.4422886902190038 0
    outer loop
      vertex 50.982050807568875 24.349999999999998 -2.5599999999999996
      vertex 51.09775906502257 24.115366864730177 4.05
      vertex 50.982050807568875 24.349999999999998 4.05
    endloop
  endfacet
  facet normal -0.9978589232386038 -0.06540312923013929 0
    outer loop
      vertex 51.23288972274762 23.6110523844401 -2.5599999999999996
      vertex 51.25 23.349999999999998 4.05
      vertex 51.23288972274762 23.6110523844401 4.05
    endloop
  endfacet
  facet normal -0.7518398074789653 -0.6593458151000827 0
    outer loop
      vertex 50.66421356237309 24.764213562373094 -2.5599999999999996
      vertex 50.83670668058247 24.56752285801744 4.05
      vertex 50.66421356237309 24.764213562373094 4.05
    endloop
  endfacet
  facet normal -0.6593458151000674 -0.7518398074789786 0
    outer loop
      vertex 50.46752285801744 24.936706680582468 -2.5599999999999996
      vertex 50.66421356237309 24.764213562373094 4.05
      vertex 50.46752285801744 24.936706680582468 4.05
    endloop
  endfacet
  facet normal -0.8314696123025564 -0.5555702330195855 0
    outer loop
      vertex 50.83670668058247 24.56752285801744 -2.5599999999999996
      vertex 50.982050807568875 24.349999999999998 4.05
      vertex 50.83670668058247 24.56752285801744 4.05
    endloop
  endfacet
  facet normal 0 0 1
    outer loop
      vertex 48.988947615559894 -25.33288972274762 -2.5599999999999996
      vertex 49.25 -25.349999999999998 -2.5599999999999996
      vertex 49.25 -21.349999999999998 -2.5599999999999996
    endloop
  endfacet
  facet normal 0 0 1
    outer loop
      vertex 49.25 -25.349999999999998 -2.5599999999999996
      vertex 49.511052384440106 -25.33288972274762 -2.5599999999999996
      vertex 49.511052384440106 -21.367110277252376 -2.5599999999999996
    endloop
  endfacet
  facet normal 0 0 1
    outer loop
      vertex 48.75 -25.285360086856873 -2.5599999999999996
      vertex 48.988947615559894 -25.33288972274762 -2.5599999999999996
      vertex 48.988947615559894 -21.367110277252376 -2.5599999999999996
    endloop
  endfacet
  facet normal 0 0 1
    outer loop
      vertex 49.511052384440106 -25.33288972274762 -2.5599999999999996
      vertex 49.76763809020504 -25.281851652578133 -2.5599999999999996
      vertex 49.76763809020504 -21.418148347421862 -2.5599999999999996
    endloop
  endfacet
  facet normal 0 0 1
    outer loop
      vertex 49.76763809020504 -25.281851652578133 -2.5599999999999996
      vertex 50.01536686473018 -25.19775906502257 -2.5599999999999996
      vertex 50.01536686473018 -21.502240934977426 -2.5599999999999996
    endloop
  endfacet
  facet normal 0 0 1
    outer loop
      vertex 50.01536686473018 -25.19775906502257 -2.5599999999999996
      vertex 50.25 -25.082050807568876 -2.5599999999999996
      vertex 50.25 -21.61794919243112 -2.5599999999999996
    endloop
  endfacet
  facet normal 0 0 1
    outer loop
      vertex 50.25 -25.082050807568876 -2.5599999999999996
      vertex 50.46752285801744 -24.936706680582468 -2.5599999999999996
      vertex 50.46752285801744 -21.763293319417528 -2.5599999999999996
    endloop
  endfacet
  facet normal 0 0 1
    outer loop
      vertex 50.46752285801744 -24.936706680582468 -2.5599999999999996
      vertex 50.66421356237309 -24.764213562373094 -2.5599999999999996
      vertex 50.66421356237309 -21.935786437626902 -2.5599999999999996
    endloop
  endfacet
  facet normal 0 0 1
    outer loop
      vertex 50.66421356237309 -24.764213562373094 -2.5599999999999996
      vertex 50.83670668058247 -24.56752285801744 -2.5599999999999996
      vertex 50.83670668058247 -22.132477141982555 -2.5599999999999996
    endloop
  endfacet
  facet normal 0 0 1
    outer loop
      vertex 50.83670668058247 -24.56752285801744 -2.5599999999999996
      vertex 50.982050807568875 -24.349999999999998 -2.5599999999999996
      vertex 50.982050807568875 -22.349999999999998 -2.5599999999999996
    endloop
  endfacet
  facet normal 0 0 1
    outer loop
      vertex 50.982050807568875 -24.349999999999998 -2.5599999999999996
      vertex 51.09775906502257 -24.115366864730177 -2.5599999999999996
      vertex 51.09775906502257 -22.58463313526982 -2.5599999999999996
    endloop
  endfacet
  facet normal 0 0 1
    outer loop
      vertex 51.09775906502257 -24.115366864730177 -2.5599999999999996
      vertex 51.18185165257814 -23.86763809020504 -2.5599999999999996
      vertex 51.18185165257814 -22.832361909794955 -2.5599999999999996
    endloop
  endfacet
  facet normal 0 0 1
    outer loop
      vertex 51.18185165257814 -23.86763809020504 -2.5599999999999996
      vertex 51.23288972274762 -23.6110523844401 -2.5599999999999996
      vertex 51.23288972274762 -23.088947615559896 -2.5599999999999996
    endloop
  endfacet
  facet normal 0 0 1
    outer loop
      vertex 48.75 -25.285360086856873 -2.5599999999999996
      vertex 48.988947615559894 -21.367110277252376 -2.5599999999999996
      vertex 48.75 -21.414639913143123 -2.5599999999999996
    endloop
  endfacet
  facet normal 0 0 1
    outer loop
      vertex 48.988947615559894 -25.33288972274762 -2.5599999999999996
      vertex 49.25 -21.349999999999998 -2.5599999999999996
      vertex 48.988947615559894 -21.367110277252376 -2.5599999999999996
    endloop
  endfacet
  facet normal 0 0 1
    outer loop
      vertex 49.25 -25.349999999999998 -2.5599999999999996
      vertex 49.511052384440106 -21.367110277252376 -2.5599999999999996
      vertex 49.25 -21.349999999999998 -2.5599999999999996
    endloop
  endfacet
  facet normal 0 0 1
    outer loop
      vertex 49.511052384440106 -25.33288972274762 -2.5599999999999996
      vertex 49.76763809020504 -21.418148347421862 -2.5599999999999996
      vertex 49.511052384440106 -21.367110277252376 -2.5599999999999996
    endloop
  endfacet
  facet normal 0 0 1
    outer loop
      vertex 49.76763809020504 -25.281851652578133 -2.5599999999999996
      vertex 50.01536686473018 -21.502240934977426 -2.5599999999999996
      vertex 49.76763809020504 -21.418148347421862 -2.5599999999999996
    endloop
  endfacet
  facet normal 0 0 1
    outer loop
      vertex 50.25 -25.082050807568876 -2.5599999999999996
      vertex 50.46752285801744 -21.763293319417528 -2.5599999999999996
      vertex 50.25 -21.61794919243112 -2.5599999999999996
    endloop
  endfacet
  facet normal 0 0 1
    outer loop
      vertex 50.01536686473018 -25.19775906502257 -2.5599999999999996
      vertex 50.25 -21.61794919243112 -2.5599999999999996
      vertex 50.01536686473018 -21.502240934977426 -2.5599999999999996
    endloop
  endfacet
  facet normal 0 0 1
    outer loop
      vertex 51.18185165257814 -23.86763809020504 -2.5599999999999996
      vertex 51.23288972274762 -23.088947615559896 -2.5599999999999996
      vertex 51.18185165257814 -22.832361909794955 -2.5599999999999996
    endloop
  endfacet
  facet normal 0 0 1
    outer loop
      vertex 51.09775906502257 -24.115366864730177 -2.5599999999999996
      vertex 51.18185165257814 -22.832361909794955 -2.5599999999999996
      vertex 51.09775906502257 -22.58463313526982 -2.5599999999999996
    endloop
  endfacet
  facet normal 0 0 1
    outer loop
      vertex 50.982050807568875 -24.349999999999998 -2.5599999999999996
      vertex 51.09775906502257 -22.58463313526982 -2.5599999999999996
      vertex 50.982050807568875 -22.349999999999998 -2.5599999999999996
    endloop
  endfacet
  facet normal 0 0 1
    outer loop
      vertex 50.46752285801744 -24.936706680582468 -2.5599999999999996
      vertex 50.66421356237309 -21.935786437626902 -2.5599999999999996
      vertex 50.46752285801744 -21.763293319417528 -2.5599999999999996
    endloop
  endfacet
  facet normal 0 0 1
    outer loop
      vertex 50.66421356237309 -24.764213562373094 -2.5599999999999996
      vertex 50.83670668058247 -22.132477141982555 -2.5599999999999996
      vertex 50.66421356237309 -21.935786437626902 -2.5599999999999996
    endloop
  endfacet
  facet normal 0 0 1
    outer loop
      vertex 50.83670668058247 -24.56752285801744 -2.5599999999999996
      vertex 50.982050807568875 -22.349999999999998 -2.5599999999999996
      vertex 50.83670668058247 -22.132477141982555 -2.5599999999999996
    endloop
  endfacet
  facet normal 0 0 1
    outer loop
      vertex 51.23288972274762 -23.6110523844401 -2.5599999999999996
      vertex 51.25 -23.349999999999998 -2.5599999999999996
      vertex 51.23288972274762 -23.088947615559896 -2.5599999999999996
    endloop
  endfacet
  facet normal -0.0654031292301384 0.9978589232386038 0
    outer loop
      vertex 49.25 -25.349999999999998 -2.5599999999999996
      vertex 49.25 -25.349999999999998 4.05
      vertex 49.511052384440106 -25.33288972274762 -2.5599999999999996
    endloop
  endfacet
  facet normal -0.1950903220161393 0.9807852804032283 0
    outer loop
      vertex 49.511052384440106 -25.33288972274762 -2.5599999999999996
      vertex 49.511052384440106 -25.33288972274762 4.05
      vertex 49.76763809020504 -25.281851652578133 -2.5599999999999996
    endloop
  endfacet
  facet normal -0.32143946530315676 0.9469301294951074 0
    outer loop
      vertex 49.76763809020504 -25.281851652578133 -2.5599999999999996
      vertex 49.76763809020504 -25.281851652578133 4.05
      vertex 50.01536686473018 -25.19775906502257 -2.5599999999999996
    endloop
  endfacet
  facet normal -0.44228869021899814 0.8968727415326898 0
    outer loop
      vertex 50.01536686473018 -25.19775906502257 -2.5599999999999996
      vertex 50.01536686473018 -25.19775906502257 4.05
      vertex 50.25 -25.082050807568876 -2.5599999999999996
    endloop
  endfacet
  facet normal -0.5555702330196105 0.8314696123025397 0
    outer loop
      vertex 50.25 -25.082050807568876 -2.5599999999999996
      vertex 50.25 -25.082050807568876 4.05
      vertex 50.46752285801744 -24.936706680582468 -2.5599999999999996
    endloop
  endfacet
  facet normal -0.6593458151000674 0.7518398074789786 0
    outer loop
      vertex 50.46752285801744 -24.936706680582468 -2.5599999999999996
      vertex 50.46752285801744 -24.936706680582468 4.05
      vertex 50.66421356237309 -24.764213562373094 -2.5599999999999996
    endloop
  endfacet
  facet normal -0.7518398074789653 0.6593458151000827 0
    outer loop
      vertex 50.66421356237309 -24.764213562373094 -2.5599999999999996
      vertex 50.66421356237309 -24.764213562373094 4.05
      vertex 50.83670668058247 -24.56752285801744 -2.5599999999999996
    endloop
  endfacet
  facet normal -0.8314696123025564 0.5555702330195855 0
    outer loop
      vertex 50.83670668058247 -24.56752285801744 -2.5599999999999996
      vertex 50.83670668058247 -24.56752285801744 4.05
      vertex 50.982050807568875 -24.349999999999998 -2.5599999999999996
    endloop
  endfacet
  facet normal -0.8968727415326871 0.4422886902190038 0
    outer loop
      vertex 50.982050807568875 -24.349999999999998 -2.5599999999999996
      vertex 50.982050807568875 -24.349999999999998 4.05
      vertex 51.09775906502257 -24.115366864730177 -2.5599999999999996
    endloop
  endfacet
  facet normal -0.9469301294951004 0.3214394653031772 0
    outer loop
      vertex 51.09775906502257 -24.115366864730177 -2.5599999999999996
      vertex 51.09775906502257 -24.115366864730177 4.05
      vertex 51.18185165257814 -23.86763809020504 -2.5599999999999996
    endloop
  endfacet
  facet normal -0.9807852804032319 0.195090322016121 0
    outer loop
      vertex 51.18185165257814 -23.86763809020504 -2.5599999999999996
      vertex 51.18185165257814 -23.86763809020504 4.05
      vertex 51.23288972274762 -23.6110523844401 -2.5599999999999996
    endloop
  endfacet
  facet normal -0.9978589232386038 0.06540312923013929 0
    outer loop
      vertex 51.23288972274762 -23.6110523844401 -2.5599999999999996
      vertex 51.23288972274762 -23.6110523844401 4.05
      vertex 51.25 -23.349999999999998 -2.5599999999999996
    endloop
  endfacet
  facet normal -0.0654031292301384 0.9978589232386038 0
    outer loop
      vertex 49.511052384440106 -25.33288972274762 -2.5599999999999996
      vertex 49.25 -25.349999999999998 4.05
      vertex 49.511052384440106 -25.33288972274762 4.05
    endloop
  endfacet
  facet normal -0.1950903220161393 0.9807852804032283 0
    outer loop
      vertex 49.76763809020504 -25.281851652578133 -2.5599999999999996
      vertex 49.511052384440106 -25.33288972274762 4.05
      vertex 49.76763809020504 -25.281851652578133 4.05
    endloop
  endfacet
  facet normal -0.32143946530315676 0.9469301294951074 0
    outer loop
      vertex 50.01536686473018 -25.19775906502257 -2.5599999999999996
      vertex 49.76763809020504 -25.281851652578133 4.05
      vertex 50.01536686473018 -25.19775906502257 4.05
    endloop
  endfacet
  facet normal -0.44228869021899814 0.8968727415326898 0
    outer loop
      vertex 50.25 -25.082050807568876 -2.5599999999999996
      vertex 50.01536686473018 -25.19775906502257 4.05
      vertex 50.25 -25.082050807568876 4.05
    endloop
  endfacet
  facet normal -0.5555702330196105 0.8314696123025397 0
    outer loop
      vertex 50.46752285801744 -24.936706680582468 -2.5599999999999996
      vertex 50.25 -25.082050807568876 4.05
      vertex 50.46752285801744 -24.936706680582468 4.05
    endloop
  endfacet
  facet normal -0.6593458151000674 0.7518398074789786 0
    outer loop
      vertex 50.66421356237309 -24.764213562373094 -2.5599999999999996
      vertex 50.46752285801744 -24.936706680582468 4.05
      vertex 50.66421356237309 -24.764213562373094 4.05
    endloop
  endfacet
  facet normal -0.7518398074789653 0.6593458151000827 0
    outer loop
      vertex 50.83670668058247 -24.56752285801744 -2.5599999999999996
      vertex 50.66421356237309 -24.764213562373094 4.05
      vertex 50.83670668058247 -24.56752285801744 4.05
    endloop
  endfacet
  facet normal -0.8314696123025564 0.5555702330195855 0
    outer loop
      vertex 50.982050807568875 -24.349999999999998 -2.5599999999999996
      vertex 50.83670668058247 -24.56752285801744 4.05
      vertex 50.982050807568875 -24.349999999999998 4.05
    endloop
  endfacet
  facet normal -0.8968727415326871 0.4422886902190038 0
    outer loop
      vertex 51.09775906502257 -24.115366864730177 -2.5599999999999996
      vertex 50.982050807568875 -24.349999999999998 4.05
      vertex 51.09775906502257 -24.115366864730177 4.05
    endloop
  endfacet
  facet normal -0.9469301294951004 0.3214394653031772 0
    outer loop
      vertex 51.18185165257814 -23.86763809020504 -2.5599999999999996
      vertex 51.09775906502257 -24.115366864730177 4.05
      vertex 51.18185165257814 -23.86763809020504 4.05
    endloop
  endfacet
  facet normal -0.9807852804032319 0.195090322016121 0
    outer loop
      vertex 51.23288972274762 -23.6110523844401 -2.5599999999999996
      vertex 51.18185165257814 -23.86763809020504 4.05
      vertex 51.23288972274762 -23.6110523844401 4.05
    endloop
  endfacet
  facet normal -0.9978589232386038 0.06540312923013929 0
    outer loop
      vertex 51.25 -23.349999999999998 -2.5599999999999996
      vertex 51.23288972274762 -23.6110523844401 4.05
      vertex 51.25 -23.349999999999998 4.05
    endloop
  endfacet
  facet normal 0 0 1
    outer loop
      vertex -51.23288972274762 23.088947615559896 -2.5599999999999996
      vertex -51.23288972274762 23.6110523844401 -2.5599999999999996
      vertex -51.25 23.349999999999998 -2.5599999999999996
    endloop
  endfacet
  facet normal 0 0 1
    outer loop
      vertex -50.982050807568875 22.349999999999998 -2.5599999999999996
      vertex -50.83670668058247 22.132477141982555 -2.5599999999999996
      vertex -50.83670668058247 24.56752285801744 -2.5599999999999996
    endloop
  endfacet
  facet normal 0 0 1
    outer loop
      vertex -50.66421356237309 21.935786437626902 -2.5599999999999996
      vertex -50.66421356237309 24.764213562373094 -2.5599999999999996
      vertex -50.83670668058247 22.132477141982555 -2.5599999999999996
    endloop
  endfacet
  facet normal 0 0 1
    outer loop
      vertex -50.66421356237309 21.935786437626902 -2.5599999999999996
      vertex -50.46752285801744 21.763293319417528 -2.5599999999999996
      vertex -50.46752285801744 24.936706680582468 -2.5599999999999996
    endloop
  endfacet
  facet normal 0 0 1
    outer loop
      vertex -50.982050807568875 22.349999999999998 -2.5599999999999996
      vertex -50.982050807568875 24.349999999999998 -2.5599999999999996
      vertex -51.09775906502257 22.58463313526982 -2.5599999999999996
    endloop
  endfacet
  facet normal 0 0 1
    outer loop
      vertex -51.09775906502257 22.58463313526982 -2.5599999999999996
      vertex -51.09775906502257 24.115366864730177 -2.5599999999999996
      vertex -51.18185165257814 22.832361909794955 -2.5599999999999996
    endloop
  endfacet
  facet normal 0 0 1
    outer loop
      vertex -51.18185165257814 22.832361909794955 -2.5599999999999996
      vertex -51.18185165257814 23.86763809020504 -2.5599999999999996
      vertex -51.23288972274762 23.088947615559896 -2.5599999999999996
    endloop
  endfacet
  facet normal 0 0 1
    outer loop
      vertex -50.25 21.61794919243112 -2.5599999999999996
      vertex -50.01536686473018 21.502240934977426 -2.5599999999999996
      vertex -50.01536686473018 25.19775906502257 -2.5599999999999996
    endloop
  endfacet
  facet normal 0 0 1
    outer loop
      vertex -50.46752285801744 21.763293319417528 -2.5599999999999996
      vertex -50.25 21.61794919243112 -2.5599999999999996
      vertex -50.25 25.082050807568876 -2.5599999999999996
    endloop
  endfacet
  facet normal 0 0 1
    outer loop
      vertex -49.76763809020504 21.418148347421862 -2.5599999999999996
      vertex -49.76763809020504 25.281851652578133 -2.5599999999999996
      vertex -50.01536686473018 21.502240934977426 -2.5599999999999996
    endloop
  endfacet
  facet normal 0 0 1
    outer loop
      vertex -49.76763809020504 21.418148347421862 -2.5599999999999996
      vertex -49.511052384440106 21.367110277252376 -2.5599999999999996
      vertex -49.511052384440106 25.33288972274762 -2.5599999999999996
    endloop
  endfacet
  facet normal 0 0 1
    outer loop
      vertex -49.511052384440106 21.367110277252376 -2.5599999999999996
      vertex -49.25 21.349999999999998 -2.5599999999999996
      vertex -49.25 25.349999999999998 -2.5599999999999996
    endloop
  endfacet
  facet normal 0 0 1
    outer loop
      vertex -49.25 21.349999999999998 -2.5599999999999996
      vertex -48.988947615559894 21.367110277252376 -2.5599999999999996
      vertex -48.988947615559894 25.33288972274762 -2.5599999999999996
    endloop
  endfacet
  facet normal 0 0 1
    outer loop
      vertex -48.988947615559894 21.367110277252376 -2.5599999999999996
      vertex -48.75 21.414639913143123 -2.5599999999999996
      vertex -48.75 25.285360086856873 -2.5599999999999996
    endloop
  endfacet
  facet normal 0 0 1
    outer loop
      vertex -51.23288972274762 23.088947615559896 -2.5599999999999996
      vertex -51.18185165257814 23.86763809020504 -2.5599999999999996
      vertex -51.23288972274762 23.6110523844401 -2.5599999999999996
    endloop
  endfacet
  facet normal 0 0 1
    outer loop
      vertex -51.18185165257814 22.832361909794955 -2.5599999999999996
      vertex -51.09775906502257 24.115366864730177 -2.5599999999999996
      vertex -51.18185165257814 23.86763809020504 -2.5599999999999996
    endloop
  endfacet
  facet normal 0 0 1
    outer loop
      vertex -51.09775906502257 22.58463313526982 -2.5599999999999996
      vertex -50.982050807568875 24.349999999999998 -2.5599999999999996
      vertex -51.09775906502257 24.115366864730177 -2.5599999999999996
    endloop
  endfacet
  facet normal 0 0 1
    outer loop
      vertex -50.982050807568875 22.349999999999998 -2.5599999999999996
      vertex -50.83670668058247 24.56752285801744 -2.5599999999999996
      vertex -50.982050807568875 24.349999999999998 -2.5599999999999996
    endloop
  endfacet
  facet normal 0 0 1
    outer loop
      vertex -50.83670668058247 22.132477141982555 -2.5599999999999996
      vertex -50.66421356237309 24.764213562373094 -2.5599999999999996
      vertex -50.83670668058247 24.56752285801744 -2.5599999999999996
    endloop
  endfacet
  facet normal 0 0 1
    outer loop
      vertex -50.66421356237309 21.935786437626902 -2.5599999999999996
      vertex -50.46752285801744 24.936706680582468 -2.5599999999999996
      vertex -50.66421356237309 24.764213562373094 -2.5599999999999996
    endloop
  endfacet
  facet normal 0 0 1
    outer loop
      vertex -50.46752285801744 21.763293319417528 -2.5599999999999996
      vertex -50.25 25.082050807568876 -2.5599999999999996
      vertex -50.46752285801744 24.936706680582468 -2.5599999999999996
    endloop
  endfacet
  facet normal 0 0 1
    outer loop
      vertex -50.25 21.61794919243112 -2.5599999999999996
      vertex -50.01536686473018 25.19775906502257 -2.5599999999999996
      vertex -50.25 25.082050807568876 -2.5599999999999996
    endloop
  endfacet
  facet normal 0 0 1
    outer loop
      vertex -50.01536686473018 21.502240934977426 -2.5599999999999996
      vertex -49.76763809020504 25.281851652578133 -2.5599999999999996
      vertex -50.01536686473018 25.19775906502257 -2.5599999999999996
    endloop
  endfacet
  facet normal 0 0 1
    outer loop
      vertex -49.76763809020504 21.418148347421862 -2.5599999999999996
      vertex -49.511052384440106 25.33288972274762 -2.5599999999999996
      vertex -49.76763809020504 25.281851652578133 -2.5599999999999996
    endloop
  endfacet
  facet normal 0 0 1
    outer loop
      vertex -48.988947615559894 21.367110277252376 -2.5599999999999996
      vertex -48.75 25.285360086856873 -2.5599999999999996
      vertex -48.988947615559894 25.33288972274762 -2.5599999999999996
    endloop
  endfacet
  facet normal 0 0 1
    outer loop
      vertex -49.511052384440106 21.367110277252376 -2.5599999999999996
      vertex -49.25 25.349999999999998 -2.5599999999999996
      vertex -49.511052384440106 25.33288972274762 -2.5599999999999996
    endloop
  endfacet
  facet normal 0 0 1
    outer loop
      vertex -49.25 21.349999999999998 -2.5599999999999996
      vertex -48.988947615559894 25.33288972274762 -2.5599999999999996
      vertex -49.25 25.349999999999998 -2.5599999999999996
    endloop
  endfacet
  facet normal 0.9978589232386038 -0.06540312923013929 0
    outer loop
      vertex -51.25 23.349999999999998 -2.5599999999999996
      vertex -51.23288972274762 23.6110523844401 -2.5599999999999996
      vertex -51.23288972274762 23.6110523844401 4.05
    endloop
  endfacet
  facet normal 0.9807852804032319 -0.195090322016121 0
    outer loop
      vertex -51.23288972274762 23.6110523844401 -2.5599999999999996
      vertex -51.18185165257814 23.86763809020504 -2.5599999999999996
      vertex -51.18185165257814 23.86763809020504 4.05
    endloop
  endfacet
  facet normal 0.9469301294951004 -0.3214394653031772 0
    outer loop
      vertex -51.18185165257814 23.86763809020504 -2.5599999999999996
      vertex -51.09775906502257 24.115366864730177 -2.5599999999999996
      vertex -51.09775906502257 24.115366864730177 4.05
    endloop
  endfacet
  facet normal 0.8968727415326871 -0.4422886902190038 0
    outer loop
      vertex -51.09775906502257 24.115366864730177 -2.5599999999999996
      vertex -50.982050807568875 24.349999999999998 -2.5599999999999996
      vertex -50.982050807568875 24.349999999999998 4.05
    endloop
  endfacet
  facet normal 0.8314696123025564 -0.5555702330195855 0
    outer loop
      vertex -50.982050807568875 24.349999999999998 -2.5599999999999996
      vertex -50.83670668058247 24.56752285801744 -2.5599999999999996
      vertex -50.83670668058247 24.56752285801744 4.05
    endloop
  endfacet
  facet normal 0.7518398074789653 -0.6593458151000827 0
    outer loop
      vertex -50.83670668058247 24.56752285801744 -2.5599999999999996
      vertex -50.66421356237309 24.764213562373094 -2.5599999999999996
      vertex -50.66421356237309 24.764213562373094 4.05
    endloop
  endfacet
  facet normal 0.6593458151000674 -0.7518398074789786 0
    outer loop
      vertex -50.66421356237309 24.764213562373094 -2.5599999999999996
      vertex -50.46752285801744 24.936706680582468 -2.5599999999999996
      vertex -50.46752285801744 24.936706680582468 4.05
    endloop
  endfacet
  facet normal 0.5555702330196105 -0.8314696123025397 0
    outer loop
      vertex -50.46752285801744 24.936706680582468 -2.5599999999999996
      vertex -50.25 25.082050807568876 -2.5599999999999996
      vertex -50.25 25.082050807568876 4.05
    endloop
  endfacet
  facet normal 0.44228869021899814 -0.8968727415326898 0
    outer loop
      vertex -50.25 25.082050807568876 -2.5599999999999996
      vertex -50.01536686473018 25.19775906502257 -2.5599999999999996
      vertex -50.01536686473018 25.19775906502257 4.05
    endloop
  endfacet
  facet normal 0.32143946530315676 -0.9469301294951074 0
    outer loop
      vertex -50.01536686473018 25.19775906502257 -2.5599999999999996
      vertex -49.76763809020504 25.281851652578133 -2.5599999999999996
      vertex -49.76763809020504 25.281851652578133 4.05
    endloop
  endfacet
  facet normal 0.1950903220161393 -0.9807852804032283 0
    outer loop
      vertex -49.76763809020504 25.281851652578133 -2.5599999999999996
      vertex -49.511052384440106 25.33288972274762 -2.5599999999999996
      vertex -49.511052384440106 25.33288972274762 4.05
    endloop
  endfacet
  facet normal 0.0654031292301384 -0.9978589232386038 0
    outer loop
      vertex -49.511052384440106 25.33288972274762 -2.5599999999999996
      vertex -49.25 25.349999999999998 -2.5599999999999996
      vertex -49.25 25.349999999999998 4.05
    endloop
  endfacet
  facet normal 0.9978589232386038 -0.06540312923013929 0
    outer loop
      vertex -51.25 23.349999999999998 -2.5599999999999996
      vertex -51.23288972274762 23.6110523844401 4.05
      vertex -51.25 23.349999999999998 4.05
    endloop
  endfacet
  facet normal 0.9807852804032319 -0.195090322016121 0
    outer loop
      vertex -51.23288972274762 23.6110523844401 -2.5599999999999996
      vertex -51.18185165257814 23.86763809020504 4.05
      vertex -51.23288972274762 23.6110523844401 4.05
    endloop
  endfacet
  facet normal 0.9469301294951004 -0.3214394653031772 0
    outer loop
      vertex -51.18185165257814 23.86763809020504 -2.5599999999999996
      vertex -51.09775906502257 24.115366864730177 4.05
      vertex -51.18185165257814 23.86763809020504 4.05
    endloop
  endfacet
  facet normal 0.8968727415326871 -0.4422886902190038 0
    outer loop
      vertex -51.09775906502257 24.115366864730177 -2.5599999999999996
      vertex -50.982050807568875 24.349999999999998 4.05
      vertex -51.09775906502257 24.115366864730177 4.05
    endloop
  endfacet
  facet normal 0.8314696123025564 -0.5555702330195855 0
    outer loop
      vertex -50.982050807568875 24.349999999999998 -2.5599999999999996
      vertex -50.83670668058247 24.56752285801744 4.05
      vertex -50.982050807568875 24.349999999999998 4.05
    endloop
  endfacet
  facet normal 0.7518398074789653 -0.6593458151000827 0
    outer loop
      vertex -50.83670668058247 24.56752285801744 -2.5599999999999996
      vertex -50.66421356237309 24.764213562373094 4.05
      vertex -50.83670668058247 24.56752285801744 4.05
    endloop
  endfacet
  facet normal 0.6593458151000674 -0.7518398074789786 0
    outer loop
      vertex -50.66421356237309 24.764213562373094 -2.5599999999999996
      vertex -50.46752285801744 24.936706680582468 4.05
      vertex -50.66421356237309 24.764213562373094 4.05
    endloop
  endfacet
  facet normal 0.5555702330196105 -0.8314696123025397 0
    outer loop
      vertex -50.46752285801744 24.936706680582468 -2.5599999999999996
      vertex -50.25 25.082050807568876 4.05
      vertex -50.46752285801744 24.936706680582468 4.05
    endloop
  endfacet
  facet normal 0.44228869021899814 -0.8968727415326898 0
    outer loop
      vertex -50.25 25.082050807568876 -2.5599999999999996
      vertex -50.01536686473018 25.19775906502257 4.05
      vertex -50.25 25.082050807568876 4.05
    endloop
  endfacet
  facet normal 0.32143946530315676 -0.9469301294951074 0
    outer loop
      vertex -50.01536686473018 25.19775906502257 -2.5599999999999996
      vertex -49.76763809020504 25.281851652578133 4.05
      vertex -50.01536686473018 25.19775906502257 4.05
    endloop
  endfacet
  facet normal 0.1950903220161393 -0.9807852804032283 0
    outer loop
      vertex -49.76763809020504 25.281851652578133 -2.5599999999999996
      vertex -49.511052384440106 25.33288972274762 4.05
      vertex -49.76763809020504 25.281851652578133 4.05
    endloop
  endfacet
  facet normal 0.0654031292301384 -0.9978589232386038 0
    outer loop
      vertex -49.511052384440106 25.33288972274762 -2.5599999999999996
      vertex -49.25 25.349999999999998 4.05
      vertex -49.511052384440106 25.33288972274762 4.05
    endloop
  endfacet
  facet normal 0 0 1
    outer loop
      vertex -51.09775906502257 -24.115366864730177 -2.5599999999999996
      vertex -51.09775906502257 -22.58463313526982 -2.5599999999999996
      vertex -51.18185165257814 -23.86763809020504 -2.5599999999999996
    endloop
  endfacet
  facet normal 0 0 1
    outer loop
      vertex -50.982050807568875 -24.349999999999998 -2.5599999999999996
      vertex -50.982050807568875 -22.349999999999998 -2.5599999999999996
      vertex -51.09775906502257 -24.115366864730177 -2.5599999999999996
    endloop
  endfacet
  facet normal 0 0 1
    outer loop
      vertex -50.982050807568875 -24.349999999999998 -2.5599999999999996
      vertex -50.83670668058247 -24.56752285801744 -2.5599999999999996
      vertex -50.83670668058247 -22.132477141982555 -2.5599999999999996
    endloop
  endfacet
  facet normal 0 0 1
    outer loop
      vertex -50.66421356237309 -24.764213562373094 -2.5599999999999996
      vertex -50.46752285801744 -24.936706680582468 -2.5599999999999996
      vertex -50.46752285801744 -21.763293319417528 -2.5599999999999996
    endloop
  endfacet
  facet normal 0 0 1
    outer loop
      vertex -50.66421356237309 -24.764213562373094 -2.5599999999999996
      vertex -50.66421356237309 -21.935786437626902 -2.5599999999999996
      vertex -50.83670668058247 -24.56752285801744 -2.5599999999999996
    endloop
  endfacet
  facet normal 0 0 1
    outer loop
      vertex -50.46752285801744 -24.936706680582468 -2.5599999999999996
      vertex -50.25 -25.082050807568876 -2.5599999999999996
      vertex -50.25 -21.61794919243112 -2.5599999999999996
    endloop
  endfacet
  facet normal 0 0 1
    outer loop
      vertex -50.25 -25.082050807568876 -2.5599999999999996
      vertex -50.01536686473018 -25.19775906502257 -2.5599999999999996
      vertex -50.01536686473018 -21.502240934977426 -2.5599999999999996
    endloop
  endfacet
  facet normal 0 0 1
    outer loop
      vertex -49.76763809020504 -25.281851652578133 -2.5599999999999996
      vertex -49.76763809020504 -21.418148347421862 -2.5599999999999996
      vertex -50.01536686473018 -25.19775906502257 -2.5599999999999996
    endloop
  endfacet
  facet normal 0 0 1
    outer loop
      vertex -49.76763809020504 -25.281851652578133 -2.5599999999999996
      vertex -49.511052384440106 -25.33288972274762 -2.5599999999999996
      vertex -49.511052384440106 -21.367110277252376 -2.5599999999999996
    endloop
  endfacet
  facet normal 0 0 1
    outer loop
      vertex -49.511052384440106 -25.33288972274762 -2.5599999999999996
      vertex -49.25 -25.349999999999998 -2.5599999999999996
      vertex -49.25 -21.349999999999998 -2.5599999999999996
    endloop
  endfacet
  facet normal 0 0 1
    outer loop
      vertex -49.25 -25.349999999999998 -2.5599999999999996
      vertex -48.988947615559894 -25.33288972274762 -2.5599999999999996
      vertex -48.988947615559894 -21.367110277252376 -2.5599999999999996
    endloop
  endfacet
  facet normal 0 0 1
    outer loop
      vertex -48.988947615559894 -25.33288972274762 -2.5599999999999996
      vertex -48.75 -25.285360086856873 -2.5599999999999996
      vertex -48.75 -21.414639913143123 -2.5599999999999996
    endloop
  endfacet
  facet normal 0 0 1
    outer loop
      vertex -51.23288972274762 -23.6110523844401 -2.5599999999999996
      vertex -51.23288972274762 -23.088947615559896 -2.5599999999999996
      vertex -51.25 -23.349999999999998 -2.5599999999999996
    endloop
  endfacet
  facet normal 0 0 1
    outer loop
      vertex -51.18185165257814 -23.86763809020504 -2.5599999999999996
      vertex -51.18185165257814 -22.832361909794955 -2.5599999999999996
      vertex -51.23288972274762 -23.6110523844401 -2.5599999999999996
    endloop
  endfacet
  facet normal 0 0 1
    outer loop
      vertex -51.23288972274762 -23.6110523844401 -2.5599999999999996
      vertex -51.18185165257814 -22.832361909794955 -2.5599999999999996
      vertex -51.23288972274762 -23.088947615559896 -2.5599999999999996
    endloop
  endfacet
  facet normal 0 0 1
    outer loop
      vertex -51.18185165257814 -23.86763809020504 -2.5599999999999996
      vertex -51.09775906502257 -22.58463313526982 -2.5599999999999996
      vertex -51.18185165257814 -22.832361909794955 -2.5599999999999996
    endloop
  endfacet
  facet normal 0 0 1
    outer loop
      vertex -51.09775906502257 -24.115366864730177 -2.5599999999999996
      vertex -50.982050807568875 -22.349999999999998 -2.5599999999999996
      vertex -51.09775906502257 -22.58463313526982 -2.5599999999999996
    endloop
  endfacet
  facet normal 0 0 1
    outer loop
      vertex -50.982050807568875 -24.349999999999998 -2.5599999999999996
      vertex -50.83670668058247 -22.132477141982555 -2.5599999999999996
      vertex -50.982050807568875 -22.349999999999998 -2.5599999999999996
    endloop
  endfacet
  facet normal 0 0 1
    outer loop
      vertex -50.83670668058247 -24.56752285801744 -2.5599999999999996
      vertex -50.66421356237309 -21.935786437626902 -2.5599999999999996
      vertex -50.83670668058247 -22.132477141982555 -2.5599999999999996
    endloop
  endfacet
  facet normal 0 0 1
    outer loop
      vertex -50.66421356237309 -24.764213562373094 -2.5599999999999996
      vertex -50.46752285801744 -21.763293319417528 -2.5599999999999996
      vertex -50.66421356237309 -21.935786437626902 -2.5599999999999996
    endloop
  endfacet
  facet normal 0 0 1
    outer loop
      vertex -50.46752285801744 -24.936706680582468 -2.5599999999999996
      vertex -50.25 -21.61794919243112 -2.5599999999999996
      vertex -50.46752285801744 -21.763293319417528 -2.5599999999999996
    endloop
  endfacet
  facet normal 0 0 1
    outer loop
      vertex -50.25 -25.082050807568876 -2.5599999999999996
      vertex -50.01536686473018 -21.502240934977426 -2.5599999999999996
      vertex -50.25 -21.61794919243112 -2.5599999999999996
    endloop
  endfacet
  facet normal 0 0 1
    outer loop
      vertex -50.01536686473018 -25.19775906502257 -2.5599999999999996
      vertex -49.76763809020504 -21.418148347421862 -2.5599999999999996
      vertex -50.01536686473018 -21.502240934977426 -2.5599999999999996
    endloop
  endfacet
  facet normal 0 0 1
    outer loop
      vertex -49.76763809020504 -25.281851652578133 -2.5599999999999996
      vertex -49.511052384440106 -21.367110277252376 -2.5599999999999996
      vertex -49.76763809020504 -21.418148347421862 -2.5599999999999996
    endloop
  endfacet
  facet normal 0 0 1
    outer loop
      vertex -49.511052384440106 -25.33288972274762 -2.5599999999999996
      vertex -49.25 -21.349999999999998 -2.5599999999999996
      vertex -49.511052384440106 -21.367110277252376 -2.5599999999999996
    endloop
  endfacet
  facet normal 0 0 1
    outer loop
      vertex -49.25 -25.349999999999998 -2.5599999999999996
      vertex -48.988947615559894 -21.367110277252376 -2.5599999999999996
      vertex -49.25 -21.349999999999998 -2.5599999999999996
    endloop
  endfacet
  facet normal 0 0 1
    outer loop
      vertex -48.988947615559894 -25.33288972274762 -2.5599999999999996
      vertex -48.75 -21.414639913143123 -2.5599999999999996
      vertex -48.988947615559894 -21.367110277252376 -2.5599999999999996
    endloop
  endfacet
  facet normal 0.5555702330196105 0.8314696123025397 0
    outer loop
      vertex -50.46752285801744 -24.936706680582468 -2.5599999999999996
      vertex -50.46752285801744 -24.936706680582468 4.05
      vertex -50.25 -25.082050807568876 -2.5599999999999996
    endloop
  endfacet
  facet normal 0.6593458151000674 0.7518398074789786 0
    outer loop
      vertex -50.66421356237309 -24.764213562373094 -2.5599999999999996
      vertex -50.66421356237309 -24.764213562373094 4.05
      vertex -50.46752285801744 -24.936706680582468 -2.5599999999999996
    endloop
  endfacet
  facet normal 0.7518398074789653 0.6593458151000827 0
    outer loop
      vertex -50.66421356237309 -24.764213562373094 -2.5599999999999996
      vertex -50.83670668058247 -24.56752285801744 -2.5599999999999996
      vertex -50.83670668058247 -24.56752285801744 4.05
    endloop
  endfacet
  facet normal 0.8314696123025564 0.5555702330195855 0
    outer loop
      vertex -50.982050807568875 -24.349999999999998 -2.5599999999999996
      vertex -50.982050807568875 -24.349999999999998 4.05
      vertex -50.83670668058247 -24.56752285801744 -2.5599999999999996
    endloop
  endfacet
  facet normal 0.8968727415326871 0.4422886902190038 0
    outer loop
      vertex -50.982050807568875 -24.349999999999998 -2.5599999999999996
      vertex -51.09775906502257 -24.115366864730177 -2.5599999999999996
      vertex -51.09775906502257 -24.115366864730177 4.05
    endloop
  endfacet
  facet normal 0.9469301294951004 0.3214394653031772 0
    outer loop
      vertex -51.09775906502257 -24.115366864730177 -2.5599999999999996
      vertex -51.18185165257814 -23.86763809020504 -2.5599999999999996
      vertex -51.18185165257814 -23.86763809020504 4.05
    endloop
  endfacet
  facet normal 0.9807852804032319 0.195090322016121 0
    outer loop
      vertex -51.18185165257814 -23.86763809020504 -2.5599999999999996
      vertex -51.23288972274762 -23.6110523844401 -2.5599999999999996
      vertex -51.23288972274762 -23.6110523844401 4.05
    endloop
  endfacet
  facet normal 0.44228869021899814 0.8968727415326898 0
    outer loop
      vertex -50.25 -25.082050807568876 -2.5599999999999996
      vertex -50.25 -25.082050807568876 4.05
      vertex -50.01536686473018 -25.19775906502257 -2.5599999999999996
    endloop
  endfacet
  facet normal 0.1950903220161393 0.9807852804032283 0
    outer loop
      vertex -49.76763809020504 -25.281851652578133 -2.5599999999999996
      vertex -49.76763809020504 -25.281851652578133 4.05
      vertex -49.511052384440106 -25.33288972274762 -2.5599999999999996
    endloop
  endfacet
  facet normal 0.32143946530315676 0.9469301294951074 0
    outer loop
      vertex -49.76763809020504 -25.281851652578133 -2.5599999999999996
      vertex -50.01536686473018 -25.19775906502257 -2.5599999999999996
      vertex -50.01536686473018 -25.19775906502257 4.05
    endloop
  endfacet
  facet normal 0.0654031292301384 0.9978589232386038 0
    outer loop
      vertex -49.511052384440106 -25.33288972274762 -2.5599999999999996
      vertex -49.511052384440106 -25.33288972274762 4.05
      vertex -49.25 -25.349999999999998 -2.5599999999999996
    endloop
  endfacet
  facet normal 0.9978589232386038 0.06540312923013929 0
    outer loop
      vertex -51.23288972274762 -23.6110523844401 -2.5599999999999996
      vertex -51.25 -23.349999999999998 -2.5599999999999996
      vertex -51.25 -23.349999999999998 4.05
    endloop
  endfacet
  facet normal 0.8314696123025564 0.5555702330195855 0
    outer loop
      vertex -50.83670668058247 -24.56752285801744 -2.5599999999999996
      vertex -50.982050807568875 -24.349999999999998 4.05
      vertex -50.83670668058247 -24.56752285801744 4.05
    endloop
  endfacet
  facet normal 0.6593458151000674 0.7518398074789786 0
    outer loop
      vertex -50.46752285801744 -24.936706680582468 -2.5599999999999996
      vertex -50.66421356237309 -24.764213562373094 4.05
      vertex -50.46752285801744 -24.936706680582468 4.05
    endloop
  endfacet
  facet normal 0.7518398074789653 0.6593458151000827 0
    outer loop
      vertex -50.66421356237309 -24.764213562373094 -2.5599999999999996
      vertex -50.83670668058247 -24.56752285801744 4.05
      vertex -50.66421356237309 -24.764213562373094 4.05
    endloop
  endfacet
  facet normal 0.9978589232386038 0.06540312923013929 0
    outer loop
      vertex -51.23288972274762 -23.6110523844401 -2.5599999999999996
      vertex -51.25 -23.349999999999998 4.05
      vertex -51.23288972274762 -23.6110523844401 4.05
    endloop
  endfacet
  facet normal 0.8968727415326871 0.4422886902190038 0
    outer loop
      vertex -50.982050807568875 -24.349999999999998 -2.5599999999999996
      vertex -51.09775906502257 -24.115366864730177 4.05
      vertex -50.982050807568875 -24.349999999999998 4.05
    endloop
  endfacet
  facet normal 0.9469301294951004 0.3214394653031772 0
    outer loop
      vertex -51.09775906502257 -24.115366864730177 -2.5599999999999996
      vertex -51.18185165257814 -23.86763809020504 4.05
      vertex -51.09775906502257 -24.115366864730177 4.05
    endloop
  endfacet
  facet normal 0.9807852804032319 0.195090322016121 0
    outer loop
      vertex -51.18185165257814 -23.86763809020504 -2.5599999999999996
      vertex -51.23288972274762 -23.6110523844401 4.05
      vertex -51.18185165257814 -23.86763809020504 4.05
    endloop
  endfacet
  facet normal 0.5555702330196105 0.8314696123025397 0
    outer loop
      vertex -50.25 -25.082050807568876 -2.5599999999999996
      vertex -50.46752285801744 -24.936706680582468 4.05
      vertex -50.25 -25.082050807568876 4.05
    endloop
  endfacet
  facet normal 0.44228869021899814 0.8968727415326898 0
    outer loop
      vertex -50.01536686473018 -25.19775906502257 -2.5599999999999996
      vertex -50.25 -25.082050807568876 4.05
      vertex -50.01536686473018 -25.19775906502257 4.05
    endloop
  endfacet
  facet normal 0.32143946530315676 0.9469301294951074 0
    outer loop
      vertex -49.76763809020504 -25.281851652578133 -2.5599999999999996
      vertex -50.01536686473018 -25.19775906502257 4.05
      vertex -49.76763809020504 -25.281851652578133 4.05
    endloop
  endfacet
  facet normal 0.1950903220161393 0.9807852804032283 0
    outer loop
      vertex -49.511052384440106 -25.33288972274762 -2.5599999999999996
      vertex -49.76763809020504 -25.281851652578133 4.05
      vertex -49.511052384440106 -25.33288972274762 4.05
    endloop
  endfacet
  facet normal 0.0654031292301384 0.9978589232386038 0
    outer loop
      vertex -49.25 -25.349999999999998 -2.5599999999999996
      vertex -49.511052384440106 -25.33288972274762 4.05
      vertex -49.25 -25.349999999999998 4.05
    endloop
  endfacet
  facet normal 0 1 0
    outer loop
      vertex 40.724999999999994 -27.349999999999998 -1.9693268624580267
      vertex 40.724999999999994 -27.349999999999998 -4.05
      vertex 38.875 -27.349999999999998 -4.05
    endloop
  endfacet
  facet normal 0 1 0
    outer loop
      vertex 40.724999999999994 -27.349999999999998 -1.9693268624580267
      vertex 38.875 -27.349999999999998 -4.05
      vertex 40.69376022043891 -27.349999999999998 -1.8223552549214748
    endloop
  endfacet
  facet normal 0 1 0
    outer loop
      vertex 40.69376022043891 -27.349999999999998 -1.8223552549214748
      vertex 38.875 -27.349999999999998 -4.05
      vertex 40.61186068234036 -27.349999999999998 -1.3052619222005157
    endloop
  endfacet
  facet normal 0 1 0
    outer loop
      vertex 40.61186068234036 -27.349999999999998 -1.3052619222005157
      vertex 38.875 -27.349999999999998 -4.05
      vertex 40.55713595874718 -27.349999999999998 -0.7845909572784494
    endloop
  endfacet
  facet normal -1 0 0
    outer loop
      vertex 40.724999999999994 -27.299999999999997 -1.975486616210969
      vertex 40.724999999999994 -25.349999999999998 -4.05
      vertex 40.724999999999994 -27.349999999999998 -4.05
    endloop
  endfacet
  facet normal -1 0 0
    outer loop
      vertex 40.724999999999994 -27.349999999999998 -1.9693268624580267
      vertex 40.724999999999994 -27.299999999999997 -1.975486616210969
      vertex 40.724999999999994 -27.349999999999998 -4.05
    endloop
  endfacet
  facet normal -1 0 0
    outer loop
      vertex 40.724999999999994 -27.299999999999997 -1.975486616210969
      vertex 40.724999999999994 -26.786403763026193 -1.912214089247042
      vertex 40.724999999999994 -25.349999999999998 -4.05
    endloop
  endfacet
  facet normal -1 0 0
    outer loop
      vertex 40.724999999999994 -26.786403763026193 -1.912214089247042
      vertex 40.724999999999994 -26.543047150759037 -1.8223552549214748
      vertex 40.724999999999994 -25.349999999999998 -4.05
    endloop
  endfacet
  facet normal -1 0 0
    outer loop
      vertex 40.724999999999994 -26.543047150759037 -1.8223552549214748
      vertex 40.724999999999994 -26.26997849439637 -1.687038527855351
      vertex 40.724999999999994 -25.349999999999998 -4.05
    endloop
  endfacet
  facet normal -1 0 0
    outer loop
      vertex 40.724999999999994 -26.26997849439637 -1.687038527855351
      vertex 40.724999999999994 -25.806877929717363 -1.3052619222005157
      vertex 40.724999999999994 -25.349999999999998 -4.05
    endloop
  endfacet
  facet normal -1 0 0
    outer loop
      vertex 40.724999999999994 -25.806877929717363 -1.3052619222005157
      vertex 40.724999999999994 -25.74783248481954 -1.2319097973804498
      vertex 40.724999999999994 -25.349999999999998 -4.05
    endloop
  endfacet
  facet normal 0 1 0
    outer loop
      vertex 40.55713595874718 -27.349999999999998 -0.7845909572784494
      vertex 38.875 -27.349999999999998 -4.05
      vertex 40.52973604632289 -27.349999999999998 -0.26176948307873155
    endloop
  endfacet
  facet normal 0 1 0
    outer loop
      vertex 40.52973604632289 -27.349999999999998 -0.26176948307873155
      vertex 38.875 -27.349999999999998 -4.05
      vertex 40.52973604632289 -27.349999999999998 0.26176948307873155
    endloop
  endfacet
  facet normal 1 0 0
    outer loop
      vertex 38.875 -27.349999999999998 -4.05
      vertex 38.875 -25.349999999999998 -4.05
      vertex 38.875 -25.349999999999998 4.05
    endloop
  endfacet
  facet normal 0 1 0
    outer loop
      vertex 40.52973604632289 -27.349999999999998 0.26176948307873155
      vertex 38.875 -27.349999999999998 -4.05
      vertex 40.55713595874718 -27.349999999999998 0.7845909572784494
    endloop
  endfacet
  facet normal 0 1 0
    outer loop
      vertex 40.55713595874718 -27.349999999999998 0.7845909572784494
      vertex 38.875 -27.349999999999998 -4.05
      vertex 40.61186068234036 -27.349999999999998 1.3052619222005157
    endloop
  endfacet
  facet normal 0 1 0
    outer loop
      vertex 40.61186068234036 -27.349999999999998 1.3052619222005157
      vertex 38.875 -27.349999999999998 -4.05
      vertex 40.69376022043891 -27.349999999999998 1.8223552549214748
    endloop
  endfacet
  facet normal 0 1 0
    outer loop
      vertex 40.69376022043891 -27.349999999999998 1.8223552549214748
      vertex 38.875 -27.349999999999998 -4.05
      vertex 40.724999999999994 -27.349999999999998 1.9693268624580267
    endloop
  endfacet
  facet normal -1 0 0
    outer loop
      vertex 40.724999999999994 -25.74783248481954 -1.2319097973804498
      vertex 40.724999999999994 -25.489930006256145 -0.7845909572784494
      vertex 40.724999999999994 -25.349999999999998 -4.05
    endloop
  endfacet
  facet normal -1 0 0
    outer loop
      vertex 40.724999999999994 -25.489930006256145 -0.7845909572784494
      vertex 40.724999999999994 -25.349999999999998 -0.29785101419172294
      vertex 40.724999999999994 -25.349999999999998 -4.05
    endloop
  endfacet
  facet normal 0 1 0
    outer loop
      vertex 40.724999999999994 -27.349999999999998 1.9693268624580267
      vertex 38.875 -27.349999999999998 -4.05
      vertex 38.875 -27.349999999999998 4.05
    endloop
  endfacet
  facet normal 1 0 0
    outer loop
      vertex 38.875 -25.349999999999998 4.05
      vertex 38.875 -27.349999999999998 4.05
      vertex 38.875 -27.349999999999998 -4.05
    endloop
  endfacet
  facet normal -1 0 0
    outer loop
      vertex 40.724999999999994 -25.489930006256145 0.7845909572784494
      vertex 40.724999999999994 -25.74783248481954 1.2319097973804498
      vertex 40.724999999999994 -27.349999999999998 4.05
    endloop
  endfacet
  facet normal -1 0 0
    outer loop
      vertex 40.724999999999994 -25.349999999999998 0.29785101419172294
      vertex 40.724999999999994 -25.489930006256145 0.7845909572784494
      vertex 40.724999999999994 -25.349999999999998 4.05
    endloop
  endfacet
  facet normal 0 1 0
    outer loop
      vertex 40.724999999999994 -27.349999999999998 1.9693268624580267
      vertex 38.875 -27.349999999999998 4.05
      vertex 40.724999999999994 -27.349999999999998 4.05
    endloop
  endfacet
  facet normal -1 0 0
    outer loop
      vertex 40.724999999999994 -25.74783248481954 1.2319097973804498
      vertex 40.724999999999994 -25.806877929717363 1.3052619222005157
      vertex 40.724999999999994 -27.349999999999998 4.05
    endloop
  endfacet
  facet normal -1 0 0
    outer loop
      vertex 40.724999999999994 -26.26997849439637 1.687038527855351
      vertex 40.724999999999994 -27.349999999999998 4.05
      vertex 40.724999999999994 -25.806877929717363 1.3052619222005157
    endloop
  endfacet
  facet normal -1 0 0
    outer loop
      vertex 40.724999999999994 -26.26997849439637 1.687038527855351
      vertex 40.724999999999994 -26.543047150759037 1.8223552549214748
      vertex 40.724999999999994 -27.349999999999998 4.05
    endloop
  endfacet
  facet normal -1 0 0
    outer loop
      vertex 40.724999999999994 -27.299999999999997 1.975486616210969
      vertex 40.724999999999994 -27.349999999999998 4.05
      vertex 40.724999999999994 -26.786403763026193 1.912214089247042
    endloop
  endfacet
  facet normal -1 0 0
    outer loop
      vertex 40.724999999999994 -26.543047150759037 1.8223552549214748
      vertex 40.724999999999994 -26.786403763026193 1.912214089247042
      vertex 40.724999999999994 -27.349999999999998 4.05
    endloop
  endfacet
  facet normal -1 0 0
    outer loop
      vertex 40.724999999999994 -27.349999999999998 1.9693268624580267
      vertex 40.724999999999994 -27.349999999999998 4.05
      vertex 40.724999999999994 -27.299999999999997 1.975486616210969
    endloop
  endfacet
  facet normal -1 0 0
    outer loop
      vertex 40.724999999999994 -25.489930006256145 0.7845909572784494
      vertex 40.724999999999994 -27.349999999999998 4.05
      vertex 40.724999999999994 -25.349999999999998 4.05
    endloop
  endfacet
  facet normal 0 -1 0
    outer loop
      vertex 40.724999999999994 27.349999999999998 -1.9693268624580267
      vertex 38.875 27.349999999999998 -4.05
      vertex 40.724999999999994 27.349999999999998 -4.05
    endloop
  endfacet
  facet normal -1 0 0
    outer loop
      vertex 40.724999999999994 25.489930006256145 -0.7845909572784494
      vertex 40.724999999999994 27.349999999999998 -4.05
      vertex 40.724999999999994 25.349999999999998 -4.05
    endloop
  endfacet
  facet normal -1 0 0
    outer loop
      vertex 40.724999999999994 27.299999999999997 -1.975486616210969
      vertex 40.724999999999994 27.349999999999998 -1.9693268624580267
      vertex 40.724999999999994 27.349999999999998 -4.05
    endloop
  endfacet
  facet normal -1 0 0
    outer loop
      vertex 40.724999999999994 26.786403763026193 -1.912214089247042
      vertex 40.724999999999994 27.349999999999998 -4.05
      vertex 40.724999999999994 26.543047150759037 -1.8223552549214748
    endloop
  endfacet
  facet normal -1 0 0
    outer loop
      vertex 40.724999999999994 26.786403763026193 -1.912214089247042
      vertex 40.724999999999994 27.299999999999997 -1.975486616210969
      vertex 40.724999999999994 27.349999999999998 -4.05
    endloop
  endfacet
  facet normal -1 0 0
    outer loop
      vertex 40.724999999999994 26.543047150759037 -1.8223552549214748
      vertex 40.724999999999994 27.349999999999998 -4.05
      vertex 40.724999999999994 26.26997849439637 -1.687038527855351
    endloop
  endfacet
  facet normal -1 0 0
    outer loop
      vertex 40.724999999999994 25.806877929717363 -1.3052619222005157
      vertex 40.724999999999994 26.26997849439637 -1.687038527855351
      vertex 40.724999999999994 27.349999999999998 -4.05
    endloop
  endfacet
  facet normal -1 0 0
    outer loop
      vertex 40.724999999999994 25.806877929717363 -1.3052619222005157
      vertex 40.724999999999994 27.349999999999998 -4.05
      vertex 40.724999999999994 25.74783248481954 -1.2319097973804498
    endloop
  endfacet
  facet normal 1 0 0
    outer loop
      vertex 38.875 25.349999999999998 -4.05
      vertex 38.875 27.349999999999998 -4.05
      vertex 38.875 27.349999999999998 4.05
    endloop
  endfacet
  facet normal 0 -1 0
    outer loop
      vertex 40.724999999999994 27.349999999999998 -1.9693268624580267
      vertex 38.875 27.349999999999998 4.05
      vertex 38.875 27.349999999999998 -4.05
    endloop
  endfacet
  facet normal -1 0 0
    outer loop
      vertex 40.724999999999994 25.489930006256145 -0.7845909572784494
      vertex 40.724999999999994 25.349999999999998 -4.05
      vertex 40.724999999999994 25.349999999999998 -0.29785101419172294
    endloop
  endfacet
  facet normal -1 0 0
    outer loop
      vertex 40.724999999999994 25.74783248481954 -1.2319097973804498
      vertex 40.724999999999994 27.349999999999998 -4.05
      vertex 40.724999999999994 25.489930006256145 -0.7845909572784494
    endloop
  endfacet
  facet normal 0 -1 0
    outer loop
      vertex 40.724999999999994 27.349999999999998 -1.9693268624580267
      vertex 40.69376022043891 27.349999999999998 -1.8223552549214748
      vertex 38.875 27.349999999999998 4.05
    endloop
  endfacet
  facet normal 0 -1 0
    outer loop
      vertex 40.69376022043891 27.349999999999998 -1.8223552549214748
      vertex 40.61186068234036 27.349999999999998 -1.3052619222005157
      vertex 38.875 27.349999999999998 4.05
    endloop
  endfacet
  facet normal 0 -1 0
    outer loop
      vertex 40.61186068234036 27.349999999999998 -1.3052619222005157
      vertex 40.55713595874718 27.349999999999998 -0.7845909572784494
      vertex 38.875 27.349999999999998 4.05
    endloop
  endfacet
  facet normal 0 -1 0
    outer loop
      vertex 40.55713595874718 27.349999999999998 -0.7845909572784494
      vertex 40.52973604632289 27.349999999999998 -0.26176948307873155
      vertex 38.875 27.349999999999998 4.05
    endloop
  endfacet
  facet normal 1 0 0
    outer loop
      vertex 38.875 27.349999999999998 4.05
      vertex 38.875 25.349999999999998 4.05
      vertex 38.875 25.349999999999998 -4.05
    endloop
  endfacet
  facet normal 0 -1 0
    outer loop
      vertex 40.52973604632289 27.349999999999998 -0.26176948307873155
      vertex 40.52973604632289 27.349999999999998 0.26176948307873155
      vertex 38.875 27.349999999999998 4.05
    endloop
  endfacet
  facet normal 0 -1 0
    outer loop
      vertex 40.52973604632289 27.349999999999998 0.26176948307873155
      vertex 40.55713595874718 27.349999999999998 0.7845909572784494
      vertex 38.875 27.349999999999998 4.05
    endloop
  endfacet
  facet normal -1 0 0
    outer loop
      vertex 40.724999999999994 25.349999999999998 0.29785101419172294
      vertex 40.724999999999994 25.349999999999998 4.05
      vertex 40.724999999999994 25.489930006256145 0.7845909572784494
    endloop
  endfacet
  facet normal -1 0 0
    outer loop
      vertex 40.724999999999994 25.489930006256145 0.7845909572784494
      vertex 40.724999999999994 25.349999999999998 4.05
      vertex 40.724999999999994 25.74783248481954 1.2319097973804498
    endloop
  endfacet
  facet normal 0 -1 0
    outer loop
      vertex 40.55713595874718 27.349999999999998 0.7845909572784494
      vertex 40.61186068234036 27.349999999999998 1.3052619222005157
      vertex 38.875 27.349999999999998 4.05
    endloop
  endfacet
  facet normal 0 -1 0
    outer loop
      vertex 40.61186068234036 27.349999999999998 1.3052619222005157
      vertex 40.69376022043891 27.349999999999998 1.8223552549214748
      vertex 38.875 27.349999999999998 4.05
    endloop
  endfacet
  facet normal 0 -1 0
    outer loop
      vertex 40.69376022043891 27.349999999999998 1.8223552549214748
      vertex 40.724999999999994 27.349999999999998 1.9693268624580267
      vertex 38.875 27.349999999999998 4.05
    endloop
  endfacet
  facet normal 0 -1 0
    outer loop
      vertex 40.724999999999994 27.349999999999998 1.9693268624580267
      vertex 40.724999999999994 27.349999999999998 4.05
      vertex 38.875 27.349999999999998 4.05
    endloop
  endfacet
  facet normal -1 0 0
    outer loop
      vertex 40.724999999999994 25.74783248481954 1.2319097973804498
      vertex 40.724999999999994 25.349999999999998 4.05
      vertex 40.724999999999994 25.806877929717363 1.3052619222005157
    endloop
  endfacet
  facet normal -1 0 0
    outer loop
      vertex 40.724999999999994 25.806877929717363 1.3052619222005157
      vertex 40.724999999999994 25.349999999999998 4.05
      vertex 40.724999999999994 26.26997849439637 1.687038527855351
    endloop
  endfacet
  facet normal -1 0 0
    outer loop
      vertex 40.724999999999994 26.26997849439637 1.687038527855351
      vertex 40.724999999999994 25.349999999999998 4.05
      vertex 40.724999999999994 26.543047150759037 1.8223552549214748
    endloop
  endfacet
  facet normal -1 0 0
    outer loop
      vertex 40.724999999999994 26.543047150759037 1.8223552549214748
      vertex 40.724999999999994 25.349999999999998 4.05
      vertex 40.724999999999994 26.786403763026193 1.912214089247042
    endloop
  endfacet
  facet normal -1 0 0
    outer loop
      vertex 40.724999999999994 26.786403763026193 1.912214089247042
      vertex 40.724999999999994 25.349999999999998 4.05
      vertex 40.724999999999994 27.299999999999997 1.975486616210969
    endloop
  endfacet
  facet normal -1 0 0
    outer loop
      vertex 40.724999999999994 27.299999999999997 1.975486616210969
      vertex 40.724999999999994 27.349999999999998 4.05
      vertex 40.724999999999994 27.349999999999998 1.9693268624580267
    endloop
  endfacet
  facet normal -1 0 0
    outer loop
      vertex 40.724999999999994 27.299999999999997 1.975486616210969
      vertex 40.724999999999994 25.349999999999998 4.05
      vertex 40.724999999999994 27.349999999999998 4.05
    endloop
  endfacet
  facet normal 0 1 0
    outer loop
      vertex 20.825 -27.349999999999998 -1.9693268624580267
      vertex 20.825 -27.349999999999998 -4.05
      vertex 18.974999999999998 -27.349999999999998 -4.05
    endloop
  endfacet
  facet normal -1 0 0
    outer loop
      vertex 20.825 -27.299999999999997 -1.975486616210969
      vertex 20.825 -25.349999999999998 -4.05
      vertex 20.825 -27.349999999999998 -4.05
    endloop
  endfacet
  facet normal 0 1 0
    outer loop
      vertex 20.711860682340355 -27.349999999999998 -1.3052619222005157
      vertex 18.974999999999998 -27.349999999999998 -4.05
      vertex 20.65713595874718 -27.349999999999998 -0.7845909572784494
    endloop
  endfacet
  facet normal -1 0 0
    outer loop
      vertex 20.825 -27.349999999999998 -1.9693268624580267
      vertex 20.825 -27.299999999999997 -1.975486616210969
      vertex 20.825 -27.349999999999998 -4.05
    endloop
  endfacet
  facet normal 0 1 0
    outer loop
      vertex 20.793760220438912 -27.349999999999998 -1.8223552549214748
      vertex 20.825 -27.349999999999998 -1.9693268624580267
      vertex 18.974999999999998 -27.349999999999998 -4.05
    endloop
  endfacet
  facet normal -1 0 0
    outer loop
      vertex 20.825 -27.299999999999997 -1.975486616210969
      vertex 20.825 -26.786403763026193 -1.912214089247042
      vertex 20.825 -25.349999999999998 -4.05
    endloop
  endfacet
  facet normal -1 0 0
    outer loop
      vertex 20.825 -26.786403763026193 -1.912214089247042
      vertex 20.825 -26.543047150759037 -1.8223552549214748
      vertex 20.825 -25.349999999999998 -4.05
    endloop
  endfacet
  facet normal 0 1 0
    outer loop
      vertex 20.793760220438912 -27.349999999999998 -1.8223552549214748
      vertex 18.974999999999998 -27.349999999999998 -4.05
      vertex 20.711860682340355 -27.349999999999998 -1.3052619222005157
    endloop
  endfacet
  facet normal -1 0 0
    outer loop
      vertex 20.825 -26.543047150759037 -1.8223552549214748
      vertex 20.825 -26.26997849439637 -1.687038527855351
      vertex 20.825 -25.349999999999998 -4.05
    endloop
  endfacet
  facet normal -1 0 0
    outer loop
      vertex 20.825 -26.26997849439637 -1.687038527855351
      vertex 20.825 -25.806877929717363 -1.3052619222005157
      vertex 20.825 -25.349999999999998 -4.05
    endloop
  endfacet
  facet normal -1 0 0
    outer loop
      vertex 20.825 -25.806877929717363 -1.3052619222005157
      vertex 20.825 -25.74783248481954 -1.2319097973804498
      vertex 20.825 -25.349999999999998 -4.05
    endloop
  endfacet
  facet normal 0 1 0
    outer loop
      vertex 20.65713595874718 -27.349999999999998 -0.7845909572784494
      vertex 18.974999999999998 -27.349999999999998 -4.05
      vertex 20.629736046322886 -27.349999999999998 -0.26176948307873155
    endloop
  endfacet
  facet normal 0 1 0
    outer loop
      vertex 20.629736046322886 -27.349999999999998 -0.26176948307873155
      vertex 18.974999999999998 -27.349999999999998 -4.05
      vertex 20.629736046322886 -27.349999999999998 0.26176948307873155
    endloop
  endfacet
  facet normal 1 0 0
    outer loop
      vertex 18.974999999999998 -27.349999999999998 -4.05
      vertex 18.974999999999998 -25.349999999999998 -4.05
      vertex 18.974999999999998 -25.349999999999998 4.05
    endloop
  endfacet
  facet normal -1 0 0
    outer loop
      vertex 20.825 -25.74783248481954 -1.2319097973804498
      vertex 20.825 -25.489930006256145 -0.7845909572784494
      vertex 20.825 -25.349999999999998 -4.05
    endloop
  endfacet
  facet normal -1 0 0
    outer loop
      vertex 20.825 -25.489930006256145 -0.7845909572784494
      vertex 20.825 -25.349999999999998 -0.29785101419172294
      vertex 20.825 -25.349999999999998 -4.05
    endloop
  endfacet
  facet normal 0 1 0
    outer loop
      vertex 20.629736046322886 -27.349999999999998 0.26176948307873155
      vertex 18.974999999999998 -27.349999999999998 -4.05
      vertex 20.65713595874718 -27.349999999999998 0.7845909572784494
    endloop
  endfacet
  facet normal 0 1 0
    outer loop
      vertex 20.65713595874718 -27.349999999999998 0.7845909572784494
      vertex 18.974999999999998 -27.349999999999998 -4.05
      vertex 20.711860682340355 -27.349999999999998 1.3052619222005157
    endloop
  endfacet
  facet normal 0 1 0
    outer loop
      vertex 20.711860682340355 -27.349999999999998 1.3052619222005157
      vertex 18.974999999999998 -27.349999999999998 -4.05
      vertex 20.793760220438912 -27.349999999999998 1.8223552549214748
    endloop
  endfacet
  facet normal 0 1 0
    outer loop
      vertex 20.793760220438912 -27.349999999999998 1.8223552549214748
      vertex 18.974999999999998 -27.349999999999998 -4.05
      vertex 20.825 -27.349999999999998 1.9693268624580267
    endloop
  endfacet
  facet normal 0 1 0
    outer loop
      vertex 20.825 -27.349999999999998 1.9693268624580267
      vertex 18.974999999999998 -27.349999999999998 -4.05
      vertex 18.974999999999998 -27.349999999999998 4.05
    endloop
  endfacet
  facet normal 1 0 0
    outer loop
      vertex 18.974999999999998 -27.349999999999998 4.05
      vertex 18.974999999999998 -27.349999999999998 -4.05
      vertex 18.974999999999998 -25.349999999999998 4.05
    endloop
  endfacet
  facet normal -1 0 0
    outer loop
      vertex 20.825 -25.489930006256145 0.7845909572784494
      vertex 20.825 -25.74783248481954 1.2319097973804498
      vertex 20.825 -27.349999999999998 4.05
    endloop
  endfacet
  facet normal -1 0 0
    outer loop
      vertex 20.825 -25.349999999999998 0.29785101419172294
      vertex 20.825 -25.489930006256145 0.7845909572784494
      vertex 20.825 -25.349999999999998 4.05
    endloop
  endfacet
  facet normal -1 0 0
    outer loop
      vertex 20.825 -25.74783248481954 1.2319097973804498
      vertex 20.825 -25.806877929717363 1.3052619222005157
      vertex 20.825 -27.349999999999998 4.05
    endloop
  endfacet
  facet normal -1 0 0
    outer loop
      vertex 20.825 -26.26997849439637 1.687038527855351
      vertex 20.825 -27.349999999999998 4.05
      vertex 20.825 -25.806877929717363 1.3052619222005157
    endloop
  endfacet
  facet normal -1 0 0
    outer loop
      vertex 20.825 -26.26997849439637 1.687038527855351
      vertex 20.825 -26.543047150759037 1.8223552549214748
      vertex 20.825 -27.349999999999998 4.05
    endloop
  endfacet
  facet normal -1 0 0
    outer loop
      vertex 20.825 -27.299999999999997 1.975486616210969
      vertex 20.825 -27.349999999999998 4.05
      vertex 20.825 -26.786403763026193 1.912214089247042
    endloop
  endfacet
  facet normal -1 0 0
    outer loop
      vertex 20.825 -26.543047150759037 1.8223552549214748
      vertex 20.825 -26.786403763026193 1.912214089247042
      vertex 20.825 -27.349999999999998 4.05
    endloop
  endfacet
  facet normal -1 0 0
    outer loop
      vertex 20.825 -27.349999999999998 1.9693268624580267
      vertex 20.825 -27.349999999999998 4.05
      vertex 20.825 -27.299999999999997 1.975486616210969
    endloop
  endfacet
  facet normal -1 0 0
    outer loop
      vertex 20.825 -25.489930006256145 0.7845909572784494
      vertex 20.825 -27.349999999999998 4.05
      vertex 20.825 -25.349999999999998 4.05
    endloop
  endfacet
  facet normal 0 1 0
    outer loop
      vertex 20.825 -27.349999999999998 1.9693268624580267
      vertex 18.974999999999998 -27.349999999999998 4.05
      vertex 20.825 -27.349999999999998 4.05
    endloop
  endfacet
  facet normal 0 -1 0
    outer loop
      vertex 20.825 27.349999999999998 -1.9693268624580267
      vertex 18.974999999999998 27.349999999999998 -4.05
      vertex 20.825 27.349999999999998 -4.05
    endloop
  endfacet
  facet normal -1 0 0
    outer loop
      vertex 20.825 25.489930006256145 -0.7845909572784494
      vertex 20.825 27.349999999999998 -4.05
      vertex 20.825 25.349999999999998 -4.05
    endloop
  endfacet
  facet normal -1 0 0
    outer loop
      vertex 20.825 27.299999999999997 -1.975486616210969
      vertex 20.825 27.349999999999998 -1.9693268624580267
      vertex 20.825 27.349999999999998 -4.05
    endloop
  endfacet
  facet normal -1 0 0
    outer loop
      vertex 20.825 26.786403763026193 -1.912214089247042
      vertex 20.825 27.349999999999998 -4.05
      vertex 20.825 26.543047150759037 -1.8223552549214748
    endloop
  endfacet
  facet normal -1 0 0
    outer loop
      vertex 20.825 26.786403763026193 -1.912214089247042
      vertex 20.825 27.299999999999997 -1.975486616210969
      vertex 20.825 27.349999999999998 -4.05
    endloop
  endfacet
  facet normal -1 0 0
    outer loop
      vertex 20.825 26.543047150759037 -1.8223552549214748
      vertex 20.825 27.349999999999998 -4.05
      vertex 20.825 26.26997849439637 -1.687038527855351
    endloop
  endfacet
  facet normal -1 0 0
    outer loop
      vertex 20.825 25.806877929717363 -1.3052619222005157
      vertex 20.825 26.26997849439637 -1.687038527855351
      vertex 20.825 27.349999999999998 -4.05
    endloop
  endfacet
  facet normal -1 0 0
    outer loop
      vertex 20.825 25.806877929717363 -1.3052619222005157
      vertex 20.825 27.349999999999998 -4.05
      vertex 20.825 25.74783248481954 -1.2319097973804498
    endloop
  endfacet
  facet normal 1 0 0
    outer loop
      vertex 18.974999999999998 25.349999999999998 -4.05
      vertex 18.974999999999998 27.349999999999998 -4.05
      vertex 18.974999999999998 27.349999999999998 4.05
    endloop
  endfacet
  facet normal -1 0 0
    outer loop
      vertex 20.825 25.489930006256145 -0.7845909572784494
      vertex 20.825 25.349999999999998 -4.05
      vertex 20.825 25.349999999999998 -0.29785101419172294
    endloop
  endfacet
  facet normal -1 0 0
    outer loop
      vertex 20.825 25.74783248481954 -1.2319097973804498
      vertex 20.825 27.349999999999998 -4.05
      vertex 20.825 25.489930006256145 -0.7845909572784494
    endloop
  endfacet
  facet normal 0 -1 0
    outer loop
      vertex 20.825 27.349999999999998 -1.9693268624580267
      vertex 18.974999999999998 27.349999999999998 4.05
      vertex 18.974999999999998 27.349999999999998 -4.05
    endloop
  endfacet
  facet normal 0 -1 0
    outer loop
      vertex 20.711860682340355 27.349999999999998 -1.3052619222005157
      vertex 20.65713595874718 27.349999999999998 -0.7845909572784494
      vertex 18.974999999999998 27.349999999999998 4.05
    endloop
  endfacet
  facet normal 0 -1 0
    outer loop
      vertex 20.65713595874718 27.349999999999998 -0.7845909572784494
      vertex 20.629736046322886 27.349999999999998 -0.26176948307873155
      vertex 18.974999999999998 27.349999999999998 4.05
    endloop
  endfacet
  facet normal 0 -1 0
    outer loop
      vertex 20.793760220438912 27.349999999999998 -1.8223552549214748
      vertex 18.974999999999998 27.349999999999998 4.05
      vertex 20.825 27.349999999999998 -1.9693268624580267
    endloop
  endfacet
  facet normal 0 -1 0
    outer loop
      vertex 20.793760220438912 27.349999999999998 -1.8223552549214748
      vertex 20.711860682340355 27.349999999999998 -1.3052619222005157
      vertex 18.974999999999998 27.349999999999998 4.05
    endloop
  endfacet
  facet normal 1 0 0
    outer loop
      vertex 18.974999999999998 27.349999999999998 4.05
      vertex 18.974999999999998 25.349999999999998 4.05
      vertex 18.974999999999998 25.349999999999998 -4.05
    endloop
  endfacet
  facet normal 0 -1 0
    outer loop
      vertex 20.629736046322886 27.349999999999998 -0.26176948307873155
      vertex 20.629736046322886 27.349999999999998 0.26176948307873155
      vertex 18.974999999999998 27.349999999999998 4.05
    endloop
  endfacet
  facet normal 0 -1 0
    outer loop
      vertex 20.629736046322886 27.349999999999998 0.26176948307873155
      vertex 20.65713595874718 27.349999999999998 0.7845909572784494
      vertex 18.974999999999998 27.349999999999998 4.05
    endloop
  endfacet
  facet normal -1 0 0
    outer loop
      vertex 20.825 25.349999999999998 0.29785101419172294
      vertex 20.825 25.349999999999998 4.05
      vertex 20.825 25.489930006256145 0.7845909572784494
    endloop
  endfacet
  facet normal -1 0 0
    outer loop
      vertex 20.825 25.489930006256145 0.7845909572784494
      vertex 20.825 25.349999999999998 4.05
      vertex 20.825 25.74783248481954 1.2319097973804498
    endloop
  endfacet
  facet normal 0 -1 0
    outer loop
      vertex 20.65713595874718 27.349999999999998 0.7845909572784494
      vertex 20.711860682340355 27.349999999999998 1.3052619222005157
      vertex 18.974999999999998 27.349999999999998 4.05
    endloop
  endfacet
  facet normal -1 0 0
    outer loop
      vertex 20.825 25.74783248481954 1.2319097973804498
      vertex 20.825 25.349999999999998 4.05
      vertex 20.825 25.806877929717363 1.3052619222005157
    endloop
  endfacet
  facet normal -1 0 0
    outer loop
      vertex 20.825 25.806877929717363 1.3052619222005157
      vertex 20.825 25.349999999999998 4.05
      vertex 20.825 26.26997849439637 1.687038527855351
    endloop
  endfacet
  facet normal -1 0 0
    outer loop
      vertex 20.825 26.26997849439637 1.687038527855351
      vertex 20.825 25.349999999999998 4.05
      vertex 20.825 26.543047150759037 1.8223552549214748
    endloop
  endfacet
  facet normal 0 -1 0
    outer loop
      vertex 20.711860682340355 27.349999999999998 1.3052619222005157
      vertex 20.793760220438912 27.349999999999998 1.8223552549214748
      vertex 18.974999999999998 27.349999999999998 4.05
    endloop
  endfacet
  facet normal -1 0 0
    outer loop
      vertex 20.825 26.543047150759037 1.8223552549214748
      vertex 20.825 25.349999999999998 4.05
      vertex 20.825 26.786403763026193 1.912214089247042
    endloop
  endfacet
  facet normal -1 0 0
    outer loop
      vertex 20.825 26.786403763026193 1.912214089247042
      vertex 20.825 25.349999999999998 4.05
      vertex 20.825 27.299999999999997 1.975486616210969
    endloop
  endfacet
  facet normal 0 -1 0
    outer loop
      vertex 20.793760220438912 27.349999999999998 1.8223552549214748
      vertex 20.825 27.349999999999998 1.9693268624580267
      vertex 18.974999999999998 27.349999999999998 4.05
    endloop
  endfacet
  facet normal -1 0 0
    outer loop
      vertex 20.825 27.299999999999997 1.975486616210969
      vertex 20.825 27.349999999999998 4.05
      vertex 20.825 27.349999999999998 1.9693268624580267
    endloop
  endfacet
  facet normal -1 0 0
    outer loop
      vertex 20.825 27.299999999999997 1.975486616210969
      vertex 20.825 25.349999999999998 4.05
      vertex 20.825 27.349999999999998 4.05
    endloop
  endfacet
  facet normal 0 -1 0
    outer loop
      vertex 20.825 27.349999999999998 1.9693268624580267
      vertex 20.825 27.349999999999998 4.05
      vertex 18.974999999999998 27.349999999999998 4.05
    endloop
  endfacet
  facet normal 1 0 0
    outer loop
      vertex -0.925 -27.349999999999998 -4.05
      vertex -0.925 -25.349999999999998 -4.05
      vertex -0.925 -25.349999999999998 4.05
    endloop
  endfacet
  facet normal 0 1 0
    outer loop
      vertex 0.925 -27.349999999999998 1.9693268624580267
      vertex -0.925 -27.349999999999998 -4.05
      vertex -0.925 -27.349999999999998 4.05
    endloop
  endfacet
  facet normal 1 0 0
    outer loop
      vertex -0.925 -27.349999999999998 4.05
      vertex -0.925 -27.349999999999998 -4.05
      vertex -0.925 -25.349999999999998 4.05
    endloop
  endfacet
  facet normal 1 0 0
    outer loop
      vertex -0.925 25.349999999999998 -4.05
      vertex -0.925 27.349999999999998 -4.05
      vertex -0.925 27.349999999999998 4.05
    endloop
  endfacet
  facet normal 0 -1 0
    outer loop
      vertex 0.925 27.349999999999998 -1.9693268624580267
      vertex -0.925 27.349999999999998 4.05
      vertex -0.925 27.349999999999998 -4.05
    endloop
  endfacet
  facet normal 1 0 0
    outer loop
      vertex -0.925 27.349999999999998 4.05
      vertex -0.925 25.349999999999998 4.05
      vertex -0.925 25.349999999999998 -4.05
    endloop
  endfacet
  facet normal 0 1 0
    outer loop
      vertex 0.925 -27.349999999999998 -1.9693268624580267
      vertex 0.925 -27.349999999999998 -4.05
      vertex -0.925 -27.349999999999998 -4.05
    endloop
  endfacet
  facet normal -1 0 0
    outer loop
      vertex 0.925 -27.299999999999997 -1.975486616210969
      vertex 0.925 -25.349999999999998 -4.05
      vertex 0.925 -27.349999999999998 -4.05
    endloop
  endfacet
  facet normal -1 0 0
    outer loop
      vertex 0.925 -27.349999999999998 -1.9693268624580267
      vertex 0.925 -27.299999999999997 -1.975486616210969
      vertex 0.925 -27.349999999999998 -4.05
    endloop
  endfacet
  facet normal 0 1 0
    outer loop
      vertex 0.925 -27.349999999999998 -1.9693268624580267
      vertex -0.925 -27.349999999999998 -4.05
      vertex 0.8937602204389145 -27.349999999999998 -1.8223552549214748
    endloop
  endfacet
  facet normal -1 0 0
    outer loop
      vertex 0.925 -27.299999999999997 -1.975486616210969
      vertex 0.925 -26.786403763026193 -1.912214089247042
      vertex 0.925 -25.349999999999998 -4.05
    endloop
  endfacet
  facet normal -1 0 0
    outer loop
      vertex 0.925 -26.786403763026193 -1.912214089247042
      vertex 0.925 -26.543047150759037 -1.8223552549214748
      vertex 0.925 -25.349999999999998 -4.05
    endloop
  endfacet
  facet normal 0 1 0
    outer loop
      vertex 0.8937602204389145 -27.349999999999998 -1.8223552549214748
      vertex -0.925 -27.349999999999998 -4.05
      vertex 0.8118606823403568 -27.349999999999998 -1.3052619222005157
    endloop
  endfacet
  facet normal -1 0 0
    outer loop
      vertex 0.925 -26.543047150759037 -1.8223552549214748
      vertex 0.925 -26.26997849439637 -1.687038527855351
      vertex 0.925 -25.349999999999998 -4.05
    endloop
  endfacet
  facet normal -1 0 0
    outer loop
      vertex 0.925 -26.26997849439637 -1.687038527855351
      vertex 0.925 -25.806877929717363 -1.3052619222005157
      vertex 0.925 -25.349999999999998 -4.05
    endloop
  endfacet
  facet normal 0 1 0
    outer loop
      vertex 0.8118606823403568 -27.349999999999998 -1.3052619222005157
      vertex -0.925 -27.349999999999998 -4.05
      vertex 0.757135958747182 -27.349999999999998 -0.7845909572784494
    endloop
  endfacet
  facet normal -1 0 0
    outer loop
      vertex 0.925 -25.806877929717363 -1.3052619222005157
      vertex 0.925 -25.74783248481954 -1.2319097973804498
      vertex 0.925 -25.349999999999998 -4.05
    endloop
  endfacet
  facet normal -1 0 0
    outer loop
      vertex 0.925 -25.74783248481954 -1.2319097973804498
      vertex 0.925 -25.489930006256145 -0.7845909572784494
      vertex 0.925 -25.349999999999998 -4.05
    endloop
  endfacet
  facet normal 0 1 0
    outer loop
      vertex 0.757135958747182 -27.349999999999998 -0.7845909572784494
      vertex -0.925 -27.349999999999998 -4.05
      vertex 0.7297360463228885 -27.349999999999998 -0.26176948307873155
    endloop
  endfacet
  facet normal -1 0 0
    outer loop
      vertex 0.925 -25.489930006256145 -0.7845909572784494
      vertex 0.925 -25.349999999999998 -0.29785101419172294
      vertex 0.925 -25.349999999999998 -4.05
    endloop
  endfacet
  facet normal 0 1 0
    outer loop
      vertex 0.7297360463228885 -27.349999999999998 -0.26176948307873155
      vertex -0.925 -27.349999999999998 -4.05
      vertex 0.7297360463228885 -27.349999999999998 0.26176948307873155
    endloop
  endfacet
  facet normal 0 1 0
    outer loop
      vertex 0.7297360463228885 -27.349999999999998 0.26176948307873155
      vertex -0.925 -27.349999999999998 -4.05
      vertex 0.757135958747182 -27.349999999999998 0.7845909572784494
    endloop
  endfacet
  facet normal 0 1 0
    outer loop
      vertex 0.757135958747182 -27.349999999999998 0.7845909572784494
      vertex -0.925 -27.349999999999998 -4.05
      vertex 0.8118606823403568 -27.349999999999998 1.3052619222005157
    endloop
  endfacet
  facet normal 0 1 0
    outer loop
      vertex 0.8118606823403568 -27.349999999999998 1.3052619222005157
      vertex -0.925 -27.349999999999998 -4.05
      vertex 0.8937602204389145 -27.349999999999998 1.8223552549214748
    endloop
  endfacet
  facet normal 0 1 0
    outer loop
      vertex 0.8937602204389145 -27.349999999999998 1.8223552549214748
      vertex -0.925 -27.349999999999998 -4.05
      vertex 0.925 -27.349999999999998 1.9693268624580267
    endloop
  endfacet
  facet normal -1 0 0
    outer loop
      vertex 0.925 -25.489930006256145 0.7845909572784494
      vertex 0.925 -25.74783248481954 1.2319097973804498
      vertex 0.925 -27.349999999999998 4.05
    endloop
  endfacet
  facet normal -1 0 0
    outer loop
      vertex 0.925 -25.349999999999998 0.29785101419172294
      vertex 0.925 -25.489930006256145 0.7845909572784494
      vertex 0.925 -25.349999999999998 4.05
    endloop
  endfacet
  facet normal -1 0 0
    outer loop
      vertex 0.925 -25.74783248481954 1.2319097973804498
      vertex 0.925 -25.806877929717363 1.3052619222005157
      vertex 0.925 -27.349999999999998 4.05
    endloop
  endfacet
  facet normal -1 0 0
    outer loop
      vertex 0.925 -26.26997849439637 1.687038527855351
      vertex 0.925 -27.349999999999998 4.05
      vertex 0.925 -25.806877929717363 1.3052619222005157
    endloop
  endfacet
  facet normal -1 0 0
    outer loop
      vertex 0.925 -26.26997849439637 1.687038527855351
      vertex 0.925 -26.543047150759037 1.8223552549214748
      vertex 0.925 -27.349999999999998 4.05
    endloop
  endfacet
  facet normal -1 0 0
    outer loop
      vertex 0.925 -27.299999999999997 1.975486616210969
      vertex 0.925 -27.349999999999998 4.05
      vertex 0.925 -26.786403763026193 1.912214089247042
    endloop
  endfacet
  facet normal -1 0 0
    outer loop
      vertex 0.925 -26.543047150759037 1.8223552549214748
      vertex 0.925 -26.786403763026193 1.912214089247042
      vertex 0.925 -27.349999999999998 4.05
    endloop
  endfacet
  facet normal -1 0 0
    outer loop
      vertex 0.925 -27.349999999999998 1.9693268624580267
      vertex 0.925 -27.349999999999998 4.05
      vertex 0.925 -27.299999999999997 1.975486616210969
    endloop
  endfacet
  facet normal -1 0 0
    outer loop
      vertex 0.925 -25.489930006256145 0.7845909572784494
      vertex 0.925 -27.349999999999998 4.05
      vertex 0.925 -25.349999999999998 4.05
    endloop
  endfacet
  facet normal 0 1 0
    outer loop
      vertex 0.925 -27.349999999999998 1.9693268624580267
      vertex -0.925 -27.349999999999998 4.05
      vertex 0.925 -27.349999999999998 4.05
    endloop
  endfacet
  facet normal 0 -1 0
    outer loop
      vertex 0.925 27.349999999999998 -1.9693268624580267
      vertex -0.925 27.349999999999998 -4.05
      vertex 0.925 27.349999999999998 -4.05
    endloop
  endfacet
  facet normal -1 0 0
    outer loop
      vertex 0.925 25.489930006256145 -0.7845909572784494
      vertex 0.925 27.349999999999998 -4.05
      vertex 0.925 25.349999999999998 -4.05
    endloop
  endfacet
  facet normal -1 0 0
    outer loop
      vertex 0.925 27.299999999999997 -1.975486616210969
      vertex 0.925 27.349999999999998 -1.9693268624580267
      vertex 0.925 27.349999999999998 -4.05
    endloop
  endfacet
  facet normal -1 0 0
    outer loop
      vertex 0.925 26.786403763026193 -1.912214089247042
      vertex 0.925 27.349999999999998 -4.05
      vertex 0.925 26.543047150759037 -1.8223552549214748
    endloop
  endfacet
  facet normal -1 0 0
    outer loop
      vertex 0.925 26.786403763026193 -1.912214089247042
      vertex 0.925 27.299999999999997 -1.975486616210969
      vertex 0.925 27.349999999999998 -4.05
    endloop
  endfacet
  facet normal -1 0 0
    outer loop
      vertex 0.925 26.543047150759037 -1.8223552549214748
      vertex 0.925 27.349999999999998 -4.05
      vertex 0.925 26.26997849439637 -1.687038527855351
    endloop
  endfacet
  facet normal -1 0 0
    outer loop
      vertex 0.925 25.806877929717363 -1.3052619222005157
      vertex 0.925 26.26997849439637 -1.687038527855351
      vertex 0.925 27.349999999999998 -4.05
    endloop
  endfacet
  facet normal -1 0 0
    outer loop
      vertex 0.925 25.806877929717363 -1.3052619222005157
      vertex 0.925 27.349999999999998 -4.05
      vertex 0.925 25.74783248481954 -1.2319097973804498
    endloop
  endfacet
  facet normal -1 0 0
    outer loop
      vertex 0.925 25.489930006256145 -0.7845909572784494
      vertex 0.925 25.349999999999998 -4.05
      vertex 0.925 25.349999999999998 -0.29785101419172294
    endloop
  endfacet
  facet normal -1 0 0
    outer loop
      vertex 0.925 25.74783248481954 -1.2319097973804498
      vertex 0.925 27.349999999999998 -4.05
      vertex 0.925 25.489930006256145 -0.7845909572784494
    endloop
  endfacet
  facet normal 0 -1 0
    outer loop
      vertex 0.925 27.349999999999998 -1.9693268624580267
      vertex 0.8937602204389145 27.349999999999998 -1.8223552549214748
      vertex -0.925 27.349999999999998 4.05
    endloop
  endfacet
  facet normal 0 -1 0
    outer loop
      vertex 0.8937602204389145 27.349999999999998 -1.8223552549214748
      vertex 0.8118606823403568 27.349999999999998 -1.3052619222005157
      vertex -0.925 27.349999999999998 4.05
    endloop
  endfacet
  facet normal 0 -1 0
    outer loop
      vertex 0.8118606823403568 27.349999999999998 -1.3052619222005157
      vertex 0.757135958747182 27.349999999999998 -0.7845909572784494
      vertex -0.925 27.349999999999998 4.05
    endloop
  endfacet
  facet normal 0 -1 0
    outer loop
      vertex 0.757135958747182 27.349999999999998 -0.7845909572784494
      vertex 0.7297360463228885 27.349999999999998 -0.26176948307873155
      vertex -0.925 27.349999999999998 4.05
    endloop
  endfacet
  facet normal 0 -1 0
    outer loop
      vertex 0.7297360463228885 27.349999999999998 -0.26176948307873155
      vertex 0.7297360463228885 27.349999999999998 0.26176948307873155
      vertex -0.925 27.349999999999998 4.05
    endloop
  endfacet
  facet normal -1 0 0
    outer loop
      vertex 0.925 25.349999999999998 0.29785101419172294
      vertex 0.925 25.349999999999998 4.05
      vertex 0.925 25.489930006256145 0.7845909572784494
    endloop
  endfacet
  facet normal 0 -1 0
    outer loop
      vertex 0.7297360463228885 27.349999999999998 0.26176948307873155
      vertex 0.757135958747182 27.349999999999998 0.7845909572784494
      vertex -0.925 27.349999999999998 4.05
    endloop
  endfacet
  facet normal -1 0 0
    outer loop
      vertex 0.925 25.489930006256145 0.7845909572784494
      vertex 0.925 25.349999999999998 4.05
      vertex 0.925 25.74783248481954 1.2319097973804498
    endloop
  endfacet
  facet normal -1 0 0
    outer loop
      vertex 0.925 25.74783248481954 1.2319097973804498
      vertex 0.925 25.349999999999998 4.05
      vertex 0.925 25.806877929717363 1.3052619222005157
    endloop
  endfacet
  facet normal 0 -1 0
    outer loop
      vertex 0.757135958747182 27.349999999999998 0.7845909572784494
      vertex 0.8118606823403568 27.349999999999998 1.3052619222005157
      vertex -0.925 27.349999999999998 4.05
    endloop
  endfacet
  facet normal -1 0 0
    outer loop
      vertex 0.925 25.806877929717363 1.3052619222005157
      vertex 0.925 25.349999999999998 4.05
      vertex 0.925 26.26997849439637 1.687038527855351
    endloop
  endfacet
  facet normal -1 0 0
    outer loop
      vertex 0.925 26.26997849439637 1.687038527855351
      vertex 0.925 25.349999999999998 4.05
      vertex 0.925 26.543047150759037 1.8223552549214748
    endloop
  endfacet
  facet normal 0 -1 0
    outer loop
      vertex 0.8118606823403568 27.349999999999998 1.3052619222005157
      vertex 0.8937602204389145 27.349999999999998 1.8223552549214748
      vertex -0.925 27.349999999999998 4.05
    endloop
  endfacet
  facet normal -1 0 0
    outer loop
      vertex 0.925 26.543047150759037 1.8223552549214748
      vertex 0.925 25.349999999999998 4.05
      vertex 0.925 26.786403763026193 1.912214089247042
    endloop
  endfacet
  facet normal 0 -1 0
    outer loop
      vertex 0.8937602204389145 27.349999999999998 1.8223552549214748
      vertex 0.925 27.349999999999998 1.9693268624580267
      vertex -0.925 27.349999999999998 4.05
    endloop
  endfacet
  facet normal -1 0 0
    outer loop
      vertex 0.925 26.786403763026193 1.912214089247042
      vertex 0.925 25.349999999999998 4.05
      vertex 0.925 27.299999999999997 1.975486616210969
    endloop
  endfacet
  facet normal -1 0 0
    outer loop
      vertex 0.925 27.299999999999997 1.975486616210969
      vertex 0.925 27.349999999999998 4.05
      vertex 0.925 27.349999999999998 1.9693268624580267
    endloop
  endfacet
  facet normal 0 -1 0
    outer loop
      vertex 0.925 27.349999999999998 1.9693268624580267
      vertex 0.925 27.349999999999998 4.05
      vertex -0.925 27.349999999999998 4.05
    endloop
  endfacet
  facet normal -1 0 0
    outer loop
      vertex 0.925 27.299999999999997 1.975486616210969
      vertex 0.925 25.349999999999998 4.05
      vertex 0.925 27.349999999999998 4.05
    endloop
  endfacet
  facet normal 0 1 0
    outer loop
      vertex -18.974999999999998 -27.349999999999998 -1.9693268624580267
      vertex -18.974999999999998 -27.349999999999998 -4.05
      vertex -20.825 -27.349999999999998 -4.05
    endloop
  endfacet
  facet normal -1 0 0
    outer loop
      vertex -18.974999999999998 -27.299999999999997 -1.975486616210969
      vertex -18.974999999999998 -25.349999999999998 -4.05
      vertex -18.974999999999998 -27.349999999999998 -4.05
    endloop
  endfacet
  facet normal -1 0 0
    outer loop
      vertex -18.974999999999998 -27.349999999999998 -1.9693268624580267
      vertex -18.974999999999998 -27.299999999999997 -1.975486616210969
      vertex -18.974999999999998 -27.349999999999998 -4.05
    endloop
  endfacet
  facet normal 0 1 0
    outer loop
      vertex -18.974999999999998 -27.349999999999998 -1.9693268624580267
      vertex -20.825 -27.349999999999998 -4.05
      vertex -19.006239779561085 -27.349999999999998 -1.8223552549214748
    endloop
  endfacet
  facet normal -1 0 0
    outer loop
      vertex -18.974999999999998 -27.299999999999997 -1.975486616210969
      vertex -18.974999999999998 -26.786403763026193 -1.912214089247042
      vertex -18.974999999999998 -25.349999999999998 -4.05
    endloop
  endfacet
  facet normal -1 0 0
    outer loop
      vertex -18.974999999999998 -26.786403763026193 -1.912214089247042
      vertex -18.974999999999998 -26.543047150759037 -1.8223552549214748
      vertex -18.974999999999998 -25.349999999999998 -4.05
    endloop
  endfacet
  facet normal 0 1 0
    outer loop
      vertex -19.006239779561085 -27.349999999999998 -1.8223552549214748
      vertex -20.825 -27.349999999999998 -4.05
      vertex -19.088139317659643 -27.349999999999998 -1.3052619222005157
    endloop
  endfacet
  facet normal -1 0 0
    outer loop
      vertex -18.974999999999998 -26.543047150759037 -1.8223552549214748
      vertex -18.974999999999998 -26.26997849439637 -1.687038527855351
      vertex -18.974999999999998 -25.349999999999998 -4.05
    endloop
  endfacet
  facet normal -1 0 0
    outer loop
      vertex -18.974999999999998 -26.26997849439637 -1.687038527855351
      vertex -18.974999999999998 -25.806877929717363 -1.3052619222005157
      vertex -18.974999999999998 -25.349999999999998 -4.05
    endloop
  endfacet
  facet normal 0 1 0
    outer loop
      vertex -19.088139317659643 -27.349999999999998 -1.3052619222005157
      vertex -20.825 -27.349999999999998 -4.05
      vertex -19.142864041252817 -27.349999999999998 -0.7845909572784494
    endloop
  endfacet
  facet normal -1 0 0
    outer loop
      vertex -18.974999999999998 -25.806877929717363 -1.3052619222005157
      vertex -18.974999999999998 -25.74783248481954 -1.2319097973804498
      vertex -18.974999999999998 -25.349999999999998 -4.05
    endloop
  endfacet
  facet normal 1 0 0
    outer loop
      vertex -20.825 -27.349999999999998 -4.05
      vertex -20.825 -25.349999999999998 -4.05
      vertex -20.825 -25.349999999999998 4.05
    endloop
  endfacet
  facet normal -1 0 0
    outer loop
      vertex -18.974999999999998 -25.74783248481954 -1.2319097973804498
      vertex -18.974999999999998 -25.489930006256145 -0.7845909572784494
      vertex -18.974999999999998 -25.349999999999998 -4.05
    endloop
  endfacet
  facet normal 0 1 0
    outer loop
      vertex -19.142864041252817 -27.349999999999998 -0.7845909572784494
      vertex -20.825 -27.349999999999998 -4.05
      vertex -19.17026395367711 -27.349999999999998 -0.26176948307873155
    endloop
  endfacet
  facet normal -1 0 0
    outer loop
      vertex -18.974999999999998 -25.489930006256145 -0.7845909572784494
      vertex -18.974999999999998 -25.349999999999998 -0.29785101419172294
      vertex -18.974999999999998 -25.349999999999998 -4.05
    endloop
  endfacet
  facet normal 0 1 0
    outer loop
      vertex -19.17026395367711 -27.349999999999998 -0.26176948307873155
      vertex -20.825 -27.349999999999998 -4.05
      vertex -19.17026395367711 -27.349999999999998 0.26176948307873155
    endloop
  endfacet
  facet normal 0 1 0
    outer loop
      vertex -19.17026395367711 -27.349999999999998 0.26176948307873155
      vertex -20.825 -27.349999999999998 -4.05
      vertex -19.142864041252817 -27.349999999999998 0.7845909572784494
    endloop
  endfacet
  facet normal 0 1 0
    outer loop
      vertex -19.142864041252817 -27.349999999999998 0.7845909572784494
      vertex -20.825 -27.349999999999998 -4.05
      vertex -19.088139317659643 -27.349999999999998 1.3052619222005157
    endloop
  endfacet
  facet normal 0 1 0
    outer loop
      vertex -19.088139317659643 -27.349999999999998 1.3052619222005157
      vertex -20.825 -27.349999999999998 -4.05
      vertex -19.006239779561085 -27.349999999999998 1.8223552549214748
    endloop
  endfacet
  facet normal 0 1 0
    outer loop
      vertex -19.006239779561085 -27.349999999999998 1.8223552549214748
      vertex -20.825 -27.349999999999998 -4.05
      vertex -18.974999999999998 -27.349999999999998 1.9693268624580267
    endloop
  endfacet
  facet normal 0 1 0
    outer loop
      vertex -18.974999999999998 -27.349999999999998 1.9693268624580267
      vertex -20.825 -27.349999999999998 -4.05
      vertex -20.825 -27.349999999999998 4.05
    endloop
  endfacet
  facet normal 1 0 0
    outer loop
      vertex -20.825 -27.349999999999998 4.05
      vertex -20.825 -27.349999999999998 -4.05
      vertex -20.825 -25.349999999999998 4.05
    endloop
  endfacet
  facet normal -1 0 0
    outer loop
      vertex -18.974999999999998 -25.489930006256145 0.7845909572784494
      vertex -18.974999999999998 -25.74783248481954 1.2319097973804498
      vertex -18.974999999999998 -27.349999999999998 4.05
    endloop
  endfacet
  facet normal -1 0 0
    outer loop
      vertex -18.974999999999998 -25.349999999999998 0.29785101419172294
      vertex -18.974999999999998 -25.489930006256145 0.7845909572784494
      vertex -18.974999999999998 -25.349999999999998 4.05
    endloop
  endfacet
  facet normal -1 0 0
    outer loop
      vertex -18.974999999999998 -25.74783248481954 1.2319097973804498
      vertex -18.974999999999998 -25.806877929717363 1.3052619222005157
      vertex -18.974999999999998 -27.349999999999998 4.05
    endloop
  endfacet
  facet normal -1 0 0
    outer loop
      vertex -18.974999999999998 -26.26997849439637 1.687038527855351
      vertex -18.974999999999998 -27.349999999999998 4.05
      vertex -18.974999999999998 -25.806877929717363 1.3052619222005157
    endloop
  endfacet
  facet normal -1 0 0
    outer loop
      vertex -18.974999999999998 -26.26997849439637 1.687038527855351
      vertex -18.974999999999998 -26.543047150759037 1.8223552549214748
      vertex -18.974999999999998 -27.349999999999998 4.05
    endloop
  endfacet
  facet normal -1 0 0
    outer loop
      vertex -18.974999999999998 -27.299999999999997 1.975486616210969
      vertex -18.974999999999998 -27.349999999999998 4.05
      vertex -18.974999999999998 -26.786403763026193 1.912214089247042
    endloop
  endfacet
  facet normal -1 0 0
    outer loop
      vertex -18.974999999999998 -26.543047150759037 1.8223552549214748
      vertex -18.974999999999998 -26.786403763026193 1.912214089247042
      vertex -18.974999999999998 -27.349999999999998 4.05
    endloop
  endfacet
  facet normal -1 0 0
    outer loop
      vertex -18.974999999999998 -27.349999999999998 1.9693268624580267
      vertex -18.974999999999998 -27.349999999999998 4.05
      vertex -18.974999999999998 -27.299999999999997 1.975486616210969
    endloop
  endfacet
  facet normal -1 0 0
    outer loop
      vertex -18.974999999999998 -25.489930006256145 0.7845909572784494
      vertex -18.974999999999998 -27.349999999999998 4.05
      vertex -18.974999999999998 -25.349999999999998 4.05
    endloop
  endfacet
  facet normal 0 1 0
    outer loop
      vertex -18.974999999999998 -27.349999999999998 1.9693268624580267
      vertex -20.825 -27.349999999999998 4.05
      vertex -18.974999999999998 -27.349999999999998 4.05
    endloop
  endfacet
  facet normal 0 -1 0
    outer loop
      vertex -18.974999999999998 27.349999999999998 -1.9693268624580267
      vertex -20.825 27.349999999999998 -4.05
      vertex -18.974999999999998 27.349999999999998 -4.05
    endloop
  endfacet
  facet normal -1 0 0
    outer loop
      vertex -18.974999999999998 25.489930006256145 -0.7845909572784494
      vertex -18.974999999999998 27.349999999999998 -4.05
      vertex -18.974999999999998 25.349999999999998 -4.05
    endloop
  endfacet
  facet normal -1 0 0
    outer loop
      vertex -18.974999999999998 27.299999999999997 -1.975486616210969
      vertex -18.974999999999998 27.349999999999998 -1.9693268624580267
      vertex -18.974999999999998 27.349999999999998 -4.05
    endloop
  endfacet
  facet normal -1 0 0
    outer loop
      vertex -18.974999999999998 26.786403763026193 -1.912214089247042
      vertex -18.974999999999998 27.349999999999998 -4.05
      vertex -18.974999999999998 26.543047150759037 -1.8223552549214748
    endloop
  endfacet
  facet normal -1 0 0
    outer loop
      vertex -18.974999999999998 26.786403763026193 -1.912214089247042
      vertex -18.974999999999998 27.299999999999997 -1.975486616210969
      vertex -18.974999999999998 27.349999999999998 -4.05
    endloop
  endfacet
  facet normal -1 0 0
    outer loop
      vertex -18.974999999999998 26.543047150759037 -1.8223552549214748
      vertex -18.974999999999998 27.349999999999998 -4.05
      vertex -18.974999999999998 26.26997849439637 -1.687038527855351
    endloop
  endfacet
  facet normal -1 0 0
    outer loop
      vertex -18.974999999999998 25.806877929717363 -1.3052619222005157
      vertex -18.974999999999998 26.26997849439637 -1.687038527855351
      vertex -18.974999999999998 27.349999999999998 -4.05
    endloop
  endfacet
  facet normal -1 0 0
    outer loop
      vertex -18.974999999999998 25.806877929717363 -1.3052619222005157
      vertex -18.974999999999998 27.349999999999998 -4.05
      vertex -18.974999999999998 25.74783248481954 -1.2319097973804498
    endloop
  endfacet
  facet normal 1 0 0
    outer loop
      vertex -20.825 25.349999999999998 -4.05
      vertex -20.825 27.349999999999998 -4.05
      vertex -20.825 27.349999999999998 4.05
    endloop
  endfacet
  facet normal -1 0 0
    outer loop
      vertex -18.974999999999998 25.489930006256145 -0.7845909572784494
      vertex -18.974999999999998 25.349999999999998 -4.05
      vertex -18.974999999999998 25.349999999999998 -0.29785101419172294
    endloop
  endfacet
  facet normal -1 0 0
    outer loop
      vertex -18.974999999999998 25.74783248481954 -1.2319097973804498
      vertex -18.974999999999998 27.349999999999998 -4.05
      vertex -18.974999999999998 25.489930006256145 -0.7845909572784494
    endloop
  endfacet
  facet normal 0 -1 0
    outer loop
      vertex -18.974999999999998 27.349999999999998 -1.9693268624580267
      vertex -20.825 27.349999999999998 4.05
      vertex -20.825 27.349999999999998 -4.05
    endloop
  endfacet
  facet normal 0 -1 0
    outer loop
      vertex -18.974999999999998 27.349999999999998 -1.9693268624580267
      vertex -19.006239779561085 27.349999999999998 -1.8223552549214748
      vertex -20.825 27.349999999999998 4.05
    endloop
  endfacet
  facet normal 0 -1 0
    outer loop
      vertex -19.006239779561085 27.349999999999998 -1.8223552549214748
      vertex -19.088139317659643 27.349999999999998 -1.3052619222005157
      vertex -20.825 27.349999999999998 4.05
    endloop
  endfacet
  facet normal 0 -1 0
    outer loop
      vertex -19.088139317659643 27.349999999999998 -1.3052619222005157
      vertex -19.142864041252817 27.349999999999998 -0.7845909572784494
      vertex -20.825 27.349999999999998 4.05
    endloop
  endfacet
  facet normal 0 -1 0
    outer loop
      vertex -19.142864041252817 27.349999999999998 -0.7845909572784494
      vertex -19.17026395367711 27.349999999999998 -0.26176948307873155
      vertex -20.825 27.349999999999998 4.05
    endloop
  endfacet
  facet normal 1 0 0
    outer loop
      vertex -20.825 27.349999999999998 4.05
      vertex -20.825 25.349999999999998 4.05
      vertex -20.825 25.349999999999998 -4.05
    endloop
  endfacet
  facet normal 0 -1 0
    outer loop
      vertex -19.17026395367711 27.349999999999998 -0.26176948307873155
      vertex -19.17026395367711 27.349999999999998 0.26176948307873155
      vertex -20.825 27.349999999999998 4.05
    endloop
  endfacet
  facet normal -1 0 0
    outer loop
      vertex -18.974999999999998 25.349999999999998 0.29785101419172294
      vertex -18.974999999999998 25.349999999999998 4.05
      vertex -18.974999999999998 25.489930006256145 0.7845909572784494
    endloop
  endfacet
  facet normal 0 -1 0
    outer loop
      vertex -19.17026395367711 27.349999999999998 0.26176948307873155
      vertex -19.142864041252817 27.349999999999998 0.7845909572784494
      vertex -20.825 27.349999999999998 4.05
    endloop
  endfacet
  facet normal -1 0 0
    outer loop
      vertex -18.974999999999998 25.489930006256145 0.7845909572784494
      vertex -18.974999999999998 25.349999999999998 4.05
      vertex -18.974999999999998 25.74783248481954 1.2319097973804498
    endloop
  endfacet
  facet normal -1 0 0
    outer loop
      vertex -18.974999999999998 25.74783248481954 1.2319097973804498
      vertex -18.974999999999998 25.349999999999998 4.05
      vertex -18.974999999999998 25.806877929717363 1.3052619222005157
    endloop
  endfacet
  facet normal 0 -1 0
    outer loop
      vertex -19.142864041252817 27.349999999999998 0.7845909572784494
      vertex -19.088139317659643 27.349999999999998 1.3052619222005157
      vertex -20.825 27.349999999999998 4.05
    endloop
  endfacet
  facet normal -1 0 0
    outer loop
      vertex -18.974999999999998 25.806877929717363 1.3052619222005157
      vertex -18.974999999999998 25.349999999999998 4.05
      vertex -18.974999999999998 26.26997849439637 1.687038527855351
    endloop
  endfacet
  facet normal -1 0 0
    outer loop
      vertex -18.974999999999998 26.26997849439637 1.687038527855351
      vertex -18.974999999999998 25.349999999999998 4.05
      vertex -18.974999999999998 26.543047150759037 1.8223552549214748
    endloop
  endfacet
  facet normal 0 -1 0
    outer loop
      vertex -19.088139317659643 27.349999999999998 1.3052619222005157
      vertex -19.006239779561085 27.349999999999998 1.8223552549214748
      vertex -20.825 27.349999999999998 4.05
    endloop
  endfacet
  facet normal -1 0 0
    outer loop
      vertex -18.974999999999998 26.543047150759037 1.8223552549214748
      vertex -18.974999999999998 25.349999999999998 4.05
      vertex -18.974999999999998 26.786403763026193 1.912214089247042
    endloop
  endfacet
  facet normal 0 -1 0
    outer loop
      vertex -19.006239779561085 27.349999999999998 1.8223552549214748
      vertex -18.974999999999998 27.349999999999998 1.9693268624580267
      vertex -20.825 27.349999999999998 4.05
    endloop
  endfacet
  facet normal -1 0 0
    outer loop
      vertex -18.974999999999998 26.786403763026193 1.912214089247042
      vertex -18.974999999999998 25.349999999999998 4.05
      vertex -18.974999999999998 27.299999999999997 1.975486616210969
    endloop
  endfacet
  facet normal -1 0 0
    outer loop
      vertex -18.974999999999998 27.299999999999997 1.975486616210969
      vertex -18.974999999999998 27.349999999999998 4.05
      vertex -18.974999999999998 27.349999999999998 1.9693268624580267
    endloop
  endfacet
  facet normal 0 -1 0
    outer loop
      vertex -18.974999999999998 27.349999999999998 1.9693268624580267
      vertex -18.974999999999998 27.349999999999998 4.05
      vertex -20.825 27.349999999999998 4.05
    endloop
  endfacet
  facet normal -1 0 0
    outer loop
      vertex -18.974999999999998 27.299999999999997 1.975486616210969
      vertex -18.974999999999998 25.349999999999998 4.05
      vertex -18.974999999999998 27.349999999999998 4.05
    endloop
  endfacet
  facet normal 0 1 0
    outer loop
      vertex -38.875 -27.349999999999998 -1.9693268624580267
      vertex -38.875 -27.349999999999998 -4.05
      vertex -40.724999999999994 -27.349999999999998 -4.05
    endloop
  endfacet
  facet normal -1 0 0
    outer loop
      vertex -38.875 -27.299999999999997 -1.975486616210969
      vertex -38.875 -25.349999999999998 -4.05
      vertex -38.875 -27.349999999999998 -4.05
    endloop
  endfacet
  facet normal -1 0 0
    outer loop
      vertex -38.875 -27.349999999999998 -1.9693268624580267
      vertex -38.875 -27.299999999999997 -1.975486616210969
      vertex -38.875 -27.349999999999998 -4.05
    endloop
  endfacet
  facet normal 0 1 0
    outer loop
      vertex -38.875 -27.349999999999998 -1.9693268624580267
      vertex -40.724999999999994 -27.349999999999998 -4.05
      vertex -38.90623977956108 -27.349999999999998 -1.8223552549214748
    endloop
  endfacet
  facet normal -1 0 0
    outer loop
      vertex -38.875 -27.299999999999997 -1.975486616210969
      vertex -38.875 -26.786403763026193 -1.912214089247042
      vertex -38.875 -25.349999999999998 -4.05
    endloop
  endfacet
  facet normal -1 0 0
    outer loop
      vertex -38.875 -26.786403763026193 -1.912214089247042
      vertex -38.875 -26.543047150759037 -1.8223552549214748
      vertex -38.875 -25.349999999999998 -4.05
    endloop
  endfacet
  facet normal 0 1 0
    outer loop
      vertex -38.90623977956108 -27.349999999999998 -1.8223552549214748
      vertex -40.724999999999994 -27.349999999999998 -4.05
      vertex -38.98813931765964 -27.349999999999998 -1.3052619222005157
    endloop
  endfacet
  facet normal -1 0 0
    outer loop
      vertex -38.875 -26.543047150759037 -1.8223552549214748
      vertex -38.875 -26.26997849439637 -1.687038527855351
      vertex -38.875 -25.349999999999998 -4.05
    endloop
  endfacet
  facet normal -1 0 0
    outer loop
      vertex -38.875 -26.26997849439637 -1.687038527855351
      vertex -38.875 -25.806877929717363 -1.3052619222005157
      vertex -38.875 -25.349999999999998 -4.05
    endloop
  endfacet
  facet normal 0 1 0
    outer loop
      vertex -38.98813931765964 -27.349999999999998 -1.3052619222005157
      vertex -40.724999999999994 -27.349999999999998 -4.05
      vertex -39.04286404125281 -27.349999999999998 -0.7845909572784494
    endloop
  endfacet
  facet normal -1 0 0
    outer loop
      vertex -38.875 -25.806877929717363 -1.3052619222005157
      vertex -38.875 -25.74783248481954 -1.2319097973804498
      vertex -38.875 -25.349999999999998 -4.05
    endloop
  endfacet
  facet normal 1 0 0
    outer loop
      vertex -40.724999999999994 -27.349999999999998 -4.05
      vertex -40.724999999999994 -25.349999999999998 -4.05
      vertex -40.724999999999994 -25.349999999999998 4.05
    endloop
  endfacet
  facet normal -1 0 0
    outer loop
      vertex -38.875 -25.74783248481954 -1.2319097973804498
      vertex -38.875 -25.489930006256145 -0.7845909572784494
      vertex -38.875 -25.349999999999998 -4.05
    endloop
  endfacet
  facet normal 0 1 0
    outer loop
      vertex -39.04286404125281 -27.349999999999998 -0.7845909572784494
      vertex -40.724999999999994 -27.349999999999998 -4.05
      vertex -39.070263953677106 -27.349999999999998 -0.26176948307873155
    endloop
  endfacet
  facet normal -1 0 0
    outer loop
      vertex -38.875 -25.489930006256145 -0.7845909572784494
      vertex -38.875 -25.349999999999998 -0.29785101419172294
      vertex -38.875 -25.349999999999998 -4.05
    endloop
  endfacet
  facet normal 0 1 0
    outer loop
      vertex -39.070263953677106 -27.349999999999998 -0.26176948307873155
      vertex -40.724999999999994 -27.349999999999998 -4.05
      vertex -39.070263953677106 -27.349999999999998 0.26176948307873155
    endloop
  endfacet
  facet normal 0 1 0
    outer loop
      vertex -39.070263953677106 -27.349999999999998 0.26176948307873155
      vertex -40.724999999999994 -27.349999999999998 -4.05
      vertex -39.04286404125281 -27.349999999999998 0.7845909572784494
    endloop
  endfacet
  facet normal 0 1 0
    outer loop
      vertex -39.04286404125281 -27.349999999999998 0.7845909572784494
      vertex -40.724999999999994 -27.349999999999998 -4.05
      vertex -38.98813931765964 -27.349999999999998 1.3052619222005157
    endloop
  endfacet
  facet normal 0 1 0
    outer loop
      vertex -38.98813931765964 -27.349999999999998 1.3052619222005157
      vertex -40.724999999999994 -27.349999999999998 -4.05
      vertex -38.90623977956108 -27.349999999999998 1.8223552549214748
    endloop
  endfacet
  facet normal 0 1 0
    outer loop
      vertex -38.90623977956108 -27.349999999999998 1.8223552549214748
      vertex -40.724999999999994 -27.349999999999998 -4.05
      vertex -38.875 -27.349999999999998 1.9693268624580267
    endloop
  endfacet
  facet normal 1 0 0
    outer loop
      vertex -40.724999999999994 -25.349999999999998 4.05
      vertex -40.724999999999994 -27.349999999999998 4.05
      vertex -40.724999999999994 -27.349999999999998 -4.05
    endloop
  endfacet
  facet normal 0 1 0
    outer loop
      vertex -38.875 -27.349999999999998 1.9693268624580267
      vertex -40.724999999999994 -27.349999999999998 -4.05
      vertex -40.724999999999994 -27.349999999999998 4.05
    endloop
  endfacet
  facet normal -1 0 0
    outer loop
      vertex -38.875 -25.489930006256145 0.7845909572784494
      vertex -38.875 -25.74783248481954 1.2319097973804498
      vertex -38.875 -27.349999999999998 4.05
    endloop
  endfacet
  facet normal -1 0 0
    outer loop
      vertex -38.875 -25.349999999999998 0.29785101419172294
      vertex -38.875 -25.489930006256145 0.7845909572784494
      vertex -38.875 -25.349999999999998 4.05
    endloop
  endfacet
  facet normal -1 0 0
    outer loop
      vertex -38.875 -25.74783248481954 1.2319097973804498
      vertex -38.875 -25.806877929717363 1.3052619222005157
      vertex -38.875 -27.349999999999998 4.05
    endloop
  endfacet
  facet normal -1 0 0
    outer loop
      vertex -38.875 -26.26997849439637 1.687038527855351
      vertex -38.875 -27.349999999999998 4.05
      vertex -38.875 -25.806877929717363 1.3052619222005157
    endloop
  endfacet
  facet normal -1 0 0
    outer loop
      vertex -38.875 -26.26997849439637 1.687038527855351
      vertex -38.875 -26.543047150759037 1.8223552549214748
      vertex -38.875 -27.349999999999998 4.05
    endloop
  endfacet
  facet normal -1 0 0
    outer loop
      vertex -38.875 -27.299999999999997 1.975486616210969
      vertex -38.875 -27.349999999999998 4.05
      vertex -38.875 -26.786403763026193 1.912214089247042
    endloop
  endfacet
  facet normal -1 0 0
    outer loop
      vertex -38.875 -26.543047150759037 1.8223552549214748
      vertex -38.875 -26.786403763026193 1.912214089247042
      vertex -38.875 -27.349999999999998 4.05
    endloop
  endfacet
  facet normal -1 0 0
    outer loop
      vertex -38.875 -27.349999999999998 1.9693268624580267
      vertex -38.875 -27.349999999999998 4.05
      vertex -38.875 -27.299999999999997 1.975486616210969
    endloop
  endfacet
  facet normal -1 0 0
    outer loop
      vertex -38.875 -25.489930006256145 0.7845909572784494
      vertex -38.875 -27.349999999999998 4.05
      vertex -38.875 -25.349999999999998 4.05
    endloop
  endfacet
  facet normal 0 1 0
    outer loop
      vertex -38.875 -27.349999999999998 1.9693268624580267
      vertex -40.724999999999994 -27.349999999999998 4.05
      vertex -38.875 -27.349999999999998 4.05
    endloop
  endfacet
  facet normal 0 -1 0
    outer loop
      vertex -38.875 27.349999999999998 -1.9693268624580267
      vertex -40.724999999999994 27.349999999999998 -4.05
      vertex -38.875 27.349999999999998 -4.05
    endloop
  endfacet
  facet normal -1 0 0
    outer loop
      vertex -38.875 25.489930006256145 -0.7845909572784494
      vertex -38.875 27.349999999999998 -4.05
      vertex -38.875 25.349999999999998 -4.05
    endloop
  endfacet
  facet normal -1 0 0
    outer loop
      vertex -38.875 27.299999999999997 -1.975486616210969
      vertex -38.875 27.349999999999998 -1.9693268624580267
      vertex -38.875 27.349999999999998 -4.05
    endloop
  endfacet
  facet normal -1 0 0
    outer loop
      vertex -38.875 26.786403763026193 -1.912214089247042
      vertex -38.875 27.349999999999998 -4.05
      vertex -38.875 26.543047150759037 -1.8223552549214748
    endloop
  endfacet
  facet normal -1 0 0
    outer loop
      vertex -38.875 26.786403763026193 -1.912214089247042
      vertex -38.875 27.299999999999997 -1.975486616210969
      vertex -38.875 27.349999999999998 -4.05
    endloop
  endfacet
  facet normal -1 0 0
    outer loop
      vertex -38.875 26.543047150759037 -1.8223552549214748
      vertex -38.875 27.349999999999998 -4.05
      vertex -38.875 26.26997849439637 -1.687038527855351
    endloop
  endfacet
  facet normal -1 0 0
    outer loop
      vertex -38.875 25.806877929717363 -1.3052619222005157
      vertex -38.875 26.26997849439637 -1.687038527855351
      vertex -38.875 27.349999999999998 -4.05
    endloop
  endfacet
  facet normal -1 0 0
    outer loop
      vertex -38.875 25.806877929717363 -1.3052619222005157
      vertex -38.875 27.349999999999998 -4.05
      vertex -38.875 25.74783248481954 -1.2319097973804498
    endloop
  endfacet
  facet normal 1 0 0
    outer loop
      vertex -40.724999999999994 25.349999999999998 -4.05
      vertex -40.724999999999994 27.349999999999998 -4.05
      vertex -40.724999999999994 27.349999999999998 4.05
    endloop
  endfacet
  facet normal -1 0 0
    outer loop
      vertex -38.875 25.489930006256145 -0.7845909572784494
      vertex -38.875 25.349999999999998 -4.05
      vertex -38.875 25.349999999999998 -0.29785101419172294
    endloop
  endfacet
  facet normal -1 0 0
    outer loop
      vertex -38.875 25.74783248481954 -1.2319097973804498
      vertex -38.875 27.349999999999998 -4.05
      vertex -38.875 25.489930006256145 -0.7845909572784494
    endloop
  endfacet
  facet normal 0 -1 0
    outer loop
      vertex -38.875 27.349999999999998 -1.9693268624580267
      vertex -40.724999999999994 27.349999999999998 4.05
      vertex -40.724999999999994 27.349999999999998 -4.05
    endloop
  endfacet
  facet normal 1 0 0
    outer loop
      vertex -40.724999999999994 27.349999999999998 4.05
      vertex -40.724999999999994 25.349999999999998 4.05
      vertex -40.724999999999994 25.349999999999998 -4.05
    endloop
  endfacet
  facet normal 0 -1 0
    outer loop
      vertex -38.875 27.349999999999998 -1.9693268624580267
      vertex -38.90623977956108 27.349999999999998 -1.8223552549214748
      vertex -40.724999999999994 27.349999999999998 4.05
    endloop
  endfacet
  facet normal 0 -1 0
    outer loop
      vertex -38.90623977956108 27.349999999999998 -1.8223552549214748
      vertex -38.98813931765964 27.349999999999998 -1.3052619222005157
      vertex -40.724999999999994 27.349999999999998 4.05
    endloop
  endfacet
  facet normal 0 -1 0
    outer loop
      vertex -38.98813931765964 27.349999999999998 -1.3052619222005157
      vertex -39.04286404125281 27.349999999999998 -0.7845909572784494
      vertex -40.724999999999994 27.349999999999998 4.05
    endloop
  endfacet
  facet normal 0 -1 0
    outer loop
      vertex -39.04286404125281 27.349999999999998 -0.7845909572784494
      vertex -39.070263953677106 27.349999999999998 -0.26176948307873155
      vertex -40.724999999999994 27.349999999999998 4.05
    endloop
  endfacet
  facet normal 0 -1 0
    outer loop
      vertex -39.070263953677106 27.349999999999998 -0.26176948307873155
      vertex -39.070263953677106 27.349999999999998 0.26176948307873155
      vertex -40.724999999999994 27.349999999999998 4.05
    endloop
  endfacet
  facet normal -1 0 0
    outer loop
      vertex -38.875 25.349999999999998 0.29785101419172294
      vertex -38.875 25.349999999999998 4.05
      vertex -38.875 25.489930006256145 0.7845909572784494
    endloop
  endfacet
  facet normal 0 -1 0
    outer loop
      vertex -39.070263953677106 27.349999999999998 0.26176948307873155
      vertex -39.04286404125281 27.349999999999998 0.7845909572784494
      vertex -40.724999999999994 27.349999999999998 4.05
    endloop
  endfacet
  facet normal -1 0 0
    outer loop
      vertex -38.875 25.489930006256145 0.7845909572784494
      vertex -38.875 25.349999999999998 4.05
      vertex -38.875 25.74783248481954 1.2319097973804498
    endloop
  endfacet
  facet normal -1 0 0
    outer loop
      vertex -38.875 25.74783248481954 1.2319097973804498
      vertex -38.875 25.349999999999998 4.05
      vertex -38.875 25.806877929717363 1.3052619222005157
    endloop
  endfacet
  facet normal 0 -1 0
    outer loop
      vertex -39.04286404125281 27.349999999999998 0.7845909572784494
      vertex -38.98813931765964 27.349999999999998 1.3052619222005157
      vertex -40.724999999999994 27.349999999999998 4.05
    endloop
  endfacet
  facet normal -1 0 0
    outer loop
      vertex -38.875 25.806877929717363 1.3052619222005157
      vertex -38.875 25.349999999999998 4.05
      vertex -38.875 26.26997849439637 1.687038527855351
    endloop
  endfacet
  facet normal -1 0 0
    outer loop
      vertex -38.875 26.26997849439637 1.687038527855351
      vertex -38.875 25.349999999999998 4.05
      vertex -38.875 26.543047150759037 1.8223552549214748
    endloop
  endfacet
  facet normal 0 -1 0
    outer loop
      vertex -38.98813931765964 27.349999999999998 1.3052619222005157
      vertex -38.90623977956108 27.349999999999998 1.8223552549214748
      vertex -40.724999999999994 27.349999999999998 4.05
    endloop
  endfacet
  facet normal -1 0 0
    outer loop
      vertex -38.875 26.543047150759037 1.8223552549214748
      vertex -38.875 25.349999999999998 4.05
      vertex -38.875 26.786403763026193 1.912214089247042
    endloop
  endfacet
  facet normal 0 -1 0
    outer loop
      vertex -38.90623977956108 27.349999999999998 1.8223552549214748
      vertex -38.875 27.349999999999998 1.9693268624580267
      vertex -40.724999999999994 27.349999999999998 4.05
    endloop
  endfacet
  facet normal -1 0 0
    outer loop
      vertex -38.875 26.786403763026193 1.912214089247042
      vertex -38.875 25.349999999999998 4.05
      vertex -38.875 27.299999999999997 1.975486616210969
    endloop
  endfacet
  facet normal -1 0 0
    outer loop
      vertex -38.875 27.299999999999997 1.975486616210969
      vertex -38.875 27.349999999999998 4.05
      vertex -38.875 27.349999999999998 1.9693268624580267
    endloop
  endfacet
  facet normal 0 -1 0
    outer loop
      vertex -38.875 27.349999999999998 1.9693268624580267
      vertex -38.875 27.349999999999998 4.05
      vertex -40.724999999999994 27.349999999999998 4.05
    endloop
  endfacet
  facet normal -1 0 0
    outer loop
      vertex -38.875 27.299999999999997 1.975486616210969
      vertex -38.875 25.349999999999998 4.05
      vertex -38.875 27.349999999999998 4.05
    endloop
  endfacet
  facet normal -0.9778268960644279 -0.025605298408584838 -0.207843522935919
    outer loop
      vertex 40.724999999999994 26.786403763026193 -1.912214089247042
      vertex 40.69245092436045 27.299999999999997 -1.8223552549214748
      vertex 40.724999999999994 27.299999999999997 -1.975486616210969
    endloop
  endfacet
  facet normal -0.9778268960644277 0.0256052984085852 -0.20784352293591898
    outer loop
      vertex 40.724999999999994 27.299999999999997 -1.975486616210969
      vertex 40.69245092436045 27.299999999999997 -1.8223552549214748
      vertex 40.724999999999994 27.349999999999998 -1.9693268624580267
    endloop
  endfacet
  facet normal -0.9751467405102396 -0.07674571288259964 -0.20784352293587807
    outer loop
      vertex 40.724999999999994 26.786403763026193 -1.912214089247042
      vertex 40.724999999999994 26.543047150759037 -1.8223552549214748
      vertex 40.705926091142565 26.785404141820727 -1.8223552549214748
    endloop
  endfacet
  facet normal -0.9846518828329173 -0.0774937838070051 -0.15638217003502722
    outer loop
      vertex 40.724999999999994 26.543047150759037 -1.8223552549214748
      vertex 40.724999999999994 26.26997849439637 -1.687038527855351
      vertex 40.705926091142565 26.785404141820727 -1.8223552549214748
    endloop
  endfacet
  facet normal -0.9778268960644365 -0.025605298408592648 -0.20784352293587752
    outer loop
      vertex 40.724999999999994 26.786403763026193 -1.912214089247042
      vertex 40.705926091142565 26.785404141820727 -1.8223552549214748
      vertex 40.69245092436045 27.299999999999997 -1.8223552549214748
    endloop
  endfacet
  facet normal -0.9778268960644287 0.02560529840860524 -0.20784352293591238
    outer loop
      vertex 40.724999999999994 27.349999999999998 -1.9693268624580267
      vertex 40.69245092436045 27.299999999999997 -1.8223552549214748
      vertex 40.69376022043891 27.349999999999998 -1.8223552549214748
    endloop
  endfacet
  facet normal -0.9873581629270693 -0.02585488341511262 -0.15638217003505817
    outer loop
      vertex 40.705926091142565 26.785404141820727 -1.8223552549214748
      vertex 40.610551386261896 27.299999999999997 -1.3052619222005157
      vertex 40.69245092436045 27.299999999999997 -1.8223552549214748
    endloop
  endfacet
  facet normal -0.987358162927069 0.025854883415125554 -0.15638217003505805
    outer loop
      vertex 40.69245092436045 27.299999999999997 -1.8223552549214748
      vertex 40.610551386261896 27.299999999999997 -1.3052619222005157
      vertex 40.69376022043891 27.349999999999998 -1.8223552549214748
    endloop
  endfacet
  facet normal -0.984651882832911 -0.07749378380701405 -0.1563821700350622
    outer loop
      vertex 40.705926091142565 26.785404141820727 -1.8223552549214748
      vertex 40.724999999999994 26.26997849439637 -1.687038527855351
      vertex 40.62413879351459 26.781117851178486 -1.3052619222005157
    endloop
  endfacet
  facet normal -0.9792467403702226 -0.1289202791240445 -0.1563821700350538
    outer loop
      vertex 40.724999999999994 25.806877929717363 -1.3052619222005157
      vertex 40.66486377313383 26.263657922259835 -1.3052619222005157
      vertex 40.724999999999994 26.26997849439637 -1.687038527855351
    endloop
  endfacet
  facet normal -0.9846518828329118 -0.07749378380702081 -0.15638217003505334
    outer loop
      vertex 40.724999999999994 26.26997849439637 -1.687038527855351
      vertex 40.66486377313383 26.263657922259835 -1.3052619222005157
      vertex 40.62413879351459 26.781117851178486 -1.3052619222005157
    endloop
  endfacet
  facet normal -0.9860173138436388 -0.1298116420319186 -0.10449303514374544
    outer loop
      vertex 40.724999999999994 25.806877929717363 -1.3052619222005157
      vertex 40.724999999999994 25.74783248481954 -1.2319097973804498
      vertex 40.66486377313383 26.263657922259835 -1.3052619222005157
    endloop
  endfacet
  facet normal -0.9873581629270689 -0.025854883415108262 -0.1563821700350624
    outer loop
      vertex 40.705926091142565 26.785404141820727 -1.8223552549214748
      vertex 40.62413879351459 26.781117851178486 -1.3052619222005157
      vertex 40.610551386261896 27.299999999999997 -1.3052619222005157
    endloop
  endfacet
  facet normal -0.987358162927069 0.025854883415125447 -0.15638217003505805
    outer loop
      vertex 40.69376022043891 27.349999999999998 -1.8223552549214748
      vertex 40.610551386261896 27.299999999999997 -1.3052619222005157
      vertex 40.61186068234036 27.349999999999998 -1.3052619222005157
    endloop
  endfacet
  facet normal -0.9860173138436374 -0.12981164203192005 -0.10449303514375671
    outer loop
      vertex 40.724999999999994 25.74783248481954 -1.2319097973804498
      vertex 40.61043883730244 26.257937630999894 -0.7845909572784494
      vertex 40.66486377313383 26.263657922259835 -1.3052619222005157
    endloop
  endfacet
  facet normal -0.9914598278008332 -0.0780295806959643 -0.10449303514375645
    outer loop
      vertex 40.66486377313383 26.263657922259835 -1.3052619222005157
      vertex 40.56948906825316 26.778253780439105 -0.7845909572784494
      vertex 40.62413879351459 26.781117851178486 -1.3052619222005157
    endloop
  endfacet
  facet normal -0.9941848192855555 -0.026033645703091413 -0.10449303514375172
    outer loop
      vertex 40.62413879351459 26.781117851178486 -1.3052619222005157
      vertex 40.55582666266872 27.299999999999997 -0.7845909572784494
      vertex 40.610551386261896 27.299999999999997 -1.3052619222005157
    endloop
  endfacet
  facet normal -0.994184819285555 0.026033645703108805 -0.10449303514375166
    outer loop
      vertex 40.610551386261896 27.299999999999997 -1.3052619222005157
      vertex 40.55582666266872 27.299999999999997 -0.7845909572784494
      vertex 40.61186068234036 27.349999999999998 -1.3052619222005157
    endloop
  endfacet
  facet normal -0.9778721949664189 -0.1812378986801757 -0.10449303514374755
    outer loop
      vertex 40.724999999999994 25.74783248481954 -1.2319097973804498
      vertex 40.724999999999994 25.489930006256145 -0.7845909572784494
      vertex 40.678563729345974 25.740477702081247 -0.7845909572784494
    endloop
  endfacet
  facet normal -0.9860173138436373 -0.12981164203192783 -0.10449303514374783
    outer loop
      vertex 40.724999999999994 25.74783248481954 -1.2319097973804498
      vertex 40.678563729345974 25.740477702081247 -0.7845909572784494
      vertex 40.61043883730244 26.257937630999894 -0.7845909572784494
    endloop
  endfacet
  facet normal -0.9914598278008332 -0.07802958069596393 -0.1044930351437568
    outer loop
      vertex 40.66486377313383 26.263657922259835 -1.3052619222005157
      vertex 40.61043883730244 26.257937630999894 -0.7845909572784494
      vertex 40.56948906825316 26.778253780439105 -0.7845909572784494
    endloop
  endfacet
  facet normal -0.9941848192855551 -0.02603364570308679 -0.10449303514375628
    outer loop
      vertex 40.62413879351459 26.781117851178486 -1.3052619222005157
      vertex 40.56948906825316 26.778253780439105 -0.7845909572784494
      vertex 40.55582666266872 27.299999999999997 -0.7845909572784494
    endloop
  endfacet
  facet normal -0.994184819285555 0.02603364570310885 -0.10449303514375166
    outer loop
      vertex 40.61186068234036 27.349999999999998 -1.3052619222005157
      vertex 40.55582666266872 27.299999999999997 -0.7845909572784494
      vertex 40.55713595874718 27.349999999999998 -0.7845909572784494
    endloop
  endfacet
  facet normal -0.9819083123521415 -0.18198594882167707 -0.05231807111546945
    outer loop
      vertex 40.724999999999994 25.489930006256145 -0.7845909572784494
      vertex 40.72307750266803 25.349999999999998 -0.26176948307873155
      vertex 40.678563729345974 25.740477702081247 -0.7845909572784494
    endloop
  endfacet
  facet normal -0.9900870497902298 -0.1303474329338179 -0.05231807111546491
    outer loop
      vertex 40.678563729345974 25.740477702081247 -0.7845909572784494
      vertex 40.583189024465305 26.255073560260513 -0.26176948307873155
      vertex 40.61043883730244 26.257937630999894 -0.7845909572784494
    endloop
  endfacet
  facet normal -0.9955520274449501 -0.07835164379262304 -0.05231807111546831
    outer loop
      vertex 40.61043883730244 26.257937630999894 -0.7845909572784494
      vertex 40.54212670645657 26.776819779821405 -0.26176948307873155
      vertex 40.56948906825316 26.778253780439105 -0.7845909572784494
    endloop
  endfacet
  facet normal -0.998288266192417 -0.02614109824195318 -0.05231807111546277
    outer loop
      vertex 40.56948906825316 26.778253780439105 -0.7845909572784494
      vertex 40.52842675024443 27.299999999999997 -0.26176948307873155
      vertex 40.55582666266872 27.299999999999997 -0.7845909572784494
    endloop
  endfacet
  facet normal -0.9982882661924164 0.026141098241975285 -0.05231807111546274
    outer loop
      vertex 40.55582666266872 27.299999999999997 -0.7845909572784494
      vertex 40.52842675024443 27.299999999999997 -0.26176948307873155
      vertex 40.55713595874718 27.349999999999998 -0.7845909572784494
    endloop
  endfacet
  facet normal -0.981908312352087 -0.1819859488219503 -0.05231807111554237
    outer loop
      vertex 40.724999999999994 25.489930006256145 -0.7845909572784494
      vertex 40.724999999999994 25.349999999999998 -0.29785101419172294
      vertex 40.72307750266803 25.349999999999998 -0.26176948307873155
    endloop
  endfacet
  facet normal -0.9819083123521442 -0.18198594882166536 -0.052318071115460475
    outer loop
      vertex 40.678563729345974 25.740477702081247 -0.7845909572784494
      vertex 40.72307750266803 25.349999999999998 -0.26176948307873155
      vertex 40.65150115531117 25.736191411439002 -0.26176948307873155
    endloop
  endfacet
  facet normal -0.9900870497902294 -0.13034743293382253 -0.05231807111546029
    outer loop
      vertex 40.678563729345974 25.740477702081247 -0.7845909572784494
      vertex 40.65150115531117 25.736191411439002 -0.26176948307873155
      vertex 40.583189024465305 26.255073560260513 -0.26176948307873155
    endloop
  endfacet
  facet normal -0.9955520274449502 -0.0783516437926266 -0.052318071115464757
    outer loop
      vertex 40.61043883730244 26.257937630999894 -0.7845909572784494
      vertex 40.583189024465305 26.255073560260513 -0.26176948307873155
      vertex 40.54212670645657 26.776819779821405 -0.26176948307873155
    endloop
  endfacet
  facet normal -0.9982882661924167 -0.026141098241947727 -0.05231807111546819
    outer loop
      vertex 40.56948906825316 26.778253780439105 -0.7845909572784494
      vertex 40.54212670645657 26.776819779821405 -0.26176948307873155
      vertex 40.52842675024443 27.299999999999997 -0.26176948307873155
    endloop
  endfacet
  facet normal -0.9982882661924164 0.026141098241975254 -0.05231807111546274
    outer loop
      vertex 40.55713595874718 27.349999999999998 -0.7845909572784494
      vertex 40.52842675024443 27.299999999999997 -0.26176948307873155
      vertex 40.52973604632289 27.349999999999998 -0.26176948307873155
    endloop
  endfacet
  facet normal -0.9832549075639575 -0.18223552549213223 0
    outer loop
      vertex 40.72307750266803 25.349999999999998 -0.26176948307873155
      vertex 40.72307750266803 25.349999999999998 0.26176948307873155
      vertex 40.65150115531117 25.736191411439002 -0.26176948307873155
    endloop
  endfacet
  facet normal -0.99144486137381 -0.13052619222005402 0
    outer loop
      vertex 40.65150115531117 25.736191411439002 -0.26176948307873155
      vertex 40.583189024465305 26.255073560260513 0.26176948307873155
      vertex 40.583189024465305 26.255073560260513 -0.26176948307873155
    endloop
  endfacet
  facet normal -0.9969173337331281 -0.07845909572784458 0
    outer loop
      vertex 40.583189024465305 26.255073560260513 -0.26176948307873155
      vertex 40.54212670645657 26.776819779821405 0.26176948307873155
      vertex 40.54212670645657 26.776819779821405 -0.26176948307873155
    endloop
  endfacet
  facet normal -0.9996573249755576 -0.026176948307866658 0
    outer loop
      vertex 40.54212670645657 26.776819779821405 -0.26176948307873155
      vertex 40.52842675024443 27.299999999999997 0.26176948307873155
      vertex 40.52842675024443 27.299999999999997 -0.26176948307873155
    endloop
  endfacet
  facet normal -0.9996573249755567 0.02617694830789423 0
    outer loop
      vertex 40.52842675024443 27.299999999999997 -0.26176948307873155
      vertex 40.52842675024443 27.299999999999997 0.26176948307873155
      vertex 40.52973604632289 27.349999999999998 -0.26176948307873155
    endloop
  endfacet
  facet normal -0.9832549075639575 -0.18223552549213223 0
    outer loop
      vertex 40.65150115531117 25.736191411439002 -0.26176948307873155
      vertex 40.72307750266803 25.349999999999998 0.26176948307873155
      vertex 40.65150115531117 25.736191411439002 0.26176948307873155
    endloop
  endfacet
  facet normal -0.99144486137381 -0.13052619222005402 0
    outer loop
      vertex 40.65150115531117 25.736191411439002 -0.26176948307873155
      vertex 40.65150115531117 25.736191411439002 0.26176948307873155
      vertex 40.583189024465305 26.255073560260513 0.26176948307873155
    endloop
  endfacet
  facet normal -0.9969173337331281 -0.07845909572784458 0
    outer loop
      vertex 40.583189024465305 26.255073560260513 -0.26176948307873155
      vertex 40.583189024465305 26.255073560260513 0.26176948307873155
      vertex 40.54212670645657 26.776819779821405 0.26176948307873155
    endloop
  endfacet
  facet normal -0.9996573249755576 -0.026176948307866658 0
    outer loop
      vertex 40.54212670645657 26.776819779821405 -0.26176948307873155
      vertex 40.54212670645657 26.776819779821405 0.26176948307873155
      vertex 40.52842675024443 27.299999999999997 0.26176948307873155
    endloop
  endfacet
  facet normal -0.9996573249755567 0.02617694830789423 0
    outer loop
      vertex 40.52973604632289 27.349999999999998 -0.26176948307873155
      vertex 40.52842675024443 27.299999999999997 0.26176948307873155
      vertex 40.52973604632289 27.349999999999998 0.26176948307873155
    endloop
  endfacet
  facet normal -0.9819083123521397 -0.18198594882166455 0.05231807111554531
    outer loop
      vertex 40.72307750266803 25.349999999999998 0.26176948307873155
      vertex 40.724999999999994 25.349999999999998 0.29785101419172294
      vertex 40.65150115531117 25.736191411439002 0.26176948307873155
    endloop
  endfacet
  facet normal -0.9900870497902294 -0.13034743293382253 0.05231807111546029
    outer loop
      vertex 40.65150115531117 25.736191411439002 0.26176948307873155
      vertex 40.678563729345974 25.740477702081247 0.7845909572784494
      vertex 40.583189024465305 26.255073560260513 0.26176948307873155
    endloop
  endfacet
  facet normal -0.9819083123521426 -0.18198594882167282 0.052318071115462605
    outer loop
      vertex 40.65150115531117 25.736191411439002 0.26176948307873155
      vertex 40.724999999999994 25.349999999999998 0.29785101419172294
      vertex 40.724999999999994 25.489930006256145 0.7845909572784494
    endloop
  endfacet
  facet normal -0.9955520274449502 -0.07835164379262659 0.052318071115464757
    outer loop
      vertex 40.583189024465305 26.255073560260513 0.26176948307873155
      vertex 40.61043883730244 26.257937630999894 0.7845909572784494
      vertex 40.54212670645657 26.776819779821405 0.26176948307873155
    endloop
  endfacet
  facet normal -0.9982882661924167 -0.026141098241947734 0.05231807111546819
    outer loop
      vertex 40.54212670645657 26.776819779821405 0.26176948307873155
      vertex 40.56948906825316 26.778253780439105 0.7845909572784494
      vertex 40.52842675024443 27.299999999999997 0.26176948307873155
    endloop
  endfacet
  facet normal -0.9982882661924164 0.026141098241975285 0.05231807111546274
    outer loop
      vertex 40.52842675024443 27.299999999999997 0.26176948307873155
      vertex 40.55582666266872 27.299999999999997 0.7845909572784494
      vertex 40.52973604632289 27.349999999999998 0.26176948307873155
    endloop
  endfacet
  facet normal -0.9819083123521419 -0.18198594882167715 0.052318071115460454
    outer loop
      vertex 40.65150115531117 25.736191411439002 0.26176948307873155
      vertex 40.724999999999994 25.489930006256145 0.7845909572784494
      vertex 40.678563729345974 25.740477702081247 0.7845909572784494
    endloop
  endfacet
  facet normal -0.9900870497902298 -0.1303474329338179 0.05231807111546491
    outer loop
      vertex 40.678563729345974 25.740477702081247 0.7845909572784494
      vertex 40.61043883730244 26.257937630999894 0.7845909572784494
      vertex 40.583189024465305 26.255073560260513 0.26176948307873155
    endloop
  endfacet
  facet normal -0.9955520274449501 -0.07835164379262302 0.05231807111546829
    outer loop
      vertex 40.54212670645657 26.776819779821405 0.26176948307873155
      vertex 40.61043883730244 26.257937630999894 0.7845909572784494
      vertex 40.56948906825316 26.778253780439105 0.7845909572784494
    endloop
  endfacet
  facet normal -0.998288266192417 -0.026141098241953178 0.05231807111546277
    outer loop
      vertex 40.52842675024443 27.299999999999997 0.26176948307873155
      vertex 40.56948906825316 26.778253780439105 0.7845909572784494
      vertex 40.55582666266872 27.299999999999997 0.7845909572784494
    endloop
  endfacet
  facet normal -0.9982882661924164 0.02614109824197532 0.05231807111546274
    outer loop
      vertex 40.52973604632289 27.349999999999998 0.26176948307873155
      vertex 40.55582666266872 27.299999999999997 0.7845909572784494
      vertex 40.55713595874718 27.349999999999998 0.7845909572784494
    endloop
  endfacet
  facet normal -0.9778721949664189 -0.1812378986801757 0.10449303514374755
    outer loop
      vertex 40.724999999999994 25.489930006256145 0.7845909572784494
      vertex 40.724999999999994 25.74783248481954 1.2319097973804498
      vertex 40.678563729345974 25.740477702081247 0.7845909572784494
    endloop
  endfacet
  facet normal -0.9860173138436373 -0.1298116420319278 0.10449303514374851
    outer loop
      vertex 40.678563729345974 25.740477702081247 0.7845909572784494
      vertex 40.724999999999994 25.806877929717363 1.3052619222005157
      vertex 40.61043883730244 26.257937630999894 0.7845909572784494
    endloop
  endfacet
  facet normal -0.9914598278008332 -0.07802958069596394 0.1044930351437568
    outer loop
      vertex 40.61043883730244 26.257937630999894 0.7845909572784494
      vertex 40.66486377313383 26.263657922259835 1.3052619222005157
      vertex 40.56948906825316 26.778253780439105 0.7845909572784494
    endloop
  endfacet
  facet normal -0.9941848192855551 -0.02603364570308678 0.10449303514375628
    outer loop
      vertex 40.56948906825316 26.778253780439105 0.7845909572784494
      vertex 40.62413879351459 26.781117851178486 1.3052619222005157
      vertex 40.55582666266872 27.299999999999997 0.7845909572784494
    endloop
  endfacet
  facet normal -0.994184819285555 0.026033645703108805 0.10449303514375166
    outer loop
      vertex 40.55582666266872 27.299999999999997 0.7845909572784494
      vertex 40.610551386261896 27.299999999999997 1.3052619222005157
      vertex 40.55713595874718 27.349999999999998 0.7845909572784494
    endloop
  endfacet
  facet normal -0.9860173138436381 -0.1298116420319216 0.1044930351437478
    outer loop
      vertex 40.678563729345974 25.740477702081247 0.7845909572784494
      vertex 40.724999999999994 25.74783248481954 1.2319097973804498
      vertex 40.724999999999994 25.806877929717363 1.3052619222005157
    endloop
  endfacet
  facet normal -0.9860173138436377 -0.12981164203191844 0.10449303514375671
    outer loop
      vertex 40.61043883730244 26.257937630999894 0.7845909572784494
      vertex 40.724999999999994 25.806877929717363 1.3052619222005157
      vertex 40.66486377313383 26.263657922259835 1.3052619222005157
    endloop
  endfacet
  facet normal -0.9914598278008332 -0.07802958069596429 0.10449303514375645
    outer loop
      vertex 40.56948906825316 26.778253780439105 0.7845909572784494
      vertex 40.66486377313383 26.263657922259835 1.3052619222005157
      vertex 40.62413879351459 26.781117851178486 1.3052619222005157
    endloop
  endfacet
  facet normal -0.9941848192855555 -0.02603364570309143 0.1044930351437517
    outer loop
      vertex 40.55582666266872 27.299999999999997 0.7845909572784494
      vertex 40.62413879351459 26.781117851178486 1.3052619222005157
      vertex 40.610551386261896 27.299999999999997 1.3052619222005157
    endloop
  endfacet
  facet normal -0.994184819285555 0.026033645703108718 0.10449303514375166
    outer loop
      vertex 40.55713595874718 27.349999999999998 0.7845909572784494
      vertex 40.610551386261896 27.299999999999997 1.3052619222005157
      vertex 40.61186068234036 27.349999999999998 1.3052619222005157
    endloop
  endfacet
  facet normal -0.9792467403702226 -0.1289202791240445 0.1563821700350538
    outer loop
      vertex 40.724999999999994 25.806877929717363 1.3052619222005157
      vertex 40.724999999999994 26.26997849439637 1.687038527855351
      vertex 40.66486377313383 26.263657922259835 1.3052619222005157
    endloop
  endfacet
  facet normal -0.9846518828329115 -0.07749378380702081 0.15638217003505478
    outer loop
      vertex 40.66486377313383 26.263657922259835 1.3052619222005157
      vertex 40.724999999999994 26.543047150759037 1.8223552549214748
      vertex 40.62413879351459 26.781117851178486 1.3052619222005157
    endloop
  endfacet
  facet normal -0.9873581629270687 -0.025854883415108262 0.15638217003506236
    outer loop
      vertex 40.62413879351459 26.781117851178486 1.3052619222005157
      vertex 40.705926091142565 26.785404141820727 1.8223552549214748
      vertex 40.610551386261896 27.299999999999997 1.3052619222005157
    endloop
  endfacet
  facet normal -0.987358162927069 0.025854883415125554 0.15638217003505805
    outer loop
      vertex 40.610551386261896 27.299999999999997 1.3052619222005157
      vertex 40.69245092436045 27.299999999999997 1.8223552549214748
      vertex 40.61186068234036 27.349999999999998 1.3052619222005157
    endloop
  endfacet
  facet normal -0.984651882832912 -0.07749378380701802 0.15638217003505328
    outer loop
      vertex 40.66486377313383 26.263657922259835 1.3052619222005157
      vertex 40.724999999999994 26.26997849439637 1.687038527855351
      vertex 40.724999999999994 26.543047150759037 1.8223552549214748
    endloop
  endfacet
  facet normal -0.9846518828329116 -0.07749378380700465 0.15638217003506222
    outer loop
      vertex 40.62413879351459 26.781117851178486 1.3052619222005157
      vertex 40.724999999999994 26.543047150759037 1.8223552549214748
      vertex 40.705926091142565 26.785404141820727 1.8223552549214748
    endloop
  endfacet
  facet normal -0.9873581629270693 -0.02585488341511262 0.15638217003505814
    outer loop
      vertex 40.610551386261896 27.299999999999997 1.3052619222005157
      vertex 40.705926091142565 26.785404141820727 1.8223552549214748
      vertex 40.69245092436045 27.299999999999997 1.8223552549214748
    endloop
  endfacet
  facet normal -0.987358162927069 0.025854883415125447 0.15638217003505805
    outer loop
      vertex 40.61186068234036 27.349999999999998 1.3052619222005157
      vertex 40.69245092436045 27.299999999999997 1.8223552549214748
      vertex 40.69376022043891 27.349999999999998 1.8223552549214748
    endloop
  endfacet
  facet normal -0.9751467405102396 -0.07674571288259965 0.2078435229358781
    outer loop
      vertex 40.724999999999994 26.543047150759037 1.8223552549214748
      vertex 40.724999999999994 26.786403763026193 1.912214089247042
      vertex 40.705926091142565 26.785404141820727 1.8223552549214748
    endloop
  endfacet
  facet normal -0.9778268960644277 -0.025605298408592422 0.207843522935919
    outer loop
      vertex 40.705926091142565 26.785404141820727 1.8223552549214748
      vertex 40.724999999999994 27.299999999999997 1.975486616210969
      vertex 40.69245092436045 27.299999999999997 1.8223552549214748
    endloop
  endfacet
  facet normal -0.9778268960644274 0.025605298408605228 0.2078435229359189
    outer loop
      vertex 40.69245092436045 27.299999999999997 1.8223552549214748
      vertex 40.724999999999994 27.299999999999997 1.975486616210969
      vertex 40.69376022043891 27.349999999999998 1.8223552549214748
    endloop
  endfacet
  facet normal -0.9778268960644368 -0.025605298408579717 0.20784352293587746
    outer loop
      vertex 40.705926091142565 26.785404141820727 1.8223552549214748
      vertex 40.724999999999994 26.786403763026193 1.912214089247042
      vertex 40.724999999999994 27.299999999999997 1.975486616210969
    endloop
  endfacet
  facet normal -0.9778268960644293 0.025605298408584363 0.2078435229359125
    outer loop
      vertex 40.69376022043891 27.349999999999998 1.8223552549214748
      vertex 40.724999999999994 27.299999999999997 1.975486616210969
      vertex 40.724999999999994 27.349999999999998 1.9693268624580267
    endloop
  endfacet
  facet normal -0.9778268960644233 -0.02560529840858752 -0.20784352293594074
    outer loop
      vertex 20.792450924360452 27.299999999999997 -1.8223552549214748
      vertex 20.825 27.299999999999997 -1.975486616210969
      vertex 20.825 26.786403763026193 -1.912214089247042
    endloop
  endfacet
  facet normal -0.9778268960644232 0.02560529840858792 -0.20784352293594072
    outer loop
      vertex 20.792450924360452 27.299999999999997 -1.8223552549214748
      vertex 20.825 27.349999999999998 -1.9693268624580267
      vertex 20.825 27.299999999999997 -1.975486616210969
    endloop
  endfacet
  facet normal -0.9751467405102306 -0.07674571288261324 -0.2078435229359149
    outer loop
      vertex 20.805926091142567 26.785404141820727 -1.8223552549214748
      vertex 20.825 26.786403763026193 -1.912214089247042
      vertex 20.825 26.543047150759037 -1.8223552549214748
    endloop
  endfacet
  facet normal -0.9846518828329117 -0.0774937838070191 -0.15638217003505547
    outer loop
      vertex 20.805926091142567 26.785404141820727 -1.8223552549214748
      vertex 20.825 26.543047150759037 -1.8223552549214748
      vertex 20.825 26.26997849439637 -1.687038527855351
    endloop
  endfacet
  facet normal -0.9778268960644285 -0.02560529840859244 -0.2078435229359145
    outer loop
      vertex 20.805926091142567 26.785404141820727 -1.8223552549214748
      vertex 20.792450924360452 27.299999999999997 -1.8223552549214748
      vertex 20.825 26.786403763026193 -1.912214089247042
    endloop
  endfacet
  facet normal -0.977826896064424 0.02560529840860514 -0.207843522935935
    outer loop
      vertex 20.792450924360452 27.299999999999997 -1.8223552549214748
      vertex 20.793760220438912 27.349999999999998 -1.8223552549214748
      vertex 20.825 27.349999999999998 -1.9693268624580267
    endloop
  endfacet
  facet normal -0.9873581629270693 -0.02585488341511262 -0.15638217003505817
    outer loop
      vertex 20.805926091142567 26.785404141820727 -1.8223552549214748
      vertex 20.710551386261898 27.299999999999997 -1.3052619222005157
      vertex 20.792450924360452 27.299999999999997 -1.8223552549214748
    endloop
  endfacet
  facet normal -0.987358162927069 0.025854883415125554 -0.15638217003505805
    outer loop
      vertex 20.792450924360452 27.299999999999997 -1.8223552549214748
      vertex 20.710551386261898 27.299999999999997 -1.3052619222005157
      vertex 20.793760220438912 27.349999999999998 -1.8223552549214748
    endloop
  endfacet
  facet normal -0.9846518828329092 -0.07749378380702249 -0.15638217003506874
    outer loop
      vertex 20.805926091142567 26.785404141820727 -1.8223552549214748
      vertex 20.825 26.26997849439637 -1.687038527855351
      vertex 20.724138793514587 26.781117851178486 -1.3052619222005157
    endloop
  endfacet
  facet normal -0.9792467403702202 -0.12892027912405177 -0.15638217003506263
    outer loop
      vertex 20.825 25.806877929717363 -1.3052619222005157
      vertex 20.764863773133833 26.263657922259835 -1.3052619222005157
      vertex 20.825 26.26997849439637 -1.687038527855351
    endloop
  endfacet
  facet normal -0.9846518828329099 -0.07749378380702744 -0.1563821700350623
    outer loop
      vertex 20.825 26.26997849439637 -1.687038527855351
      vertex 20.764863773133833 26.263657922259835 -1.3052619222005157
      vertex 20.724138793514587 26.781117851178486 -1.3052619222005157
    endloop
  endfacet
  facet normal -0.9860173138436372 -0.12981164203192605 -0.10449303514375145
    outer loop
      vertex 20.825 25.806877929717363 -1.3052619222005157
      vertex 20.825 25.74783248481954 -1.2319097973804498
      vertex 20.764863773133833 26.263657922259835 -1.3052619222005157
    endloop
  endfacet
  facet normal -0.9873581629270679 -0.025854883415101493 -0.15638217003506896
    outer loop
      vertex 20.805926091142567 26.785404141820727 -1.8223552549214748
      vertex 20.724138793514587 26.781117851178486 -1.3052619222005157
      vertex 20.710551386261898 27.299999999999997 -1.3052619222005157
    endloop
  endfacet
  facet normal -0.9873581629270698 0.025854883415055246 -0.15638217003506497
    outer loop
      vertex 20.793760220438912 27.349999999999998 -1.8223552549214748
      vertex 20.710551386261898 27.299999999999997 -1.3052619222005157
      vertex 20.711860682340355 27.349999999999998 -1.3052619222005157
    endloop
  endfacet
  facet normal -0.9860173138436367 -0.12981164203192674 -0.1044930351437567
    outer loop
      vertex 20.825 25.74783248481954 -1.2319097973804498
      vertex 20.71043883730244 26.257937630999894 -0.7845909572784494
      vertex 20.764863773133833 26.263657922259835 -1.3052619222005157
    endloop
  endfacet
  facet normal -0.9914598278008332 -0.0780295806959711 -0.10449303514374973
    outer loop
      vertex 20.764863773133833 26.263657922259835 -1.3052619222005157
      vertex 20.669489068253164 26.778253780439105 -0.7845909572784494
      vertex 20.724138793514587 26.781117851178486 -1.3052619222005157
    endloop
  endfacet
  facet normal -0.9941848192855556 -0.02603364570308461 -0.10449303514375172
    outer loop
      vertex 20.724138793514587 26.781117851178486 -1.3052619222005157
      vertex 20.655826662668723 27.299999999999997 -0.7845909572784494
      vertex 20.710551386261898 27.299999999999997 -1.3052619222005157
    endloop
  endfacet
  facet normal -0.9941848192855567 0.026033645703038205 -0.10449303514375184
    outer loop
      vertex 20.710551386261898 27.299999999999997 -1.3052619222005157
      vertex 20.655826662668723 27.299999999999997 -0.7845909572784494
      vertex 20.711860682340355 27.349999999999998 -1.3052619222005157
    endloop
  endfacet
  facet normal -0.9778721949664156 -0.18123789868018897 -0.10449303514375521
    outer loop
      vertex 20.825 25.74783248481954 -1.2319097973804498
      vertex 20.825 25.489930006256145 -0.7845909572784494
      vertex 20.778563729345976 25.740477702081247 -0.7845909572784494
    endloop
  endfacet
  facet normal -0.9860173138436367 -0.12981164203192774 -0.10449303514375559
    outer loop
      vertex 20.825 25.74783248481954 -1.2319097973804498
      vertex 20.778563729345976 25.740477702081247 -0.7845909572784494
      vertex 20.71043883730244 26.257937630999894 -0.7845909572784494
    endloop
  endfacet
  facet normal -0.9914598278008332 -0.07802958069596393 -0.1044930351437568
    outer loop
      vertex 20.764863773133833 26.263657922259835 -1.3052619222005157
      vertex 20.71043883730244 26.257937630999894 -0.7845909572784494
      vertex 20.669489068253164 26.778253780439105 -0.7845909572784494
    endloop
  endfacet
  facet normal -0.9941848192855557 -0.026033645703086795 -0.10449303514374958
    outer loop
      vertex 20.724138793514587 26.781117851178486 -1.3052619222005157
      vertex 20.669489068253164 26.778253780439105 -0.7845909572784494
      vertex 20.655826662668723 27.299999999999997 -0.7845909572784494
    endloop
  endfacet
  facet normal -0.9941848192855567 0.026033645703038275 -0.10449303514375184
    outer loop
      vertex 20.711860682340355 27.349999999999998 -1.3052619222005157
      vertex 20.655826662668723 27.299999999999997 -0.7845909572784494
      vertex 20.65713595874718 27.349999999999998 -0.7845909572784494
    endloop
  endfacet
  facet normal -0.981908312352139 -0.18198594882169053 -0.05231807111546636
    outer loop
      vertex 20.778563729345976 25.740477702081247 -0.7845909572784494
      vertex 20.825 25.489930006256145 -0.7845909572784494
      vertex 20.823077502668042 25.349999999999998 -0.26176948307873155
    endloop
  endfacet
  facet normal -0.9900870497902298 -0.1303474329338179 -0.05231807111546491
    outer loop
      vertex 20.778563729345976 25.740477702081247 -0.7845909572784494
      vertex 20.683189024465307 26.255073560260513 -0.26176948307873155
      vertex 20.71043883730244 26.257937630999894 -0.7845909572784494
    endloop
  endfacet
  facet normal -0.9955520274449501 -0.07835164379262304 -0.05231807111546831
    outer loop
      vertex 20.71043883730244 26.257937630999894 -0.7845909572784494
      vertex 20.642126706456573 26.776819779821405 -0.26176948307873155
      vertex 20.669489068253164 26.778253780439105 -0.7845909572784494
    endloop
  endfacet
  facet normal -0.998288266192417 -0.02614109824195318 -0.05231807111546277
    outer loop
      vertex 20.669489068253164 26.778253780439105 -0.7845909572784494
      vertex 20.62842675024443 27.299999999999997 -0.26176948307873155
      vertex 20.655826662668723 27.299999999999997 -0.7845909572784494
    endloop
  endfacet
  facet normal -0.9982882661924182 0.026141098241904397 -0.052318071115462834
    outer loop
      vertex 20.655826662668723 27.299999999999997 -0.7845909572784494
      vertex 20.62842675024443 27.299999999999997 -0.26176948307873155
      vertex 20.65713595874718 27.349999999999998 -0.7845909572784494
    endloop
  endfacet
  facet normal -0.981908312352152 -0.18198594882162605 -0.05231807111544915
    outer loop
      vertex 20.825 25.489930006256145 -0.7845909572784494
      vertex 20.825 25.349999999999998 -0.29785101419172294
      vertex 20.823077502668042 25.349999999999998 -0.26176948307873155
    endloop
  endfacet
  facet normal -0.9819083123521408 -0.1819859488216828 -0.05231807111546044
    outer loop
      vertex 20.778563729345976 25.740477702081247 -0.7845909572784494
      vertex 20.823077502668042 25.349999999999998 -0.26176948307873155
      vertex 20.751501155311175 25.736191411439002 -0.26176948307873155
    endloop
  endfacet
  facet normal -0.9900870497902294 -0.13034743293382253 -0.05231807111546029
    outer loop
      vertex 20.778563729345976 25.740477702081247 -0.7845909572784494
      vertex 20.751501155311175 25.736191411439002 -0.26176948307873155
      vertex 20.683189024465307 26.255073560260513 -0.26176948307873155
    endloop
  endfacet
  facet normal -0.9955520274449502 -0.0783516437926266 -0.052318071115464757
    outer loop
      vertex 20.71043883730244 26.257937630999894 -0.7845909572784494
      vertex 20.683189024465307 26.255073560260513 -0.26176948307873155
      vertex 20.642126706456573 26.776819779821405 -0.26176948307873155
    endloop
  endfacet
  facet normal -0.9982882661924167 -0.026141098241947727 -0.05231807111546819
    outer loop
      vertex 20.669489068253164 26.778253780439105 -0.7845909572784494
      vertex 20.642126706456573 26.776819779821405 -0.26176948307873155
      vertex 20.62842675024443 27.299999999999997 -0.26176948307873155
    endloop
  endfacet
  facet normal -0.9982882661924182 0.026141098241904418 -0.052318071115462834
    outer loop
      vertex 20.65713595874718 27.349999999999998 -0.7845909572784494
      vertex 20.62842675024443 27.299999999999997 -0.26176948307873155
      vertex 20.629736046322886 27.349999999999998 -0.26176948307873155
    endloop
  endfacet
  facet normal -0.9832549075639542 -0.1822355254921497 0
    outer loop
      vertex 20.751501155311175 25.736191411439002 -0.26176948307873155
      vertex 20.823077502668042 25.349999999999998 -0.26176948307873155
      vertex 20.823077502668042 25.349999999999998 0.26176948307873155
    endloop
  endfacet
  facet normal -0.99144486137381 -0.13052619222005402 0
    outer loop
      vertex 20.751501155311175 25.736191411439002 -0.26176948307873155
      vertex 20.683189024465307 26.255073560260513 0.26176948307873155
      vertex 20.683189024465307 26.255073560260513 -0.26176948307873155
    endloop
  endfacet
  facet normal -0.9969173337331281 -0.07845909572784458 0
    outer loop
      vertex 20.683189024465307 26.255073560260513 -0.26176948307873155
      vertex 20.642126706456573 26.776819779821405 0.26176948307873155
      vertex 20.642126706456573 26.776819779821405 -0.26176948307873155
    endloop
  endfacet
  facet normal -0.9996573249755576 -0.026176948307866658 0
    outer loop
      vertex 20.642126706456573 26.776819779821405 -0.26176948307873155
      vertex 20.62842675024443 27.299999999999997 0.26176948307873155
      vertex 20.62842675024443 27.299999999999997 -0.26176948307873155
    endloop
  endfacet
  facet normal -0.9996573249755585 0.02617694830782325 0
    outer loop
      vertex 20.62842675024443 27.299999999999997 -0.26176948307873155
      vertex 20.62842675024443 27.299999999999997 0.26176948307873155
      vertex 20.629736046322886 27.349999999999998 -0.26176948307873155
    endloop
  endfacet
  facet normal -0.9832549075639542 -0.1822355254921497 0
    outer loop
      vertex 20.751501155311175 25.736191411439002 -0.26176948307873155
      vertex 20.823077502668042 25.349999999999998 0.26176948307873155
      vertex 20.751501155311175 25.736191411439002 0.26176948307873155
    endloop
  endfacet
  facet normal -0.99144486137381 -0.13052619222005402 0
    outer loop
      vertex 20.751501155311175 25.736191411439002 -0.26176948307873155
      vertex 20.751501155311175 25.736191411439002 0.26176948307873155
      vertex 20.683189024465307 26.255073560260513 0.26176948307873155
    endloop
  endfacet
  facet normal -0.9969173337331281 -0.07845909572784458 0
    outer loop
      vertex 20.683189024465307 26.255073560260513 -0.26176948307873155
      vertex 20.683189024465307 26.255073560260513 0.26176948307873155
      vertex 20.642126706456573 26.776819779821405 0.26176948307873155
    endloop
  endfacet
  facet normal -0.9996573249755576 -0.026176948307866658 0
    outer loop
      vertex 20.642126706456573 26.776819779821405 -0.26176948307873155
      vertex 20.642126706456573 26.776819779821405 0.26176948307873155
      vertex 20.62842675024443 27.299999999999997 0.26176948307873155
    endloop
  endfacet
  facet normal -0.9996573249755585 0.02617694830782325 0
    outer loop
      vertex 20.629736046322886 27.349999999999998 -0.26176948307873155
      vertex 20.62842675024443 27.299999999999997 0.26176948307873155
      vertex 20.629736046322886 27.349999999999998 0.26176948307873155
    endloop
  endfacet
  facet normal -0.9819083123521415 -0.18198594882168292 0.05231807111544851
    outer loop
      vertex 20.751501155311175 25.736191411439002 0.26176948307873155
      vertex 20.823077502668042 25.349999999999998 0.26176948307873155
      vertex 20.825 25.349999999999998 0.29785101419172294
    endloop
  endfacet
  facet normal -0.9900870497902294 -0.13034743293382253 0.05231807111546029
    outer loop
      vertex 20.751501155311175 25.736191411439002 0.26176948307873155
      vertex 20.778563729345976 25.740477702081247 0.7845909572784494
      vertex 20.683189024465307 26.255073560260513 0.26176948307873155
    endloop
  endfacet
  facet normal -0.9819083123521409 -0.18198594882168134 0.05231807111546503
    outer loop
      vertex 20.751501155311175 25.736191411439002 0.26176948307873155
      vertex 20.825 25.349999999999998 0.29785101419172294
      vertex 20.825 25.489930006256145 0.7845909572784494
    endloop
  endfacet
  facet normal -0.9955520274449502 -0.07835164379262659 0.052318071115464757
    outer loop
      vertex 20.683189024465307 26.255073560260513 0.26176948307873155
      vertex 20.71043883730244 26.257937630999894 0.7845909572784494
      vertex 20.642126706456573 26.776819779821405 0.26176948307873155
    endloop
  endfacet
  facet normal -0.9982882661924167 -0.026141098241947734 0.05231807111546819
    outer loop
      vertex 20.642126706456573 26.776819779821405 0.26176948307873155
      vertex 20.669489068253164 26.778253780439105 0.7845909572784494
      vertex 20.62842675024443 27.299999999999997 0.26176948307873155
    endloop
  endfacet
  facet normal -0.9982882661924182 0.026141098241904397 0.052318071115462834
    outer loop
      vertex 20.62842675024443 27.299999999999997 0.26176948307873155
      vertex 20.655826662668723 27.299999999999997 0.7845909572784494
      vertex 20.629736046322886 27.349999999999998 0.26176948307873155
    endloop
  endfacet
  facet normal -0.9819083123521395 -0.18198594882169064 0.052318071115460434
    outer loop
      vertex 20.751501155311175 25.736191411439002 0.26176948307873155
      vertex 20.825 25.489930006256145 0.7845909572784494
      vertex 20.778563729345976 25.740477702081247 0.7845909572784494
    endloop
  endfacet
  facet normal -0.9900870497902298 -0.1303474329338179 0.05231807111546491
    outer loop
      vertex 20.778563729345976 25.740477702081247 0.7845909572784494
      vertex 20.71043883730244 26.257937630999894 0.7845909572784494
      vertex 20.683189024465307 26.255073560260513 0.26176948307873155
    endloop
  endfacet
  facet normal -0.9955520274449501 -0.07835164379262302 0.05231807111546829
    outer loop
      vertex 20.642126706456573 26.776819779821405 0.26176948307873155
      vertex 20.71043883730244 26.257937630999894 0.7845909572784494
      vertex 20.669489068253164 26.778253780439105 0.7845909572784494
    endloop
  endfacet
  facet normal -0.998288266192417 -0.026141098241953178 0.05231807111546277
    outer loop
      vertex 20.62842675024443 27.299999999999997 0.26176948307873155
      vertex 20.669489068253164 26.778253780439105 0.7845909572784494
      vertex 20.655826662668723 27.299999999999997 0.7845909572784494
    endloop
  endfacet
  facet normal -0.9982882661924182 0.026141098241904418 0.052318071115462834
    outer loop
      vertex 20.629736046322886 27.349999999999998 0.26176948307873155
      vertex 20.655826662668723 27.299999999999997 0.7845909572784494
      vertex 20.65713595874718 27.349999999999998 0.7845909572784494
    endloop
  endfacet
  facet normal -0.9778721949664156 -0.18123789868018897 0.1044930351437552
    outer loop
      vertex 20.778563729345976 25.740477702081247 0.7845909572784494
      vertex 20.825 25.489930006256145 0.7845909572784494
      vertex 20.825 25.74783248481954 1.2319097973804498
    endloop
  endfacet
  facet normal -0.9860173138436367 -0.12981164203192772 0.10449303514375519
    outer loop
      vertex 20.778563729345976 25.740477702081247 0.7845909572784494
      vertex 20.825 25.806877929717363 1.3052619222005157
      vertex 20.71043883730244 26.257937630999894 0.7845909572784494
    endloop
  endfacet
  facet normal -0.9914598278008332 -0.07802958069596394 0.1044930351437568
    outer loop
      vertex 20.71043883730244 26.257937630999894 0.7845909572784494
      vertex 20.764863773133833 26.263657922259835 1.3052619222005157
      vertex 20.669489068253164 26.778253780439105 0.7845909572784494
    endloop
  endfacet
  facet normal -0.9941848192855557 -0.026033645703086795 0.10449303514374957
    outer loop
      vertex 20.669489068253164 26.778253780439105 0.7845909572784494
      vertex 20.724138793514587 26.781117851178486 1.3052619222005157
      vertex 20.655826662668723 27.299999999999997 0.7845909572784494
    endloop
  endfacet
  facet normal -0.9941848192855567 0.026033645703038205 0.10449303514375184
    outer loop
      vertex 20.655826662668723 27.299999999999997 0.7845909572784494
      vertex 20.710551386261898 27.299999999999997 1.3052619222005157
      vertex 20.65713595874718 27.349999999999998 0.7845909572784494
    endloop
  endfacet
  facet normal -0.986017313843636 -0.12981164203193124 0.10449303514375559
    outer loop
      vertex 20.778563729345976 25.740477702081247 0.7845909572784494
      vertex 20.825 25.74783248481954 1.2319097973804498
      vertex 20.825 25.806877929717363 1.3052619222005157
    endloop
  endfacet
  facet normal -0.9860173138436367 -0.129811642031926 0.10449303514375667
    outer loop
      vertex 20.71043883730244 26.257937630999894 0.7845909572784494
      vertex 20.825 25.806877929717363 1.3052619222005157
      vertex 20.764863773133833 26.263657922259835 1.3052619222005157
    endloop
  endfacet
  facet normal -0.9914598278008332 -0.07802958069597109 0.10449303514374972
    outer loop
      vertex 20.669489068253164 26.778253780439105 0.7845909572784494
      vertex 20.764863773133833 26.263657922259835 1.3052619222005157
      vertex 20.724138793514587 26.781117851178486 1.3052619222005157
    endloop
  endfacet
  facet normal -0.9941848192855556 -0.026033645703084616 0.10449303514375172
    outer loop
      vertex 20.655826662668723 27.299999999999997 0.7845909572784494
      vertex 20.724138793514587 26.781117851178486 1.3052619222005157
      vertex 20.710551386261898 27.299999999999997 1.3052619222005157
    endloop
  endfacet
  facet normal -0.9941848192855567 0.026033645703038143 0.10449303514375184
    outer loop
      vertex 20.65713595874718 27.349999999999998 0.7845909572784494
      vertex 20.710551386261898 27.299999999999997 1.3052619222005157
      vertex 20.711860682340355 27.349999999999998 1.3052619222005157
    endloop
  endfacet
  facet normal -0.9792467403702202 -0.12892027912405177 0.15638217003506263
    outer loop
      vertex 20.825 25.806877929717363 1.3052619222005157
      vertex 20.825 26.26997849439637 1.687038527855351
      vertex 20.764863773133833 26.263657922259835 1.3052619222005157
    endloop
  endfacet
  facet normal -0.9846518828329095 -0.07749378380702743 0.15638217003506488
    outer loop
      vertex 20.764863773133833 26.263657922259835 1.3052619222005157
      vertex 20.825 26.543047150759037 1.8223552549214748
      vertex 20.724138793514587 26.781117851178486 1.3052619222005157
    endloop
  endfacet
  facet normal -0.9873581629270679 -0.025854883415101483 0.15638217003506893
    outer loop
      vertex 20.724138793514587 26.781117851178486 1.3052619222005157
      vertex 20.805926091142567 26.785404141820727 1.8223552549214748
      vertex 20.710551386261898 27.299999999999997 1.3052619222005157
    endloop
  endfacet
  facet normal -0.9873581629270707 0.02585488341505544 0.15638217003505833
    outer loop
      vertex 20.710551386261898 27.299999999999997 1.3052619222005157
      vertex 20.792450924360452 27.299999999999997 1.8223552549214748
      vertex 20.711860682340355 27.349999999999998 1.3052619222005157
    endloop
  endfacet
  facet normal -0.9846518828329104 -0.0774937838070225 0.15638217003506227
    outer loop
      vertex 20.764863773133833 26.263657922259835 1.3052619222005157
      vertex 20.825 26.26997849439637 1.687038527855351
      vertex 20.825 26.543047150759037 1.8223552549214748
    endloop
  endfacet
  facet normal -0.9846518828329094 -0.07749378380701893 0.15638217003506874
    outer loop
      vertex 20.724138793514587 26.781117851178486 1.3052619222005157
      vertex 20.825 26.543047150759037 1.8223552549214748
      vertex 20.805926091142567 26.785404141820727 1.8223552549214748
    endloop
  endfacet
  facet normal -0.9873581629270693 -0.02585488341511262 0.15638217003505814
    outer loop
      vertex 20.710551386261898 27.299999999999997 1.3052619222005157
      vertex 20.805926091142567 26.785404141820727 1.8223552549214748
      vertex 20.792450924360452 27.299999999999997 1.8223552549214748
    endloop
  endfacet
  facet normal -0.9873581629270679 0.025854883415125686 0.1563821700350647
    outer loop
      vertex 20.711860682340355 27.349999999999998 1.3052619222005157
      vertex 20.792450924360452 27.299999999999997 1.8223552549214748
      vertex 20.793760220438912 27.349999999999998 1.8223552549214748
    endloop
  endfacet
  facet normal -0.9751467405102306 -0.07674571288261324 0.2078435229359149
    outer loop
      vertex 20.805926091142567 26.785404141820727 1.8223552549214748
      vertex 20.825 26.543047150759037 1.8223552549214748
      vertex 20.825 26.786403763026193 1.912214089247042
    endloop
  endfacet
  facet normal -0.9778268960644231 -0.025605298408592297 0.20784352293594072
    outer loop
      vertex 20.805926091142567 26.785404141820727 1.8223552549214748
      vertex 20.825 27.299999999999997 1.975486616210969
      vertex 20.792450924360452 27.299999999999997 1.8223552549214748
    endloop
  endfacet
  facet normal -0.9778268960644229 0.02560529840860511 0.20784352293594063
    outer loop
      vertex 20.792450924360452 27.299999999999997 1.8223552549214748
      vertex 20.825 27.299999999999997 1.975486616210969
      vertex 20.793760220438912 27.349999999999998 1.8223552549214748
    endloop
  endfacet
  facet normal -0.977826896064429 -0.025605298408584283 0.20784352293591452
    outer loop
      vertex 20.805926091142567 26.785404141820727 1.8223552549214748
      vertex 20.825 26.786403763026193 1.912214089247042
      vertex 20.825 27.299999999999997 1.975486616210969
    endloop
  endfacet
  facet normal -0.9778268960644244 0.02560529840858724 0.2078435229359351
    outer loop
      vertex 20.793760220438912 27.349999999999998 1.8223552549214748
      vertex 20.825 27.299999999999997 1.975486616210969
      vertex 20.825 27.349999999999998 1.9693268624580267
    endloop
  endfacet
  facet normal -0.9778268960644265 -0.025605298408585678 -0.20784352293592584
    outer loop
      vertex 0.925 26.786403763026193 -1.912214089247042
      vertex 0.892450924360455 27.299999999999997 -1.8223552549214748
      vertex 0.925 27.299999999999997 -1.975486616210969
    endloop
  endfacet
  facet normal -0.9778268960644265 0.025605298408586035 -0.20784352293592578
    outer loop
      vertex 0.925 27.299999999999997 -1.975486616210969
      vertex 0.892450924360455 27.299999999999997 -1.8223552549214748
      vertex 0.925 27.349999999999998 -1.9693268624580267
    endloop
  endfacet
  facet normal -0.975146740510228 -0.07674571288261749 -0.2078435229359264
    outer loop
      vertex 0.925 26.786403763026193 -1.912214089247042
      vertex 0.925 26.543047150759037 -1.8223552549214748
      vertex 0.9059260911425664 26.785404141820727 -1.8223552549214748
    endloop
  endfacet
  facet normal -0.9846518828329098 -0.07749378380702346 -0.15638217003506427
    outer loop
      vertex 0.925 26.543047150759037 -1.8223552549214748
      vertex 0.925 26.26997849439637 -1.687038527855351
      vertex 0.9059260911425664 26.785404141820727 -1.8223552549214748
    endloop
  endfacet
  facet normal -0.9778268960644263 -0.025605298408585633 -0.20784352293592603
    outer loop
      vertex 0.925 26.786403763026193 -1.912214089247042
      vertex 0.9059260911425664 26.785404141820727 -1.8223552549214748
      vertex 0.892450924360455 27.299999999999997 -1.8223552549214748
    endloop
  endfacet
  facet normal -0.9778268960644264 0.02560529840858556 -0.20784352293592592
    outer loop
      vertex 0.925 27.349999999999998 -1.9693268624580267
      vertex 0.892450924360455 27.299999999999997 -1.8223552549214748
      vertex 0.8937602204389145 27.349999999999998 -1.8223552549214748
    endloop
  endfacet
  facet normal -0.9873581629270684 -0.025854883415105775 -0.15638217003506477
    outer loop
      vertex 0.9059260911425664 26.785404141820727 -1.8223552549214748
      vertex 0.8105513862618974 27.299999999999997 -1.3052619222005157
      vertex 0.892450924360455 27.299999999999997 -1.8223552549214748
    endloop
  endfacet
  facet normal -0.9873581629270685 0.025854883415105806 -0.15638217003506477
    outer loop
      vertex 0.892450924360455 27.299999999999997 -1.8223552549214748
      vertex 0.8105513862618974 27.299999999999997 -1.3052619222005157
      vertex 0.8937602204389145 27.349999999999998 -1.8223552549214748
    endloop
  endfacet
  facet normal -0.9846518828329098 -0.07749378380702378 -0.15638217003506547
    outer loop
      vertex 0.9059260911425664 26.785404141820727 -1.8223552549214748
      vertex 0.925 26.26997849439637 -1.687038527855351
      vertex 0.8241387935145887 26.781117851178486 -1.3052619222005157
    endloop
  endfacet
  facet normal -0.9792467403702194 -0.12892027912405407 -0.1563821700350654
    outer loop
      vertex 0.925 25.806877929717363 -1.3052619222005157
      vertex 0.8648637731338322 26.263657922259835 -1.3052619222005157
      vertex 0.925 26.26997849439637 -1.687038527855351
    endloop
  endfacet
  facet normal -0.9846518828329096 -0.07749378380702404 -0.15638217003506505
    outer loop
      vertex 0.925 26.26997849439637 -1.687038527855351
      vertex 0.8648637731338322 26.263657922259835 -1.3052619222005157
      vertex 0.8241387935145887 26.781117851178486 -1.3052619222005157
    endloop
  endfacet
  facet normal -0.9860173138436368 -0.1298116420319284 -0.10449303514375333
    outer loop
      vertex 0.925 25.806877929717363 -1.3052619222005157
      vertex 0.925 25.74783248481954 -1.2319097973804498
      vertex 0.8648637731338322 26.263657922259835 -1.3052619222005157
    endloop
  endfacet
  facet normal -0.9873581629270685 0.025854883415105823 -0.15638217003506477
    outer loop
      vertex 0.8937602204389145 27.349999999999998 -1.8223552549214748
      vertex 0.8105513862618974 27.299999999999997 -1.3052619222005157
      vertex 0.8118606823403568 27.349999999999998 -1.3052619222005157
    endloop
  endfacet
  facet normal -0.9873581629270682 -0.025854883415104873 -0.1563821700350657
    outer loop
      vertex 0.9059260911425664 26.785404141820727 -1.8223552549214748
      vertex 0.8241387935145887 26.781117851178486 -1.3052619222005157
      vertex 0.8105513862618974 27.299999999999997 -1.3052619222005157
    endloop
  endfacet
  facet normal -0.986017313843637 -0.12981164203192797 -0.10449303514375002
    outer loop
      vertex 0.925 25.74783248481954 -1.2319097973804498
      vertex 0.8104388373024438 26.257937630999894 -0.7845909572784494
      vertex 0.8648637731338322 26.263657922259835 -1.3052619222005157
    endloop
  endfacet
  facet normal -0.9914598278008336 -0.07802958069596773 -0.10449303514374975
    outer loop
      vertex 0.8648637731338322 26.263657922259835 -1.3052619222005157
      vertex 0.769489068253165 26.778253780439105 -0.7845909572784494
      vertex 0.8241387935145887 26.781117851178486 -1.3052619222005157
    endloop
  endfacet
  facet normal -0.9941848192855556 -0.026033645703088013 -0.10449303514375172
    outer loop
      vertex 0.8241387935145887 26.781117851178486 -1.3052619222005157
      vertex 0.7558266626687224 27.299999999999997 -0.7845909572784494
      vertex 0.8105513862618974 27.299999999999997 -1.3052619222005157
    endloop
  endfacet
  facet normal -0.9941848192855556 0.02603364570308895 -0.10449303514375172
    outer loop
      vertex 0.8105513862618974 27.299999999999997 -1.3052619222005157
      vertex 0.7558266626687224 27.299999999999997 -0.7845909572784494
      vertex 0.8118606823403568 27.349999999999998 -1.3052619222005157
    endloop
  endfacet
  facet normal -0.9914598278008336 -0.07802958069596735 -0.10449303514375011
    outer loop
      vertex 0.8648637731338322 26.263657922259835 -1.3052619222005157
      vertex 0.8104388373024438 26.257937630999894 -0.7845909572784494
      vertex 0.769489068253165 26.778253780439105 -0.7845909572784494
    endloop
  endfacet
  facet normal -0.9778721949664179 -0.18123789868017984 -0.10449303514374997
    outer loop
      vertex 0.925 25.74783248481954 -1.2319097973804498
      vertex 0.925 25.489930006256145 -0.7845909572784494
      vertex 0.8785637293459789 25.740477702081247 -0.7845909572784494
    endloop
  endfacet
  facet normal -0.9860173138436371 -0.12981164203192777 -0.10449303514375025
    outer loop
      vertex 0.925 25.74783248481954 -1.2319097973804498
      vertex 0.8785637293459789 25.740477702081247 -0.7845909572784494
      vertex 0.8104388373024438 26.257937630999894 -0.7845909572784494
    endloop
  endfacet
  facet normal -0.9941848192855557 -0.026033645703090174 -0.1044930351437496
    outer loop
      vertex 0.8241387935145887 26.781117851178486 -1.3052619222005157
      vertex 0.769489068253165 26.778253780439105 -0.7845909572784494
      vertex 0.7558266626687224 27.299999999999997 -0.7845909572784494
    endloop
  endfacet
  facet normal -0.9941848192855554 0.026033645703091107 -0.10449303514375148
    outer loop
      vertex 0.8118606823403568 27.349999999999998 -1.3052619222005157
      vertex 0.7558266626687224 27.299999999999997 -0.7845909572784494
      vertex 0.757135958747182 27.349999999999998 -0.7845909572784494
    endloop
  endfacet
  facet normal -0.9900870497902298 -0.1303474329338179 -0.05231807111546491
    outer loop
      vertex 0.8785637293459789 25.740477702081247 -0.7845909572784494
      vertex 0.7831890244653099 26.255073560260513 -0.26176948307873155
      vertex 0.8104388373024438 26.257937630999894 -0.7845909572784494
    endloop
  endfacet
  facet normal -0.9819083123521408 -0.18198594882168131 -0.05231807111546495
    outer loop
      vertex 0.925 25.489930006256145 -0.7845909572784494
      vertex 0.9230775026680421 25.349999999999998 -0.26176948307873155
      vertex 0.8785637293459789 25.740477702081247 -0.7845909572784494
    endloop
  endfacet
  facet normal -0.9955520274449501 -0.07835164379262642 -0.05231807111546493
    outer loop
      vertex 0.769489068253165 26.778253780439105 -0.7845909572784494
      vertex 0.8104388373024438 26.257937630999894 -0.7845909572784494
      vertex 0.7421267064565757 26.776819779821405 -0.26176948307873155
    endloop
  endfacet
  facet normal -0.998288266192417 -0.02614109824195658 -0.05231807111546277
    outer loop
      vertex 0.769489068253165 26.778253780439105 -0.7845909572784494
      vertex 0.728426750244429 27.299999999999997 -0.26176948307873155
      vertex 0.7558266626687224 27.299999999999997 -0.7845909572784494
    endloop
  endfacet
  facet normal -0.9982882661924168 0.026141098241957563 -0.052318071115462765
    outer loop
      vertex 0.7558266626687224 27.299999999999997 -0.7845909572784494
      vertex 0.728426750244429 27.299999999999997 -0.26176948307873155
      vertex 0.757135958747182 27.349999999999998 -0.7845909572784494
    endloop
  endfacet
  facet normal -0.9819083123521418 -0.18198594882167668 -0.05231807111546371
    outer loop
      vertex 0.925 25.489930006256145 -0.7845909572784494
      vertex 0.925 25.349999999999998 -0.29785101419172294
      vertex 0.9230775026680421 25.349999999999998 -0.26176948307873155
    endloop
  endfacet
  facet normal -0.9900870497902297 -0.13034743293381917 -0.05231807111546364
    outer loop
      vertex 0.8785637293459789 25.740477702081247 -0.7845909572784494
      vertex 0.8515011553111762 25.736191411439002 -0.26176948307873155
      vertex 0.7831890244653099 26.255073560260513 -0.26176948307873155
    endloop
  endfacet
  facet normal -0.9955520274449502 -0.0783516437926266 -0.052318071115464757
    outer loop
      vertex 0.8104388373024438 26.257937630999894 -0.7845909572784494
      vertex 0.7831890244653099 26.255073560260513 -0.26176948307873155
      vertex 0.7421267064565757 26.776819779821405 -0.26176948307873155
    endloop
  endfacet
  facet normal -0.9819083123521413 -0.1819859488216798 -0.05231807111546378
    outer loop
      vertex 0.8785637293459789 25.740477702081247 -0.7845909572784494
      vertex 0.9230775026680421 25.349999999999998 -0.26176948307873155
      vertex 0.8515011553111762 25.736191411439002 -0.26176948307873155
    endloop
  endfacet
  facet normal -0.9982882661924167 -0.02614109824195451 -0.052318071115464805
    outer loop
      vertex 0.769489068253165 26.778253780439105 -0.7845909572784494
      vertex 0.7421267064565757 26.776819779821405 -0.26176948307873155
      vertex 0.728426750244429 27.299999999999997 -0.26176948307873155
    endloop
  endfacet
  facet normal -0.9982882661924168 0.026141098241955395 -0.05231807111546298
    outer loop
      vertex 0.757135958747182 27.349999999999998 -0.7845909572784494
      vertex 0.728426750244429 27.299999999999997 -0.26176948307873155
      vertex 0.7297360463228885 27.349999999999998 -0.26176948307873155
    endloop
  endfacet
  facet normal -0.9914448613738106 -0.1305261922200507 0
    outer loop
      vertex 0.8515011553111762 25.736191411439002 -0.26176948307873155
      vertex 0.7831890244653099 26.255073560260513 0.26176948307873155
      vertex 0.7831890244653099 26.255073560260513 -0.26176948307873155
    endloop
  endfacet
  facet normal -0.9832549075639547 -0.1822355254921467 0
    outer loop
      vertex 0.9230775026680421 25.349999999999998 -0.26176948307873155
      vertex 0.9230775026680421 25.349999999999998 0.26176948307873155
      vertex 0.8515011553111762 25.736191411439002 -0.26176948307873155
    endloop
  endfacet
  facet normal -0.9969173337331281 -0.07845909572784458 0
    outer loop
      vertex 0.7831890244653099 26.255073560260513 -0.26176948307873155
      vertex 0.7421267064565757 26.776819779821405 0.26176948307873155
      vertex 0.7421267064565757 26.776819779821405 -0.26176948307873155
    endloop
  endfacet
  facet normal -0.9996573249755574 -0.02617694830787344 0
    outer loop
      vertex 0.7421267064565757 26.776819779821405 -0.26176948307873155
      vertex 0.728426750244429 27.299999999999997 0.26176948307873155
      vertex 0.728426750244429 27.299999999999997 -0.26176948307873155
    endloop
  endfacet
  facet normal -0.9996573249755571 0.026176948307874266 0
    outer loop
      vertex 0.728426750244429 27.299999999999997 -0.26176948307873155
      vertex 0.728426750244429 27.299999999999997 0.26176948307873155
      vertex 0.7297360463228885 27.349999999999998 -0.26176948307873155
    endloop
  endfacet
  facet normal -0.9914448613738106 -0.1305261922200507 0
    outer loop
      vertex 0.8515011553111762 25.736191411439002 -0.26176948307873155
      vertex 0.8515011553111762 25.736191411439002 0.26176948307873155
      vertex 0.7831890244653099 26.255073560260513 0.26176948307873155
    endloop
  endfacet
  facet normal -0.9969173337331281 -0.07845909572784458 0
    outer loop
      vertex 0.7831890244653099 26.255073560260513 -0.26176948307873155
      vertex 0.7831890244653099 26.255073560260513 0.26176948307873155
      vertex 0.7421267064565757 26.776819779821405 0.26176948307873155
    endloop
  endfacet
  facet normal -0.9832549075639547 -0.1822355254921467 0
    outer loop
      vertex 0.8515011553111762 25.736191411439002 -0.26176948307873155
      vertex 0.9230775026680421 25.349999999999998 0.26176948307873155
      vertex 0.8515011553111762 25.736191411439002 0.26176948307873155
    endloop
  endfacet
  facet normal -0.9996573249755574 -0.02617694830787344 0
    outer loop
      vertex 0.7421267064565757 26.776819779821405 -0.26176948307873155
      vertex 0.7421267064565757 26.776819779821405 0.26176948307873155
      vertex 0.728426750244429 27.299999999999997 0.26176948307873155
    endloop
  endfacet
  facet normal -0.9996573249755571 0.026176948307874266 0
    outer loop
      vertex 0.7297360463228885 27.349999999999998 -0.26176948307873155
      vertex 0.728426750244429 27.299999999999997 0.26176948307873155
      vertex 0.7297360463228885 27.349999999999998 0.26176948307873155
    endloop
  endfacet
  facet normal -0.9819083123521413 -0.18198594882167982 0.05231807111546381
    outer loop
      vertex 0.9230775026680421 25.349999999999998 0.26176948307873155
      vertex 0.925 25.349999999999998 0.29785101419172294
      vertex 0.8515011553111762 25.736191411439002 0.26176948307873155
    endloop
  endfacet
  facet normal -0.9900870497902297 -0.13034743293381917 0.05231807111546364
    outer loop
      vertex 0.8515011553111762 25.736191411439002 0.26176948307873155
      vertex 0.8785637293459789 25.740477702081247 0.7845909572784494
      vertex 0.7831890244653099 26.255073560260513 0.26176948307873155
    endloop
  endfacet
  facet normal -0.9955520274449502 -0.07835164379262659 0.052318071115464757
    outer loop
      vertex 0.7831890244653099 26.255073560260513 0.26176948307873155
      vertex 0.8104388373024438 26.257937630999894 0.7845909572784494
      vertex 0.7421267064565757 26.776819779821405 0.26176948307873155
    endloop
  endfacet
  facet normal -0.9819083123521413 -0.18198594882167973 0.05231807111546458
    outer loop
      vertex 0.8515011553111762 25.736191411439002 0.26176948307873155
      vertex 0.925 25.349999999999998 0.29785101419172294
      vertex 0.925 25.489930006256145 0.7845909572784494
    endloop
  endfacet
  facet normal -0.9982882661924167 -0.026141098241954513 0.052318071115464826
    outer loop
      vertex 0.7421267064565757 26.776819779821405 0.26176948307873155
      vertex 0.769489068253165 26.778253780439105 0.7845909572784494
      vertex 0.728426750244429 27.299999999999997 0.26176948307873155
    endloop
  endfacet
  facet normal -0.9982882661924168 0.02614109824195535 0.052318071115462765
    outer loop
      vertex 0.728426750244429 27.299999999999997 0.26176948307873155
      vertex 0.7558266626687224 27.299999999999997 0.7845909572784494
      vertex 0.7297360463228885 27.349999999999998 0.26176948307873155
    endloop
  endfacet
  facet normal -0.9900870497902298 -0.1303474329338179 0.05231807111546491
    outer loop
      vertex 0.8785637293459789 25.740477702081247 0.7845909572784494
      vertex 0.8104388373024438 26.257937630999894 0.7845909572784494
      vertex 0.7831890244653099 26.255073560260513 0.26176948307873155
    endloop
  endfacet
  facet normal -0.981908312352141 -0.18198594882168137 0.05231807111546378
    outer loop
      vertex 0.8515011553111762 25.736191411439002 0.26176948307873155
      vertex 0.925 25.489930006256145 0.7845909572784494
      vertex 0.8785637293459789 25.740477702081247 0.7845909572784494
    endloop
  endfacet
  facet normal -0.9955520274449501 -0.07835164379262642 0.05231807111546492
    outer loop
      vertex 0.7421267064565757 26.776819779821405 0.26176948307873155
      vertex 0.8104388373024438 26.257937630999894 0.7845909572784494
      vertex 0.769489068253165 26.778253780439105 0.7845909572784494
    endloop
  endfacet
  facet normal -0.998288266192417 -0.02614109824195658 0.05231807111546277
    outer loop
      vertex 0.728426750244429 27.299999999999997 0.26176948307873155
      vertex 0.769489068253165 26.778253780439105 0.7845909572784494
      vertex 0.7558266626687224 27.299999999999997 0.7845909572784494
    endloop
  endfacet
  facet normal -0.9982882661924168 0.026141098241957515 0.05231807111546298
    outer loop
      vertex 0.7297360463228885 27.349999999999998 0.26176948307873155
      vertex 0.7558266626687224 27.299999999999997 0.7845909572784494
      vertex 0.757135958747182 27.349999999999998 0.7845909572784494
    endloop
  endfacet
  facet normal -0.9914598278008336 -0.07802958069596735 0.10449303514375011
    outer loop
      vertex 0.769489068253165 26.778253780439105 0.7845909572784494
      vertex 0.8104388373024438 26.257937630999894 0.7845909572784494
      vertex 0.8648637731338322 26.263657922259835 1.3052619222005157
    endloop
  endfacet
  facet normal -0.9778721949664179 -0.18123789868017984 0.10449303514374997
    outer loop
      vertex 0.925 25.489930006256145 0.7845909572784494
      vertex 0.925 25.74783248481954 1.2319097973804498
      vertex 0.8785637293459789 25.740477702081247 0.7845909572784494
    endloop
  endfacet
  facet normal -0.9860173138436371 -0.12981164203192777 0.1044930351437506
    outer loop
      vertex 0.8785637293459789 25.740477702081247 0.7845909572784494
      vertex 0.925 25.806877929717363 1.3052619222005157
      vertex 0.8104388373024438 26.257937630999894 0.7845909572784494
    endloop
  endfacet
  facet normal -0.9941848192855557 -0.02603364570309018 0.1044930351437496
    outer loop
      vertex 0.769489068253165 26.778253780439105 0.7845909572784494
      vertex 0.8241387935145887 26.781117851178486 1.3052619222005157
      vertex 0.7558266626687224 27.299999999999997 0.7845909572784494
    endloop
  endfacet
  facet normal -0.9941848192855554 0.026033645703091152 0.1044930351437517
    outer loop
      vertex 0.7558266626687224 27.299999999999997 0.7845909572784494
      vertex 0.8105513862618974 27.299999999999997 1.3052619222005157
      vertex 0.757135958747182 27.349999999999998 0.7845909572784494
    endloop
  endfacet
  facet normal -0.9860173138436374 -0.12981164203192455 0.10449303514375023
    outer loop
      vertex 0.8785637293459789 25.740477702081247 0.7845909572784494
      vertex 0.925 25.74783248481954 1.2319097973804498
      vertex 0.925 25.806877929717363 1.3052619222005157
    endloop
  endfacet
  facet normal -0.986017313843637 -0.12981164203192844 0.10449303514375001
    outer loop
      vertex 0.8104388373024438 26.257937630999894 0.7845909572784494
      vertex 0.925 25.806877929717363 1.3052619222005157
      vertex 0.8648637731338322 26.263657922259835 1.3052619222005157
    endloop
  endfacet
  facet normal -0.9914598278008336 -0.07802958069596773 0.10449303514374976
    outer loop
      vertex 0.769489068253165 26.778253780439105 0.7845909572784494
      vertex 0.8648637731338322 26.263657922259835 1.3052619222005157
      vertex 0.8241387935145887 26.781117851178486 1.3052619222005157
    endloop
  endfacet
  facet normal -0.9941848192855556 -0.026033645703088013 0.10449303514375172
    outer loop
      vertex 0.7558266626687224 27.299999999999997 0.7845909572784494
      vertex 0.8241387935145887 26.781117851178486 1.3052619222005157
      vertex 0.8105513862618974 27.299999999999997 1.3052619222005157
    endloop
  endfacet
  facet normal -0.9941848192855556 0.02603364570308899 0.1044930351437515
    outer loop
      vertex 0.757135958747182 27.349999999999998 0.7845909572784494
      vertex 0.8105513862618974 27.299999999999997 1.3052619222005157
      vertex 0.8118606823403568 27.349999999999998 1.3052619222005157
    endloop
  endfacet
  facet normal -0.9792467403702194 -0.12892027912405407 0.1563821700350654
    outer loop
      vertex 0.925 25.806877929717363 1.3052619222005157
      vertex 0.925 26.26997849439637 1.687038527855351
      vertex 0.8648637731338322 26.263657922259835 1.3052619222005157
    endloop
  endfacet
  facet normal -0.9873581629270685 0.025854883415105806 0.15638217003506477
    outer loop
      vertex 0.8105513862618974 27.299999999999997 1.3052619222005157
      vertex 0.892450924360455 27.299999999999997 1.8223552549214748
      vertex 0.8118606823403568 27.349999999999998 1.3052619222005157
    endloop
  endfacet
  facet normal -0.9846518828329097 -0.07749378380702406 0.1563821700350652
    outer loop
      vertex 0.8648637731338322 26.263657922259835 1.3052619222005157
      vertex 0.925 26.543047150759037 1.8223552549214748
      vertex 0.8241387935145887 26.781117851178486 1.3052619222005157
    endloop
  endfacet
  facet normal -0.9873581629270682 -0.025854883415104873 0.15638217003506563
    outer loop
      vertex 0.8241387935145887 26.781117851178486 1.3052619222005157
      vertex 0.9059260911425664 26.785404141820727 1.8223552549214748
      vertex 0.8105513862618974 27.299999999999997 1.3052619222005157
    endloop
  endfacet
  facet normal -0.9846518828329097 -0.07749378380702385 0.15638217003506508
    outer loop
      vertex 0.8648637731338322 26.263657922259835 1.3052619222005157
      vertex 0.925 26.26997849439637 1.687038527855351
      vertex 0.925 26.543047150759037 1.8223552549214748
    endloop
  endfacet
  facet normal -0.9846518828329096 -0.07749378380702347 0.15638217003506547
    outer loop
      vertex 0.8241387935145887 26.781117851178486 1.3052619222005157
      vertex 0.925 26.543047150759037 1.8223552549214748
      vertex 0.9059260911425664 26.785404141820727 1.8223552549214748
    endloop
  endfacet
  facet normal -0.9873581629270684 -0.02585488341510577 0.15638217003506477
    outer loop
      vertex 0.8105513862618974 27.299999999999997 1.3052619222005157
      vertex 0.9059260911425664 26.785404141820727 1.8223552549214748
      vertex 0.892450924360455 27.299999999999997 1.8223552549214748
    endloop
  endfacet
  facet normal -0.9873581629270685 0.025854883415105823 0.15638217003506477
    outer loop
      vertex 0.8118606823403568 27.349999999999998 1.3052619222005157
      vertex 0.892450924360455 27.299999999999997 1.8223552549214748
      vertex 0.8937602204389145 27.349999999999998 1.8223552549214748
    endloop
  endfacet
  facet normal -0.975146740510228 -0.07674571288261749 0.20784352293592642
    outer loop
      vertex 0.925 26.543047150759037 1.8223552549214748
      vertex 0.925 26.786403763026193 1.912214089247042
      vertex 0.9059260911425664 26.785404141820727 1.8223552549214748
    endloop
  endfacet
  facet normal -0.9778268960644264 -0.02560529840858564 0.20784352293592584
    outer loop
      vertex 0.9059260911425664 26.785404141820727 1.8223552549214748
      vertex 0.925 27.299999999999997 1.975486616210969
      vertex 0.892450924360455 27.299999999999997 1.8223552549214748
    endloop
  endfacet
  facet normal -0.9778268960644265 0.025605298408585664 0.20784352293592578
    outer loop
      vertex 0.892450924360455 27.299999999999997 1.8223552549214748
      vertex 0.925 27.299999999999997 1.975486616210969
      vertex 0.8937602204389145 27.349999999999998 1.8223552549214748
    endloop
  endfacet
  facet normal -0.9778268960644264 -0.025605298408585705 0.20784352293592606
    outer loop
      vertex 0.9059260911425664 26.785404141820727 1.8223552549214748
      vertex 0.925 26.786403763026193 1.912214089247042
      vertex 0.925 27.299999999999997 1.975486616210969
    endloop
  endfacet
  facet normal -0.9778268960644264 0.02560529840858602 0.20784352293592592
    outer loop
      vertex 0.8937602204389145 27.349999999999998 1.8223552549214748
      vertex 0.925 27.299999999999997 1.975486616210969
      vertex 0.925 27.349999999999998 1.9693268624580267
    endloop
  endfacet
  facet normal -0.9778268960644233 -0.02560529840858752 -0.20784352293594074
    outer loop
      vertex -18.974999999999998 26.786403763026193 -1.912214089247042
      vertex -19.007549075639545 27.299999999999997 -1.8223552549214748
      vertex -18.974999999999998 27.299999999999997 -1.975486616210969
    endloop
  endfacet
  facet normal -0.9778268960644232 0.025605298408587874 -0.20784352293594072
    outer loop
      vertex -18.974999999999998 27.299999999999997 -1.975486616210969
      vertex -19.007549075639545 27.299999999999997 -1.8223552549214748
      vertex -18.974999999999998 27.349999999999998 -1.9693268624580267
    endloop
  endfacet
  facet normal -0.9751467405102309 -0.07674571288261324 -0.2078435229359149
    outer loop
      vertex -18.974999999999998 26.786403763026193 -1.912214089247042
      vertex -18.974999999999998 26.543047150759037 -1.8223552549214748
      vertex -18.99407390885743 26.785404141820727 -1.8223552549214748
    endloop
  endfacet
  facet normal -0.9846518828329117 -0.0774937838070191 -0.15638217003505547
    outer loop
      vertex -18.974999999999998 26.543047150759037 -1.8223552549214748
      vertex -18.974999999999998 26.26997849439637 -1.687038527855351
      vertex -18.99407390885743 26.785404141820727 -1.8223552549214748
    endloop
  endfacet
  facet normal -0.9778268960644285 -0.02560529840859244 -0.2078435229359145
    outer loop
      vertex -18.974999999999998 26.786403763026193 -1.912214089247042
      vertex -18.99407390885743 26.785404141820727 -1.8223552549214748
      vertex -19.007549075639545 27.299999999999997 -1.8223552549214748
    endloop
  endfacet
  facet normal -0.977826896064424 0.025605298408605117 -0.207843522935935
    outer loop
      vertex -18.974999999999998 27.349999999999998 -1.9693268624580267
      vertex -19.007549075639545 27.299999999999997 -1.8223552549214748
      vertex -19.006239779561085 27.349999999999998 -1.8223552549214748
    endloop
  endfacet
  facet normal -0.9873581629270693 -0.02585488341511262 -0.15638217003505817
    outer loop
      vertex -18.99407390885743 26.785404141820727 -1.8223552549214748
      vertex -19.0894486137381 27.299999999999997 -1.3052619222005157
      vertex -19.007549075639545 27.299999999999997 -1.8223552549214748
    endloop
  endfacet
  facet normal -0.987358162927069 0.025854883415125554 -0.15638217003505805
    outer loop
      vertex -19.007549075639545 27.299999999999997 -1.8223552549214748
      vertex -19.0894486137381 27.299999999999997 -1.3052619222005157
      vertex -19.006239779561085 27.349999999999998 -1.8223552549214748
    endloop
  endfacet
  facet normal -0.9846518828329092 -0.07749378380702249 -0.15638217003506874
    outer loop
      vertex -18.99407390885743 26.785404141820727 -1.8223552549214748
      vertex -18.974999999999998 26.26997849439637 -1.687038527855351
      vertex -19.07586120648541 26.781117851178486 -1.3052619222005157
    endloop
  endfacet
  facet normal -0.9792467403702202 -0.12892027912405177 -0.15638217003506263
    outer loop
      vertex -18.974999999999998 25.806877929717363 -1.3052619222005157
      vertex -19.035136226866165 26.263657922259835 -1.3052619222005157
      vertex -18.974999999999998 26.26997849439637 -1.687038527855351
    endloop
  endfacet
  facet normal -0.9846518828329099 -0.07749378380702744 -0.1563821700350623
    outer loop
      vertex -18.974999999999998 26.26997849439637 -1.687038527855351
      vertex -19.035136226866165 26.263657922259835 -1.3052619222005157
      vertex -19.07586120648541 26.781117851178486 -1.3052619222005157
    endloop
  endfacet
  facet normal -0.9860173138436372 -0.12981164203192605 -0.10449303514375145
    outer loop
      vertex -18.974999999999998 25.806877929717363 -1.3052619222005157
      vertex -18.974999999999998 25.74783248481954 -1.2319097973804498
      vertex -19.035136226866165 26.263657922259835 -1.3052619222005157
    endloop
  endfacet
  facet normal -0.9873581629270679 -0.025854883415101493 -0.15638217003506896
    outer loop
      vertex -18.99407390885743 26.785404141820727 -1.8223552549214748
      vertex -19.07586120648541 26.781117851178486 -1.3052619222005157
      vertex -19.0894486137381 27.299999999999997 -1.3052619222005157
    endloop
  endfacet
  facet normal -0.9873581629270698 0.025854883415055246 -0.15638217003506497
    outer loop
      vertex -19.006239779561085 27.349999999999998 -1.8223552549214748
      vertex -19.0894486137381 27.299999999999997 -1.3052619222005157
      vertex -19.088139317659643 27.349999999999998 -1.3052619222005157
    endloop
  endfacet
  facet normal -0.9860173138436367 -0.12981164203192674 -0.1044930351437567
    outer loop
      vertex -18.974999999999998 25.74783248481954 -1.2319097973804498
      vertex -19.089561162697557 26.257937630999894 -0.7845909572784494
      vertex -19.035136226866165 26.263657922259835 -1.3052619222005157
    endloop
  endfacet
  facet normal -0.9914598278008332 -0.0780295806959711 -0.10449303514374973
    outer loop
      vertex -19.035136226866165 26.263657922259835 -1.3052619222005157
      vertex -19.130510931746834 26.778253780439105 -0.7845909572784494
      vertex -19.07586120648541 26.781117851178486 -1.3052619222005157
    endloop
  endfacet
  facet normal -0.9941848192855556 -0.02603364570308461 -0.10449303514375172
    outer loop
      vertex -19.07586120648541 26.781117851178486 -1.3052619222005157
      vertex -19.144173337331274 27.299999999999997 -0.7845909572784494
      vertex -19.0894486137381 27.299999999999997 -1.3052619222005157
    endloop
  endfacet
  facet normal -0.9941848192855567 0.026033645703038205 -0.10449303514375184
    outer loop
      vertex -19.0894486137381 27.299999999999997 -1.3052619222005157
      vertex -19.144173337331274 27.299999999999997 -0.7845909572784494
      vertex -19.088139317659643 27.349999999999998 -1.3052619222005157
    endloop
  endfacet
  facet normal -0.9778721949664156 -0.18123789868018897 -0.10449303514375521
    outer loop
      vertex -18.974999999999998 25.74783248481954 -1.2319097973804498
      vertex -18.974999999999998 25.489930006256145 -0.7845909572784494
      vertex -19.02143627065402 25.740477702081247 -0.7845909572784494
    endloop
  endfacet
  facet normal -0.9860173138436367 -0.12981164203192774 -0.10449303514375559
    outer loop
      vertex -18.974999999999998 25.74783248481954 -1.2319097973804498
      vertex -19.02143627065402 25.740477702081247 -0.7845909572784494
      vertex -19.089561162697557 26.257937630999894 -0.7845909572784494
    endloop
  endfacet
  facet normal -0.9914598278008332 -0.07802958069596393 -0.1044930351437568
    outer loop
      vertex -19.035136226866165 26.263657922259835 -1.3052619222005157
      vertex -19.089561162697557 26.257937630999894 -0.7845909572784494
      vertex -19.130510931746834 26.778253780439105 -0.7845909572784494
    endloop
  endfacet
  facet normal -0.9941848192855557 -0.026033645703086795 -0.10449303514374958
    outer loop
      vertex -19.07586120648541 26.781117851178486 -1.3052619222005157
      vertex -19.130510931746834 26.778253780439105 -0.7845909572784494
      vertex -19.144173337331274 27.299999999999997 -0.7845909572784494
    endloop
  endfacet
  facet normal -0.9941848192855567 0.026033645703038275 -0.10449303514375184
    outer loop
      vertex -19.088139317659643 27.349999999999998 -1.3052619222005157
      vertex -19.144173337331274 27.299999999999997 -0.7845909572784494
      vertex -19.142864041252817 27.349999999999998 -0.7845909572784494
    endloop
  endfacet
  facet normal -0.981908312352139 -0.18198594882169053 -0.052318071115466366
    outer loop
      vertex -18.974999999999998 25.489930006256145 -0.7845909572784494
      vertex -18.976922497331955 25.349999999999998 -0.26176948307873155
      vertex -19.02143627065402 25.740477702081247 -0.7845909572784494
    endloop
  endfacet
  facet normal -0.9900870497902298 -0.1303474329338179 -0.05231807111546491
    outer loop
      vertex -19.02143627065402 25.740477702081247 -0.7845909572784494
      vertex -19.11681097553469 26.255073560260513 -0.26176948307873155
      vertex -19.089561162697557 26.257937630999894 -0.7845909572784494
    endloop
  endfacet
  facet normal -0.9955520274449501 -0.07835164379262304 -0.05231807111546831
    outer loop
      vertex -19.089561162697557 26.257937630999894 -0.7845909572784494
      vertex -19.157873293543425 26.776819779821405 -0.26176948307873155
      vertex -19.130510931746834 26.778253780439105 -0.7845909572784494
    endloop
  endfacet
  facet normal -0.998288266192417 -0.02614109824195318 -0.05231807111546277
    outer loop
      vertex -19.130510931746834 26.778253780439105 -0.7845909572784494
      vertex -19.171573249755568 27.299999999999997 -0.26176948307873155
      vertex -19.144173337331274 27.299999999999997 -0.7845909572784494
    endloop
  endfacet
  facet normal -0.9982882661924182 0.026141098241904397 -0.052318071115462834
    outer loop
      vertex -19.144173337331274 27.299999999999997 -0.7845909572784494
      vertex -19.171573249755568 27.299999999999997 -0.26176948307873155
      vertex -19.142864041252817 27.349999999999998 -0.7845909572784494
    endloop
  endfacet
  facet normal -0.981908312352152 -0.18198594882162605 -0.05231807111544915
    outer loop
      vertex -18.974999999999998 25.489930006256145 -0.7845909572784494
      vertex -18.974999999999998 25.349999999999998 -0.29785101419172294
      vertex -18.976922497331955 25.349999999999998 -0.26176948307873155
    endloop
  endfacet
  facet normal -0.9819083123521408 -0.1819859488216828 -0.05231807111546044
    outer loop
      vertex -19.02143627065402 25.740477702081247 -0.7845909572784494
      vertex -18.976922497331955 25.349999999999998 -0.26176948307873155
      vertex -19.048498844688822 25.736191411439002 -0.26176948307873155
    endloop
  endfacet
  facet normal -0.9900870497902294 -0.13034743293382253 -0.05231807111546029
    outer loop
      vertex -19.02143627065402 25.740477702081247 -0.7845909572784494
      vertex -19.048498844688822 25.736191411439002 -0.26176948307873155
      vertex -19.11681097553469 26.255073560260513 -0.26176948307873155
    endloop
  endfacet
  facet normal -0.9955520274449502 -0.0783516437926266 -0.052318071115464757
    outer loop
      vertex -19.089561162697557 26.257937630999894 -0.7845909572784494
      vertex -19.11681097553469 26.255073560260513 -0.26176948307873155
      vertex -19.157873293543425 26.776819779821405 -0.26176948307873155
    endloop
  endfacet
  facet normal -0.9982882661924167 -0.026141098241947727 -0.05231807111546819
    outer loop
      vertex -19.130510931746834 26.778253780439105 -0.7845909572784494
      vertex -19.157873293543425 26.776819779821405 -0.26176948307873155
      vertex -19.171573249755568 27.299999999999997 -0.26176948307873155
    endloop
  endfacet
  facet normal -0.9982882661924182 0.026141098241904418 -0.052318071115462834
    outer loop
      vertex -19.142864041252817 27.349999999999998 -0.7845909572784494
      vertex -19.171573249755568 27.299999999999997 -0.26176948307873155
      vertex -19.17026395367711 27.349999999999998 -0.26176948307873155
    endloop
  endfacet
  facet normal -0.9832549075639542 -0.1822355254921497 0
    outer loop
      vertex -18.976922497331955 25.349999999999998 -0.26176948307873155
      vertex -18.976922497331955 25.349999999999998 0.26176948307873155
      vertex -19.048498844688822 25.736191411439002 -0.26176948307873155
    endloop
  endfacet
  facet normal -0.99144486137381 -0.13052619222005402 0
    outer loop
      vertex -19.048498844688822 25.736191411439002 -0.26176948307873155
      vertex -19.11681097553469 26.255073560260513 0.26176948307873155
      vertex -19.11681097553469 26.255073560260513 -0.26176948307873155
    endloop
  endfacet
  facet normal -0.9969173337331281 -0.07845909572784458 0
    outer loop
      vertex -19.11681097553469 26.255073560260513 -0.26176948307873155
      vertex -19.157873293543425 26.776819779821405 0.26176948307873155
      vertex -19.157873293543425 26.776819779821405 -0.26176948307873155
    endloop
  endfacet
  facet normal -0.9996573249755576 -0.026176948307866658 0
    outer loop
      vertex -19.157873293543425 26.776819779821405 -0.26176948307873155
      vertex -19.171573249755568 27.299999999999997 0.26176948307873155
      vertex -19.171573249755568 27.299999999999997 -0.26176948307873155
    endloop
  endfacet
  facet normal -0.9996573249755585 0.02617694830782325 0
    outer loop
      vertex -19.171573249755568 27.299999999999997 -0.26176948307873155
      vertex -19.171573249755568 27.299999999999997 0.26176948307873155
      vertex -19.17026395367711 27.349999999999998 -0.26176948307873155
    endloop
  endfacet
  facet normal -0.9832549075639542 -0.1822355254921497 0
    outer loop
      vertex -19.048498844688822 25.736191411439002 -0.26176948307873155
      vertex -18.976922497331955 25.349999999999998 0.26176948307873155
      vertex -19.048498844688822 25.736191411439002 0.26176948307873155
    endloop
  endfacet
  facet normal -0.99144486137381 -0.13052619222005402 0
    outer loop
      vertex -19.048498844688822 25.736191411439002 -0.26176948307873155
      vertex -19.048498844688822 25.736191411439002 0.26176948307873155
      vertex -19.11681097553469 26.255073560260513 0.26176948307873155
    endloop
  endfacet
  facet normal -0.9969173337331281 -0.07845909572784458 0
    outer loop
      vertex -19.11681097553469 26.255073560260513 -0.26176948307873155
      vertex -19.11681097553469 26.255073560260513 0.26176948307873155
      vertex -19.157873293543425 26.776819779821405 0.26176948307873155
    endloop
  endfacet
  facet normal -0.9996573249755576 -0.026176948307866658 0
    outer loop
      vertex -19.157873293543425 26.776819779821405 -0.26176948307873155
      vertex -19.157873293543425 26.776819779821405 0.26176948307873155
      vertex -19.171573249755568 27.299999999999997 0.26176948307873155
    endloop
  endfacet
  facet normal -0.9996573249755585 0.02617694830782325 0
    outer loop
      vertex -19.17026395367711 27.349999999999998 -0.26176948307873155
      vertex -19.171573249755568 27.299999999999997 0.26176948307873155
      vertex -19.17026395367711 27.349999999999998 0.26176948307873155
    endloop
  endfacet
  facet normal -0.9819083123521415 -0.18198594882168292 0.05231807111544872
    outer loop
      vertex -18.976922497331955 25.349999999999998 0.26176948307873155
      vertex -18.974999999999998 25.349999999999998 0.29785101419172294
      vertex -19.048498844688822 25.736191411439002 0.26176948307873155
    endloop
  endfacet
  facet normal -0.9900870497902294 -0.13034743293382253 0.05231807111546029
    outer loop
      vertex -19.048498844688822 25.736191411439002 0.26176948307873155
      vertex -19.02143627065402 25.740477702081247 0.7845909572784494
      vertex -19.11681097553469 26.255073560260513 0.26176948307873155
    endloop
  endfacet
  facet normal -0.9819083123521409 -0.18198594882168134 0.05231807111546503
    outer loop
      vertex -19.048498844688822 25.736191411439002 0.26176948307873155
      vertex -18.974999999999998 25.349999999999998 0.29785101419172294
      vertex -18.974999999999998 25.489930006256145 0.7845909572784494
    endloop
  endfacet
  facet normal -0.9955520274449502 -0.07835164379262659 0.052318071115464757
    outer loop
      vertex -19.11681097553469 26.255073560260513 0.26176948307873155
      vertex -19.089561162697557 26.257937630999894 0.7845909572784494
      vertex -19.157873293543425 26.776819779821405 0.26176948307873155
    endloop
  endfacet
  facet normal -0.9982882661924167 -0.026141098241947734 0.05231807111546819
    outer loop
      vertex -19.157873293543425 26.776819779821405 0.26176948307873155
      vertex -19.130510931746834 26.778253780439105 0.7845909572784494
      vertex -19.171573249755568 27.299999999999997 0.26176948307873155
    endloop
  endfacet
  facet normal -0.9982882661924182 0.026141098241904397 0.052318071115462834
    outer loop
      vertex -19.171573249755568 27.299999999999997 0.26176948307873155
      vertex -19.144173337331274 27.299999999999997 0.7845909572784494
      vertex -19.17026395367711 27.349999999999998 0.26176948307873155
    endloop
  endfacet
  facet normal -0.9819083123521395 -0.18198594882169064 0.052318071115460434
    outer loop
      vertex -19.048498844688822 25.736191411439002 0.26176948307873155
      vertex -18.974999999999998 25.489930006256145 0.7845909572784494
      vertex -19.02143627065402 25.740477702081247 0.7845909572784494
    endloop
  endfacet
  facet normal -0.9900870497902298 -0.1303474329338179 0.05231807111546491
    outer loop
      vertex -19.02143627065402 25.740477702081247 0.7845909572784494
      vertex -19.089561162697557 26.257937630999894 0.7845909572784494
      vertex -19.11681097553469 26.255073560260513 0.26176948307873155
    endloop
  endfacet
  facet normal -0.9955520274449501 -0.07835164379262302 0.05231807111546829
    outer loop
      vertex -19.157873293543425 26.776819779821405 0.26176948307873155
      vertex -19.089561162697557 26.257937630999894 0.7845909572784494
      vertex -19.130510931746834 26.778253780439105 0.7845909572784494
    endloop
  endfacet
  facet normal -0.998288266192417 -0.026141098241953178 0.05231807111546277
    outer loop
      vertex -19.171573249755568 27.299999999999997 0.26176948307873155
      vertex -19.130510931746834 26.778253780439105 0.7845909572784494
      vertex -19.144173337331274 27.299999999999997 0.7845909572784494
    endloop
  endfacet
  facet normal -0.9982882661924182 0.026141098241904418 0.052318071115462834
    outer loop
      vertex -19.17026395367711 27.349999999999998 0.26176948307873155
      vertex -19.144173337331274 27.299999999999997 0.7845909572784494
      vertex -19.142864041252817 27.349999999999998 0.7845909572784494
    endloop
  endfacet
  facet normal -0.9778721949664156 -0.18123789868018897 0.10449303514375521
    outer loop
      vertex -18.974999999999998 25.489930006256145 0.7845909572784494
      vertex -18.974999999999998 25.74783248481954 1.2319097973804498
      vertex -19.02143627065402 25.740477702081247 0.7845909572784494
    endloop
  endfacet
  facet normal -0.9860173138436367 -0.12981164203192772 0.10449303514375519
    outer loop
      vertex -19.02143627065402 25.740477702081247 0.7845909572784494
      vertex -18.974999999999998 25.806877929717363 1.3052619222005157
      vertex -19.089561162697557 26.257937630999894 0.7845909572784494
    endloop
  endfacet
  facet normal -0.9914598278008332 -0.07802958069596394 0.1044930351437568
    outer loop
      vertex -19.089561162697557 26.257937630999894 0.7845909572784494
      vertex -19.035136226866165 26.263657922259835 1.3052619222005157
      vertex -19.130510931746834 26.778253780439105 0.7845909572784494
    endloop
  endfacet
  facet normal -0.9941848192855557 -0.026033645703086795 0.10449303514374957
    outer loop
      vertex -19.130510931746834 26.778253780439105 0.7845909572784494
      vertex -19.07586120648541 26.781117851178486 1.3052619222005157
      vertex -19.144173337331274 27.299999999999997 0.7845909572784494
    endloop
  endfacet
  facet normal -0.9941848192855567 0.026033645703038205 0.10449303514375184
    outer loop
      vertex -19.144173337331274 27.299999999999997 0.7845909572784494
      vertex -19.0894486137381 27.299999999999997 1.3052619222005157
      vertex -19.142864041252817 27.349999999999998 0.7845909572784494
    endloop
  endfacet
  facet normal -0.986017313843636 -0.12981164203193124 0.10449303514375559
    outer loop
      vertex -19.02143627065402 25.740477702081247 0.7845909572784494
      vertex -18.974999999999998 25.74783248481954 1.2319097973804498
      vertex -18.974999999999998 25.806877929717363 1.3052619222005157
    endloop
  endfacet
  facet normal -0.9860173138436367 -0.129811642031926 0.10449303514375667
    outer loop
      vertex -19.089561162697557 26.257937630999894 0.7845909572784494
      vertex -18.974999999999998 25.806877929717363 1.3052619222005157
      vertex -19.035136226866165 26.263657922259835 1.3052619222005157
    endloop
  endfacet
  facet normal -0.9914598278008332 -0.07802958069597109 0.10449303514374972
    outer loop
      vertex -19.130510931746834 26.778253780439105 0.7845909572784494
      vertex -19.035136226866165 26.263657922259835 1.3052619222005157
      vertex -19.07586120648541 26.781117851178486 1.3052619222005157
    endloop
  endfacet
  facet normal -0.9941848192855556 -0.026033645703084616 0.10449303514375172
    outer loop
      vertex -19.144173337331274 27.299999999999997 0.7845909572784494
      vertex -19.07586120648541 26.781117851178486 1.3052619222005157
      vertex -19.0894486137381 27.299999999999997 1.3052619222005157
    endloop
  endfacet
  facet normal -0.9941848192855567 0.026033645703038143 0.10449303514375184
    outer loop
      vertex -19.142864041252817 27.349999999999998 0.7845909572784494
      vertex -19.0894486137381 27.299999999999997 1.3052619222005157
      vertex -19.088139317659643 27.349999999999998 1.3052619222005157
    endloop
  endfacet
  facet normal -0.9792467403702202 -0.12892027912405177 0.15638217003506263
    outer loop
      vertex -18.974999999999998 25.806877929717363 1.3052619222005157
      vertex -18.974999999999998 26.26997849439637 1.687038527855351
      vertex -19.035136226866165 26.263657922259835 1.3052619222005157
    endloop
  endfacet
  facet normal -0.9846518828329095 -0.07749378380702743 0.15638217003506488
    outer loop
      vertex -19.035136226866165 26.263657922259835 1.3052619222005157
      vertex -18.974999999999998 26.543047150759037 1.8223552549214748
      vertex -19.07586120648541 26.781117851178486 1.3052619222005157
    endloop
  endfacet
  facet normal -0.9873581629270679 -0.025854883415101483 0.15638217003506893
    outer loop
      vertex -19.07586120648541 26.781117851178486 1.3052619222005157
      vertex -18.99407390885743 26.785404141820727 1.8223552549214748
      vertex -19.0894486137381 27.299999999999997 1.3052619222005157
    endloop
  endfacet
  facet normal -0.9873581629270707 0.02585488341505544 0.15638217003505833
    outer loop
      vertex -19.0894486137381 27.299999999999997 1.3052619222005157
      vertex -19.007549075639545 27.299999999999997 1.8223552549214748
      vertex -19.088139317659643 27.349999999999998 1.3052619222005157
    endloop
  endfacet
  facet normal -0.9846518828329104 -0.0774937838070225 0.15638217003506227
    outer loop
      vertex -19.035136226866165 26.263657922259835 1.3052619222005157
      vertex -18.974999999999998 26.26997849439637 1.687038527855351
      vertex -18.974999999999998 26.543047150759037 1.8223552549214748
    endloop
  endfacet
  facet normal -0.9846518828329094 -0.07749378380701893 0.15638217003506874
    outer loop
      vertex -19.07586120648541 26.781117851178486 1.3052619222005157
      vertex -18.974999999999998 26.543047150759037 1.8223552549214748
      vertex -18.99407390885743 26.785404141820727 1.8223552549214748
    endloop
  endfacet
  facet normal -0.9873581629270693 -0.02585488341511262 0.15638217003505814
    outer loop
      vertex -19.0894486137381 27.299999999999997 1.3052619222005157
      vertex -18.99407390885743 26.785404141820727 1.8223552549214748
      vertex -19.007549075639545 27.299999999999997 1.8223552549214748
    endloop
  endfacet
  facet normal -0.9873581629270679 0.025854883415125686 0.1563821700350647
    outer loop
      vertex -19.088139317659643 27.349999999999998 1.3052619222005157
      vertex -19.007549075639545 27.299999999999997 1.8223552549214748
      vertex -19.006239779561085 27.349999999999998 1.8223552549214748
    endloop
  endfacet
  facet normal -0.9751467405102306 -0.07674571288261324 0.2078435229359149
    outer loop
      vertex -18.974999999999998 26.543047150759037 1.8223552549214748
      vertex -18.974999999999998 26.786403763026193 1.912214089247042
      vertex -18.99407390885743 26.785404141820727 1.8223552549214748
    endloop
  endfacet
  facet normal -0.9778268960644231 -0.025605298408592297 0.20784352293594072
    outer loop
      vertex -18.99407390885743 26.785404141820727 1.8223552549214748
      vertex -18.974999999999998 27.299999999999997 1.975486616210969
      vertex -19.007549075639545 27.299999999999997 1.8223552549214748
    endloop
  endfacet
  facet normal -0.9778268960644229 0.02560529840860511 0.20784352293594063
    outer loop
      vertex -19.007549075639545 27.299999999999997 1.8223552549214748
      vertex -18.974999999999998 27.299999999999997 1.975486616210969
      vertex -19.006239779561085 27.349999999999998 1.8223552549214748
    endloop
  endfacet
  facet normal -0.977826896064429 -0.025605298408584283 0.20784352293591452
    outer loop
      vertex -18.99407390885743 26.785404141820727 1.8223552549214748
      vertex -18.974999999999998 26.786403763026193 1.912214089247042
      vertex -18.974999999999998 27.299999999999997 1.975486616210969
    endloop
  endfacet
  facet normal -0.9778268960644244 0.02560529840858724 0.2078435229359351
    outer loop
      vertex -19.006239779561085 27.349999999999998 1.8223552549214748
      vertex -18.974999999999998 27.299999999999997 1.975486616210969
      vertex -18.974999999999998 27.349999999999998 1.9693268624580267
    endloop
  endfacet
  facet normal -0.9778268960644279 -0.025605298408584838 -0.207843522935919
    outer loop
      vertex -38.875 26.786403763026193 -1.912214089247042
      vertex -38.907549075639544 27.299999999999997 -1.8223552549214748
      vertex -38.875 27.299999999999997 -1.975486616210969
    endloop
  endfacet
  facet normal -0.9778268960644277 0.0256052984085852 -0.20784352293591898
    outer loop
      vertex -38.875 27.299999999999997 -1.975486616210969
      vertex -38.907549075639544 27.299999999999997 -1.8223552549214748
      vertex -38.875 27.349999999999998 -1.9693268624580267
    endloop
  endfacet
  facet normal -0.9751467405102396 -0.07674571288259964 -0.20784352293587807
    outer loop
      vertex -38.875 26.786403763026193 -1.912214089247042
      vertex -38.875 26.543047150759037 -1.8223552549214748
      vertex -38.89407390885743 26.785404141820727 -1.8223552549214748
    endloop
  endfacet
  facet normal -0.9846518828329173 -0.0774937838070051 -0.15638217003502722
    outer loop
      vertex -38.875 26.543047150759037 -1.8223552549214748
      vertex -38.875 26.26997849439637 -1.687038527855351
      vertex -38.89407390885743 26.785404141820727 -1.8223552549214748
    endloop
  endfacet
  facet normal -0.9778268960644365 -0.025605298408592648 -0.20784352293587752
    outer loop
      vertex -38.875 26.786403763026193 -1.912214089247042
      vertex -38.89407390885743 26.785404141820727 -1.8223552549214748
      vertex -38.907549075639544 27.299999999999997 -1.8223552549214748
    endloop
  endfacet
  facet normal -0.9778268960644287 0.02560529840860524 -0.20784352293591238
    outer loop
      vertex -38.875 27.349999999999998 -1.9693268624580267
      vertex -38.907549075639544 27.299999999999997 -1.8223552549214748
      vertex -38.90623977956108 27.349999999999998 -1.8223552549214748
    endloop
  endfacet
  facet normal -0.9873581629270693 -0.02585488341511262 -0.15638217003505817
    outer loop
      vertex -38.89407390885743 26.785404141820727 -1.8223552549214748
      vertex -38.9894486137381 27.299999999999997 -1.3052619222005157
      vertex -38.907549075639544 27.299999999999997 -1.8223552549214748
    endloop
  endfacet
  facet normal -0.987358162927069 0.025854883415125554 -0.15638217003505805
    outer loop
      vertex -38.907549075639544 27.299999999999997 -1.8223552549214748
      vertex -38.9894486137381 27.299999999999997 -1.3052619222005157
      vertex -38.90623977956108 27.349999999999998 -1.8223552549214748
    endloop
  endfacet
  facet normal -0.984651882832911 -0.07749378380701405 -0.1563821700350622
    outer loop
      vertex -38.89407390885743 26.785404141820727 -1.8223552549214748
      vertex -38.875 26.26997849439637 -1.687038527855351
      vertex -38.975861206485405 26.781117851178486 -1.3052619222005157
    endloop
  endfacet
  facet normal -0.9792467403702226 -0.1289202791240445 -0.1563821700350538
    outer loop
      vertex -38.875 25.806877929717363 -1.3052619222005157
      vertex -38.93513622686616 26.263657922259835 -1.3052619222005157
      vertex -38.875 26.26997849439637 -1.687038527855351
    endloop
  endfacet
  facet normal -0.9846518828329118 -0.07749378380702081 -0.15638217003505334
    outer loop
      vertex -38.875 26.26997849439637 -1.687038527855351
      vertex -38.93513622686616 26.263657922259835 -1.3052619222005157
      vertex -38.975861206485405 26.781117851178486 -1.3052619222005157
    endloop
  endfacet
  facet normal -0.9860173138436388 -0.1298116420319186 -0.10449303514374544
    outer loop
      vertex -38.875 25.806877929717363 -1.3052619222005157
      vertex -38.875 25.74783248481954 -1.2319097973804498
      vertex -38.93513622686616 26.263657922259835 -1.3052619222005157
    endloop
  endfacet
  facet normal -0.9873581629270689 -0.025854883415108262 -0.1563821700350624
    outer loop
      vertex -38.89407390885743 26.785404141820727 -1.8223552549214748
      vertex -38.975861206485405 26.781117851178486 -1.3052619222005157
      vertex -38.9894486137381 27.299999999999997 -1.3052619222005157
    endloop
  endfacet
  facet normal -0.987358162927069 0.025854883415125447 -0.15638217003505805
    outer loop
      vertex -38.90623977956108 27.349999999999998 -1.8223552549214748
      vertex -38.9894486137381 27.299999999999997 -1.3052619222005157
      vertex -38.98813931765964 27.349999999999998 -1.3052619222005157
    endloop
  endfacet
  facet normal -0.9860173138436374 -0.12981164203192005 -0.10449303514375671
    outer loop
      vertex -38.875 25.74783248481954 -1.2319097973804498
      vertex -38.989561162697555 26.257937630999894 -0.7845909572784494
      vertex -38.93513622686616 26.263657922259835 -1.3052619222005157
    endloop
  endfacet
  facet normal -0.9914598278008332 -0.0780295806959643 -0.10449303514375645
    outer loop
      vertex -38.93513622686616 26.263657922259835 -1.3052619222005157
      vertex -39.03051093174683 26.778253780439105 -0.7845909572784494
      vertex -38.975861206485405 26.781117851178486 -1.3052619222005157
    endloop
  endfacet
  facet normal -0.9941848192855555 -0.026033645703091413 -0.10449303514375172
    outer loop
      vertex -38.975861206485405 26.781117851178486 -1.3052619222005157
      vertex -39.04417333733127 27.299999999999997 -0.7845909572784494
      vertex -38.9894486137381 27.299999999999997 -1.3052619222005157
    endloop
  endfacet
  facet normal -0.994184819285555 0.026033645703108805 -0.10449303514375166
    outer loop
      vertex -38.9894486137381 27.299999999999997 -1.3052619222005157
      vertex -39.04417333733127 27.299999999999997 -0.7845909572784494
      vertex -38.98813931765964 27.349999999999998 -1.3052619222005157
    endloop
  endfacet
  facet normal -0.9778721949664189 -0.1812378986801757 -0.10449303514374755
    outer loop
      vertex -38.875 25.74783248481954 -1.2319097973804498
      vertex -38.875 25.489930006256145 -0.7845909572784494
      vertex -38.92143627065402 25.740477702081247 -0.7845909572784494
    endloop
  endfacet
  facet normal -0.9860173138436373 -0.12981164203192783 -0.10449303514374783
    outer loop
      vertex -38.875 25.74783248481954 -1.2319097973804498
      vertex -38.92143627065402 25.740477702081247 -0.7845909572784494
      vertex -38.989561162697555 26.257937630999894 -0.7845909572784494
    endloop
  endfacet
  facet normal -0.9914598278008332 -0.07802958069596393 -0.1044930351437568
    outer loop
      vertex -38.93513622686616 26.263657922259835 -1.3052619222005157
      vertex -38.989561162697555 26.257937630999894 -0.7845909572784494
      vertex -39.03051093174683 26.778253780439105 -0.7845909572784494
    endloop
  endfacet
  facet normal -0.9941848192855551 -0.02603364570308679 -0.10449303514375628
    outer loop
      vertex -38.975861206485405 26.781117851178486 -1.3052619222005157
      vertex -39.03051093174683 26.778253780439105 -0.7845909572784494
      vertex -39.04417333733127 27.299999999999997 -0.7845909572784494
    endloop
  endfacet
  facet normal -0.994184819285555 0.02603364570310885 -0.10449303514375166
    outer loop
      vertex -38.98813931765964 27.349999999999998 -1.3052619222005157
      vertex -39.04417333733127 27.299999999999997 -0.7845909572784494
      vertex -39.04286404125281 27.349999999999998 -0.7845909572784494
    endloop
  endfacet
  facet normal -0.9819083123521415 -0.18198594882167707 -0.05231807111546945
    outer loop
      vertex -38.875 25.489930006256145 -0.7845909572784494
      vertex -38.87692249733196 25.349999999999998 -0.26176948307873155
      vertex -38.92143627065402 25.740477702081247 -0.7845909572784494
    endloop
  endfacet
  facet normal -0.9900870497902298 -0.1303474329338179 -0.05231807111546491
    outer loop
      vertex -38.92143627065402 25.740477702081247 -0.7845909572784494
      vertex -39.01681097553469 26.255073560260513 -0.26176948307873155
      vertex -38.989561162697555 26.257937630999894 -0.7845909572784494
    endloop
  endfacet
  facet normal -0.9955520274449501 -0.07835164379262304 -0.05231807111546831
    outer loop
      vertex -38.989561162697555 26.257937630999894 -0.7845909572784494
      vertex -39.05787329354342 26.776819779821405 -0.26176948307873155
      vertex -39.03051093174683 26.778253780439105 -0.7845909572784494
    endloop
  endfacet
  facet normal -0.9982882661924164 0.026141098241975285 -0.05231807111546274
    outer loop
      vertex -39.04417333733127 27.299999999999997 -0.7845909572784494
      vertex -39.071573249755566 27.299999999999997 -0.26176948307873155
      vertex -39.04286404125281 27.349999999999998 -0.7845909572784494
    endloop
  endfacet
  facet normal -0.998288266192417 -0.02614109824195318 -0.05231807111546277
    outer loop
      vertex -39.03051093174683 26.778253780439105 -0.7845909572784494
      vertex -39.071573249755566 27.299999999999997 -0.26176948307873155
      vertex -39.04417333733127 27.299999999999997 -0.7845909572784494
    endloop
  endfacet
  facet normal -0.981908312352087 -0.1819859488219503 -0.05231807111554237
    outer loop
      vertex -38.875 25.489930006256145 -0.7845909572784494
      vertex -38.875 25.349999999999998 -0.29785101419172294
      vertex -38.87692249733196 25.349999999999998 -0.26176948307873155
    endloop
  endfacet
  facet normal -0.9819083123521442 -0.18198594882166536 -0.052318071115460475
    outer loop
      vertex -38.92143627065402 25.740477702081247 -0.7845909572784494
      vertex -38.87692249733196 25.349999999999998 -0.26176948307873155
      vertex -38.94849884468882 25.736191411439002 -0.26176948307873155
    endloop
  endfacet
  facet normal -0.9900870497902294 -0.13034743293382253 -0.05231807111546029
    outer loop
      vertex -38.92143627065402 25.740477702081247 -0.7845909572784494
      vertex -38.94849884468882 25.736191411439002 -0.26176948307873155
      vertex -39.01681097553469 26.255073560260513 -0.26176948307873155
    endloop
  endfacet
  facet normal -0.9955520274449502 -0.0783516437926266 -0.052318071115464757
    outer loop
      vertex -38.989561162697555 26.257937630999894 -0.7845909572784494
      vertex -39.01681097553469 26.255073560260513 -0.26176948307873155
      vertex -39.05787329354342 26.776819779821405 -0.26176948307873155
    endloop
  endfacet
  facet normal -0.9982882661924167 -0.026141098241947727 -0.05231807111546819
    outer loop
      vertex -39.03051093174683 26.778253780439105 -0.7845909572784494
      vertex -39.05787329354342 26.776819779821405 -0.26176948307873155
      vertex -39.071573249755566 27.299999999999997 -0.26176948307873155
    endloop
  endfacet
  facet normal -0.9982882661924164 0.026141098241975254 -0.05231807111546274
    outer loop
      vertex -39.04286404125281 27.349999999999998 -0.7845909572784494
      vertex -39.071573249755566 27.299999999999997 -0.26176948307873155
      vertex -39.070263953677106 27.349999999999998 -0.26176948307873155
    endloop
  endfacet
  facet normal -0.9832549075639575 -0.18223552549213223 0
    outer loop
      vertex -38.87692249733196 25.349999999999998 -0.26176948307873155
      vertex -38.87692249733196 25.349999999999998 0.26176948307873155
      vertex -38.94849884468882 25.736191411439002 -0.26176948307873155
    endloop
  endfacet
  facet normal -0.99144486137381 -0.13052619222005402 0
    outer loop
      vertex -38.94849884468882 25.736191411439002 -0.26176948307873155
      vertex -39.01681097553469 26.255073560260513 0.26176948307873155
      vertex -39.01681097553469 26.255073560260513 -0.26176948307873155
    endloop
  endfacet
  facet normal -0.9969173337331281 -0.07845909572784458 0
    outer loop
      vertex -39.01681097553469 26.255073560260513 -0.26176948307873155
      vertex -39.05787329354342 26.776819779821405 0.26176948307873155
      vertex -39.05787329354342 26.776819779821405 -0.26176948307873155
    endloop
  endfacet
  facet normal -0.9996573249755576 -0.026176948307866658 0
    outer loop
      vertex -39.05787329354342 26.776819779821405 -0.26176948307873155
      vertex -39.071573249755566 27.299999999999997 0.26176948307873155
      vertex -39.071573249755566 27.299999999999997 -0.26176948307873155
    endloop
  endfacet
  facet normal -0.9996573249755567 0.02617694830789423 0
    outer loop
      vertex -39.071573249755566 27.299999999999997 -0.26176948307873155
      vertex -39.071573249755566 27.299999999999997 0.26176948307873155
      vertex -39.070263953677106 27.349999999999998 -0.26176948307873155
    endloop
  endfacet
  facet normal -0.9832549075639575 -0.18223552549213223 0
    outer loop
      vertex -38.94849884468882 25.736191411439002 -0.26176948307873155
      vertex -38.87692249733196 25.349999999999998 0.26176948307873155
      vertex -38.94849884468882 25.736191411439002 0.26176948307873155
    endloop
  endfacet
  facet normal -0.99144486137381 -0.13052619222005402 0
    outer loop
      vertex -38.94849884468882 25.736191411439002 -0.26176948307873155
      vertex -38.94849884468882 25.736191411439002 0.26176948307873155
      vertex -39.01681097553469 26.255073560260513 0.26176948307873155
    endloop
  endfacet
  facet normal -0.9969173337331281 -0.07845909572784458 0
    outer loop
      vertex -39.01681097553469 26.255073560260513 -0.26176948307873155
      vertex -39.01681097553469 26.255073560260513 0.26176948307873155
      vertex -39.05787329354342 26.776819779821405 0.26176948307873155
    endloop
  endfacet
  facet normal -0.9996573249755576 -0.026176948307866658 0
    outer loop
      vertex -39.05787329354342 26.776819779821405 -0.26176948307873155
      vertex -39.05787329354342 26.776819779821405 0.26176948307873155
      vertex -39.071573249755566 27.299999999999997 0.26176948307873155
    endloop
  endfacet
  facet normal -0.9996573249755567 0.02617694830789423 0
    outer loop
      vertex -39.070263953677106 27.349999999999998 -0.26176948307873155
      vertex -39.071573249755566 27.299999999999997 0.26176948307873155
      vertex -39.070263953677106 27.349999999999998 0.26176948307873155
    endloop
  endfacet
  facet normal -0.9819083123521397 -0.18198594882166455 0.05231807111554531
    outer loop
      vertex -38.87692249733196 25.349999999999998 0.26176948307873155
      vertex -38.875 25.349999999999998 0.29785101419172294
      vertex -38.94849884468882 25.736191411439002 0.26176948307873155
    endloop
  endfacet
  facet normal -0.9900870497902294 -0.13034743293382253 0.05231807111546029
    outer loop
      vertex -38.94849884468882 25.736191411439002 0.26176948307873155
      vertex -38.92143627065402 25.740477702081247 0.7845909572784494
      vertex -39.01681097553469 26.255073560260513 0.26176948307873155
    endloop
  endfacet
  facet normal -0.9819083123521426 -0.18198594882167282 0.052318071115462605
    outer loop
      vertex -38.94849884468882 25.736191411439002 0.26176948307873155
      vertex -38.875 25.349999999999998 0.29785101419172294
      vertex -38.875 25.489930006256145 0.7845909572784494
    endloop
  endfacet
  facet normal -0.9955520274449502 -0.07835164379262659 0.052318071115464757
    outer loop
      vertex -39.01681097553469 26.255073560260513 0.26176948307873155
      vertex -38.989561162697555 26.257937630999894 0.7845909572784494
      vertex -39.05787329354342 26.776819779821405 0.26176948307873155
    endloop
  endfacet
  facet normal -0.9982882661924167 -0.026141098241947734 0.05231807111546819
    outer loop
      vertex -39.05787329354342 26.776819779821405 0.26176948307873155
      vertex -39.03051093174683 26.778253780439105 0.7845909572784494
      vertex -39.071573249755566 27.299999999999997 0.26176948307873155
    endloop
  endfacet
  facet normal -0.9982882661924164 0.026141098241975285 0.05231807111546274
    outer loop
      vertex -39.071573249755566 27.299999999999997 0.26176948307873155
      vertex -39.04417333733127 27.299999999999997 0.7845909572784494
      vertex -39.070263953677106 27.349999999999998 0.26176948307873155
    endloop
  endfacet
  facet normal -0.9819083123521419 -0.18198594882167715 0.052318071115460454
    outer loop
      vertex -38.94849884468882 25.736191411439002 0.26176948307873155
      vertex -38.875 25.489930006256145 0.7845909572784494
      vertex -38.92143627065402 25.740477702081247 0.7845909572784494
    endloop
  endfacet
  facet normal -0.9900870497902298 -0.1303474329338179 0.05231807111546491
    outer loop
      vertex -38.92143627065402 25.740477702081247 0.7845909572784494
      vertex -38.989561162697555 26.257937630999894 0.7845909572784494
      vertex -39.01681097553469 26.255073560260513 0.26176948307873155
    endloop
  endfacet
  facet normal -0.9955520274449501 -0.07835164379262302 0.05231807111546829
    outer loop
      vertex -39.05787329354342 26.776819779821405 0.26176948307873155
      vertex -38.989561162697555 26.257937630999894 0.7845909572784494
      vertex -39.03051093174683 26.778253780439105 0.7845909572784494
    endloop
  endfacet
  facet normal -0.998288266192417 -0.026141098241953178 0.05231807111546277
    outer loop
      vertex -39.071573249755566 27.299999999999997 0.26176948307873155
      vertex -39.03051093174683 26.778253780439105 0.7845909572784494
      vertex -39.04417333733127 27.299999999999997 0.7845909572784494
    endloop
  endfacet
  facet normal -0.9982882661924164 0.02614109824197532 0.05231807111546274
    outer loop
      vertex -39.070263953677106 27.349999999999998 0.26176948307873155
      vertex -39.04417333733127 27.299999999999997 0.7845909572784494
      vertex -39.04286404125281 27.349999999999998 0.7845909572784494
    endloop
  endfacet
  facet normal -0.9778721949664189 -0.1812378986801757 0.10449303514374755
    outer loop
      vertex -38.875 25.489930006256145 0.7845909572784494
      vertex -38.875 25.74783248481954 1.2319097973804498
      vertex -38.92143627065402 25.740477702081247 0.7845909572784494
    endloop
  endfacet
  facet normal -0.9860173138436373 -0.1298116420319278 0.10449303514374851
    outer loop
      vertex -38.92143627065402 25.740477702081247 0.7845909572784494
      vertex -38.875 25.806877929717363 1.3052619222005157
      vertex -38.989561162697555 26.257937630999894 0.7845909572784494
    endloop
  endfacet
  facet normal -0.9914598278008332 -0.07802958069596394 0.1044930351437568
    outer loop
      vertex -38.989561162697555 26.257937630999894 0.7845909572784494
      vertex -38.93513622686616 26.263657922259835 1.3052619222005157
      vertex -39.03051093174683 26.778253780439105 0.7845909572784494
    endloop
  endfacet
  facet normal -0.9941848192855551 -0.02603364570308678 0.10449303514375628
    outer loop
      vertex -39.03051093174683 26.778253780439105 0.7845909572784494
      vertex -38.975861206485405 26.781117851178486 1.3052619222005157
      vertex -39.04417333733127 27.299999999999997 0.7845909572784494
    endloop
  endfacet
  facet normal -0.994184819285555 0.026033645703108805 0.10449303514375166
    outer loop
      vertex -39.04417333733127 27.299999999999997 0.7845909572784494
      vertex -38.9894486137381 27.299999999999997 1.3052619222005157
      vertex -39.04286404125281 27.349999999999998 0.7845909572784494
    endloop
  endfacet
  facet normal -0.9860173138436381 -0.1298116420319216 0.1044930351437478
    outer loop
      vertex -38.92143627065402 25.740477702081247 0.7845909572784494
      vertex -38.875 25.74783248481954 1.2319097973804498
      vertex -38.875 25.806877929717363 1.3052619222005157
    endloop
  endfacet
  facet normal -0.9860173138436377 -0.12981164203191844 0.10449303514375671
    outer loop
      vertex -38.989561162697555 26.257937630999894 0.7845909572784494
      vertex -38.875 25.806877929717363 1.3052619222005157
      vertex -38.93513622686616 26.263657922259835 1.3052619222005157
    endloop
  endfacet
  facet normal -0.9914598278008332 -0.07802958069596429 0.10449303514375645
    outer loop
      vertex -39.03051093174683 26.778253780439105 0.7845909572784494
      vertex -38.93513622686616 26.263657922259835 1.3052619222005157
      vertex -38.975861206485405 26.781117851178486 1.3052619222005157
    endloop
  endfacet
  facet normal -0.9941848192855555 -0.02603364570309143 0.1044930351437517
    outer loop
      vertex -39.04417333733127 27.299999999999997 0.7845909572784494
      vertex -38.975861206485405 26.781117851178486 1.3052619222005157
      vertex -38.9894486137381 27.299999999999997 1.3052619222005157
    endloop
  endfacet
  facet normal -0.994184819285555 0.026033645703108718 0.10449303514375166
    outer loop
      vertex -39.04286404125281 27.349999999999998 0.7845909572784494
      vertex -38.9894486137381 27.299999999999997 1.3052619222005157
      vertex -38.98813931765964 27.349999999999998 1.3052619222005157
    endloop
  endfacet
  facet normal -0.9792467403702226 -0.1289202791240445 0.1563821700350538
    outer loop
      vertex -38.875 25.806877929717363 1.3052619222005157
      vertex -38.875 26.26997849439637 1.687038527855351
      vertex -38.93513622686616 26.263657922259835 1.3052619222005157
    endloop
  endfacet
  facet normal -0.9846518828329115 -0.07749378380702081 0.15638217003505478
    outer loop
      vertex -38.93513622686616 26.263657922259835 1.3052619222005157
      vertex -38.875 26.543047150759037 1.8223552549214748
      vertex -38.975861206485405 26.781117851178486 1.3052619222005157
    endloop
  endfacet
  facet normal -0.9873581629270687 -0.025854883415108262 0.15638217003506236
    outer loop
      vertex -38.975861206485405 26.781117851178486 1.3052619222005157
      vertex -38.89407390885743 26.785404141820727 1.8223552549214748
      vertex -38.9894486137381 27.299999999999997 1.3052619222005157
    endloop
  endfacet
  facet normal -0.987358162927069 0.025854883415125554 0.15638217003505805
    outer loop
      vertex -38.9894486137381 27.299999999999997 1.3052619222005157
      vertex -38.907549075639544 27.299999999999997 1.8223552549214748
      vertex -38.98813931765964 27.349999999999998 1.3052619222005157
    endloop
  endfacet
  facet normal -0.984651882832912 -0.07749378380701802 0.15638217003505328
    outer loop
      vertex -38.93513622686616 26.263657922259835 1.3052619222005157
      vertex -38.875 26.26997849439637 1.687038527855351
      vertex -38.875 26.543047150759037 1.8223552549214748
    endloop
  endfacet
  facet normal -0.9846518828329116 -0.07749378380700465 0.15638217003506222
    outer loop
      vertex -38.975861206485405 26.781117851178486 1.3052619222005157
      vertex -38.875 26.543047150759037 1.8223552549214748
      vertex -38.89407390885743 26.785404141820727 1.8223552549214748
    endloop
  endfacet
  facet normal -0.9873581629270693 -0.02585488341511262 0.15638217003505814
    outer loop
      vertex -38.9894486137381 27.299999999999997 1.3052619222005157
      vertex -38.89407390885743 26.785404141820727 1.8223552549214748
      vertex -38.907549075639544 27.299999999999997 1.8223552549214748
    endloop
  endfacet
  facet normal -0.987358162927069 0.025854883415125447 0.15638217003505805
    outer loop
      vertex -38.98813931765964 27.349999999999998 1.3052619222005157
      vertex -38.907549075639544 27.299999999999997 1.8223552549214748
      vertex -38.90623977956108 27.349999999999998 1.8223552549214748
    endloop
  endfacet
  facet normal -0.9751467405102396 -0.07674571288259965 0.2078435229358781
    outer loop
      vertex -38.875 26.543047150759037 1.8223552549214748
      vertex -38.875 26.786403763026193 1.912214089247042
      vertex -38.89407390885743 26.785404141820727 1.8223552549214748
    endloop
  endfacet
  facet normal -0.9778268960644277 -0.025605298408592422 0.207843522935919
    outer loop
      vertex -38.89407390885743 26.785404141820727 1.8223552549214748
      vertex -38.875 27.299999999999997 1.975486616210969
      vertex -38.907549075639544 27.299999999999997 1.8223552549214748
    endloop
  endfacet
  facet normal -0.9778268960644274 0.025605298408605228 0.2078435229359189
    outer loop
      vertex -38.907549075639544 27.299999999999997 1.8223552549214748
      vertex -38.875 27.299999999999997 1.975486616210969
      vertex -38.90623977956108 27.349999999999998 1.8223552549214748
    endloop
  endfacet
  facet normal -0.9778268960644368 -0.025605298408579717 0.20784352293587746
    outer loop
      vertex -38.89407390885743 26.785404141820727 1.8223552549214748
      vertex -38.875 26.786403763026193 1.912214089247042
      vertex -38.875 27.299999999999997 1.975486616210969
    endloop
  endfacet
  facet normal -0.9778268960644293 0.025605298408584363 0.2078435229359125
    outer loop
      vertex -38.90623977956108 27.349999999999998 1.8223552549214748
      vertex -38.875 27.299999999999997 1.975486616210969
      vertex -38.875 27.349999999999998 1.9693268624580267
    endloop
  endfacet
  facet normal -0.9778268960644293 -0.025605298408584398 -0.2078435229359125
    outer loop
      vertex 40.724999999999994 -27.349999999999998 -1.9693268624580267
      vertex 40.69376022043891 -27.349999999999998 -1.8223552549214748
      vertex 40.724999999999994 -27.299999999999997 -1.975486616210969
    endloop
  endfacet
  facet normal -0.9778268960644368 0.02560529840857972 -0.20784352293587746
    outer loop
      vertex 40.724999999999994 -27.299999999999997 -1.975486616210969
      vertex 40.705926091142565 -26.785404141820727 -1.8223552549214748
      vertex 40.724999999999994 -26.786403763026193 -1.912214089247042
    endloop
  endfacet
  facet normal -0.9778268960644274 -0.025605298408605304 -0.2078435229359189
    outer loop
      vertex 40.724999999999994 -27.299999999999997 -1.975486616210969
      vertex 40.69376022043891 -27.349999999999998 -1.8223552549214748
      vertex 40.69245092436045 -27.299999999999997 -1.8223552549214748
    endloop
  endfacet
  facet normal -0.9778268960644277 0.025605298408592426 -0.207843522935919
    outer loop
      vertex 40.724999999999994 -27.299999999999997 -1.975486616210969
      vertex 40.69245092436045 -27.299999999999997 -1.8223552549214748
      vertex 40.705926091142565 -26.785404141820727 -1.8223552549214748
    endloop
  endfacet
  facet normal -0.9751467405102396 0.07674571288259964 -0.20784352293587807
    outer loop
      vertex 40.724999999999994 -26.786403763026193 -1.912214089247042
      vertex 40.705926091142565 -26.785404141820727 -1.8223552549214748
      vertex 40.724999999999994 -26.543047150759037 -1.8223552549214748
    endloop
  endfacet
  facet normal -0.987358162927069 -0.025854883415125554 -0.15638217003505805
    outer loop
      vertex 40.69376022043891 -27.349999999999998 -1.8223552549214748
      vertex 40.61186068234036 -27.349999999999998 -1.3052619222005157
      vertex 40.69245092436045 -27.299999999999997 -1.8223552549214748
    endloop
  endfacet
  facet normal -0.9873581629270688 0.025854883415112603 -0.15638217003506238
    outer loop
      vertex 40.69245092436045 -27.299999999999997 -1.8223552549214748
      vertex 40.62413879351459 -26.781117851178486 -1.3052619222005157
      vertex 40.705926091142565 -26.785404141820727 -1.8223552549214748
    endloop
  endfacet
  facet normal -0.9846518828329116 0.07749378380700465 -0.15638217003506222
    outer loop
      vertex 40.705926091142565 -26.785404141820727 -1.8223552549214748
      vertex 40.62413879351459 -26.781117851178486 -1.3052619222005157
      vertex 40.724999999999994 -26.543047150759037 -1.8223552549214748
    endloop
  endfacet
  facet normal -0.984651882832912 0.07749378380701802 -0.1563821700350533
    outer loop
      vertex 40.724999999999994 -26.543047150759037 -1.8223552549214748
      vertex 40.66486377313383 -26.263657922259835 -1.3052619222005157
      vertex 40.724999999999994 -26.26997849439637 -1.687038527855351
    endloop
  endfacet
  facet normal -0.987358162927069 -0.025854883415125447 -0.15638217003505805
    outer loop
      vertex 40.69245092436045 -27.299999999999997 -1.8223552549214748
      vertex 40.61186068234036 -27.349999999999998 -1.3052619222005157
      vertex 40.610551386261896 -27.299999999999997 -1.3052619222005157
    endloop
  endfacet
  facet normal -0.9873581629270692 0.025854883415108266 -0.1563821700350581
    outer loop
      vertex 40.69245092436045 -27.299999999999997 -1.8223552549214748
      vertex 40.610551386261896 -27.299999999999997 -1.3052619222005157
      vertex 40.62413879351459 -26.781117851178486 -1.3052619222005157
    endloop
  endfacet
  facet normal -0.9846518828329117 0.07749378380702082 -0.15638217003505478
    outer loop
      vertex 40.724999999999994 -26.543047150759037 -1.8223552549214748
      vertex 40.62413879351459 -26.781117851178486 -1.3052619222005157
      vertex 40.66486377313383 -26.263657922259835 -1.3052619222005157
    endloop
  endfacet
  facet normal -0.9792467403702226 0.1289202791240445 -0.1563821700350538
    outer loop
      vertex 40.724999999999994 -26.26997849439637 -1.687038527855351
      vertex 40.66486377313383 -26.263657922259835 -1.3052619222005157
      vertex 40.724999999999994 -25.806877929717363 -1.3052619222005157
    endloop
  endfacet
  facet normal -0.994184819285555 -0.026033645703108805 -0.10449303514375166
    outer loop
      vertex 40.61186068234036 -27.349999999999998 -1.3052619222005157
      vertex 40.55713595874718 -27.349999999999998 -0.7845909572784494
      vertex 40.610551386261896 -27.299999999999997 -1.3052619222005157
    endloop
  endfacet
  facet normal -0.994184819285555 0.026033645703091402 -0.10449303514375628
    outer loop
      vertex 40.610551386261896 -27.299999999999997 -1.3052619222005157
      vertex 40.56948906825316 -26.778253780439105 -0.7845909572784494
      vertex 40.62413879351459 -26.781117851178486 -1.3052619222005157
    endloop
  endfacet
  facet normal -0.9914598278008332 0.0780295806959643 -0.10449303514375645
    outer loop
      vertex 40.62413879351459 -26.781117851178486 -1.3052619222005157
      vertex 40.56948906825316 -26.778253780439105 -0.7845909572784494
      vertex 40.66486377313383 -26.263657922259835 -1.3052619222005157
    endloop
  endfacet
  facet normal -0.9860173138436377 0.12981164203191847 -0.10449303514375673
    outer loop
      vertex 40.66486377313383 -26.263657922259835 -1.3052619222005157
      vertex 40.61043883730244 -26.257937630999894 -0.7845909572784494
      vertex 40.724999999999994 -25.806877929717363 -1.3052619222005157
    endloop
  endfacet
  facet normal -0.9860173138436381 0.12981164203192155 -0.1044930351437478
    outer loop
      vertex 40.724999999999994 -25.806877929717363 -1.3052619222005157
      vertex 40.678563729345974 -25.740477702081247 -0.7845909572784494
      vertex 40.724999999999994 -25.74783248481954 -1.2319097973804498
    endloop
  endfacet
  facet normal -0.994184819285555 -0.026033645703108718 -0.10449303514375166
    outer loop
      vertex 40.610551386261896 -27.299999999999997 -1.3052619222005157
      vertex 40.55713595874718 -27.349999999999998 -0.7845909572784494
      vertex 40.55582666266872 -27.299999999999997 -0.7845909572784494
    endloop
  endfacet
  facet normal -0.9941848192855556 0.02603364570308679 -0.10449303514375172
    outer loop
      vertex 40.610551386261896 -27.299999999999997 -1.3052619222005157
      vertex 40.55582666266872 -27.299999999999997 -0.7845909572784494
      vertex 40.56948906825316 -26.778253780439105 -0.7845909572784494
    endloop
  endfacet
  facet normal -0.9914598278008332 0.07802958069596393 -0.1044930351437568
    outer loop
      vertex 40.66486377313383 -26.263657922259835 -1.3052619222005157
      vertex 40.56948906825316 -26.778253780439105 -0.7845909572784494
      vertex 40.61043883730244 -26.257937630999894 -0.7845909572784494
    endloop
  endfacet
  facet normal -0.9860173138436373 0.12981164203192777 -0.10449303514374851
    outer loop
      vertex 40.724999999999994 -25.806877929717363 -1.3052619222005157
      vertex 40.61043883730244 -26.257937630999894 -0.7845909572784494
      vertex 40.678563729345974 -25.740477702081247 -0.7845909572784494
    endloop
  endfacet
  facet normal -0.9778721949664189 0.1812378986801757 -0.10449303514374755
    outer loop
      vertex 40.724999999999994 -25.74783248481954 -1.2319097973804498
      vertex 40.678563729345974 -25.740477702081247 -0.7845909572784494
      vertex 40.724999999999994 -25.489930006256145 -0.7845909572784494
    endloop
  endfacet
  facet normal -0.9982882661924164 -0.026141098241975285 -0.05231807111546274
    outer loop
      vertex 40.55713595874718 -27.349999999999998 -0.7845909572784494
      vertex 40.52973604632289 -27.349999999999998 -0.26176948307873155
      vertex 40.55582666266872 -27.299999999999997 -0.7845909572784494
    endloop
  endfacet
  facet normal -0.9982882661924167 0.026141098241953178 -0.052318071115468205
    outer loop
      vertex 40.55582666266872 -27.299999999999997 -0.7845909572784494
      vertex 40.54212670645657 -26.776819779821405 -0.26176948307873155
      vertex 40.56948906825316 -26.778253780439105 -0.7845909572784494
    endloop
  endfacet
  facet normal -0.9955520274449501 0.07835164379262304 -0.0523180711154683
    outer loop
      vertex 40.56948906825316 -26.778253780439105 -0.7845909572784494
      vertex 40.54212670645657 -26.776819779821405 -0.26176948307873155
      vertex 40.61043883730244 -26.257937630999894 -0.7845909572784494
    endloop
  endfacet
  facet normal -0.9900870497902298 0.1303474329338179 -0.052318071115464895
    outer loop
      vertex 40.61043883730244 -26.257937630999894 -0.7845909572784494
      vertex 40.583189024465305 -26.255073560260513 -0.26176948307873155
      vertex 40.678563729345974 -25.740477702081247 -0.7845909572784494
    endloop
  endfacet
  facet normal -0.9819083123521419 0.18198594882167715 -0.05231807111546045
    outer loop
      vertex 40.678563729345974 -25.740477702081247 -0.7845909572784494
      vertex 40.65150115531117 -25.736191411439002 -0.26176948307873155
      vertex 40.724999999999994 -25.489930006256145 -0.7845909572784494
    endloop
  endfacet
  facet normal -0.9982882661924164 -0.02614109824197532 -0.05231807111546274
    outer loop
      vertex 40.55582666266872 -27.299999999999997 -0.7845909572784494
      vertex 40.52973604632289 -27.349999999999998 -0.26176948307873155
      vertex 40.52842675024443 -27.299999999999997 -0.26176948307873155
    endloop
  endfacet
  facet normal -0.9982882661924172 0.026141098241947748 -0.052318071115462786
    outer loop
      vertex 40.55582666266872 -27.299999999999997 -0.7845909572784494
      vertex 40.52842675024443 -27.299999999999997 -0.26176948307873155
      vertex 40.54212670645657 -26.776819779821405 -0.26176948307873155
    endloop
  endfacet
  facet normal -0.9955520274449502 0.0783516437926266 -0.052318071115464757
    outer loop
      vertex 40.61043883730244 -26.257937630999894 -0.7845909572784494
      vertex 40.54212670645657 -26.776819779821405 -0.26176948307873155
      vertex 40.583189024465305 -26.255073560260513 -0.26176948307873155
    endloop
  endfacet
  facet normal -0.9819083123521426 0.18198594882167282 -0.0523180711154626
    outer loop
      vertex 40.724999999999994 -25.489930006256145 -0.7845909572784494
      vertex 40.65150115531117 -25.736191411439002 -0.26176948307873155
      vertex 40.724999999999994 -25.349999999999998 -0.29785101419172294
    endloop
  endfacet
  facet normal -0.9900870497902294 0.13034743293382253 -0.052318071115460295
    outer loop
      vertex 40.583189024465305 -26.255073560260513 -0.26176948307873155
      vertex 40.65150115531117 -25.736191411439002 -0.26176948307873155
      vertex 40.678563729345974 -25.740477702081247 -0.7845909572784494
    endloop
  endfacet
  facet normal -0.9819083123521397 0.18198594882166455 -0.05231807111554531
    outer loop
      vertex 40.724999999999994 -25.349999999999998 -0.29785101419172294
      vertex 40.65150115531117 -25.736191411439002 -0.26176948307873155
      vertex 40.72307750266803 -25.349999999999998 -0.26176948307873155
    endloop
  endfacet
  facet normal -0.9996573249755567 -0.02617694830789423 0
    outer loop
      vertex 40.52973604632289 -27.349999999999998 -0.26176948307873155
      vertex 40.52973604632289 -27.349999999999998 0.26176948307873155
      vertex 40.52842675024443 -27.299999999999997 -0.26176948307873155
    endloop
  endfacet
  facet normal -0.9996573249755576 0.026176948307866658 0
    outer loop
      vertex 40.52842675024443 -27.299999999999997 -0.26176948307873155
      vertex 40.54212670645657 -26.776819779821405 0.26176948307873155
      vertex 40.54212670645657 -26.776819779821405 -0.26176948307873155
    endloop
  endfacet
  facet normal -0.9969173337331281 0.07845909572784458 0
    outer loop
      vertex 40.54212670645657 -26.776819779821405 -0.26176948307873155
      vertex 40.583189024465305 -26.255073560260513 0.26176948307873155
      vertex 40.583189024465305 -26.255073560260513 -0.26176948307873155
    endloop
  endfacet
  facet normal -0.99144486137381 0.13052619222005402 0
    outer loop
      vertex 40.583189024465305 -26.255073560260513 -0.26176948307873155
      vertex 40.65150115531117 -25.736191411439002 0.26176948307873155
      vertex 40.65150115531117 -25.736191411439002 -0.26176948307873155
    endloop
  endfacet
  facet normal -0.9832549075639575 0.18223552549213223 0
    outer loop
      vertex 40.65150115531117 -25.736191411439002 -0.26176948307873155
      vertex 40.65150115531117 -25.736191411439002 0.26176948307873155
      vertex 40.72307750266803 -25.349999999999998 -0.26176948307873155
    endloop
  endfacet
  facet normal -0.9996573249755567 -0.02617694830789423 0
    outer loop
      vertex 40.52842675024443 -27.299999999999997 -0.26176948307873155
      vertex 40.52973604632289 -27.349999999999998 0.26176948307873155
      vertex 40.52842675024443 -27.299999999999997 0.26176948307873155
    endloop
  endfacet
  facet normal -0.9996573249755576 0.026176948307866658 0
    outer loop
      vertex 40.52842675024443 -27.299999999999997 -0.26176948307873155
      vertex 40.52842675024443 -27.299999999999997 0.26176948307873155
      vertex 40.54212670645657 -26.776819779821405 0.26176948307873155
    endloop
  endfacet
  facet normal -0.9969173337331281 0.07845909572784458 0
    outer loop
      vertex 40.54212670645657 -26.776819779821405 -0.26176948307873155
      vertex 40.54212670645657 -26.776819779821405 0.26176948307873155
      vertex 40.583189024465305 -26.255073560260513 0.26176948307873155
    endloop
  endfacet
  facet normal -0.99144486137381 0.13052619222005402 0
    outer loop
      vertex 40.583189024465305 -26.255073560260513 -0.26176948307873155
      vertex 40.583189024465305 -26.255073560260513 0.26176948307873155
      vertex 40.65150115531117 -25.736191411439002 0.26176948307873155
    endloop
  endfacet
  facet normal -0.9832549075639575 0.18223552549213223 0
    outer loop
      vertex 40.72307750266803 -25.349999999999998 -0.26176948307873155
      vertex 40.65150115531117 -25.736191411439002 0.26176948307873155
      vertex 40.72307750266803 -25.349999999999998 0.26176948307873155
    endloop
  endfacet
  facet normal -0.9982882661924164 -0.026141098241975285 0.05231807111546274
    outer loop
      vertex 40.52973604632289 -27.349999999999998 0.26176948307873155
      vertex 40.55713595874718 -27.349999999999998 0.7845909572784494
      vertex 40.52842675024443 -27.299999999999997 0.26176948307873155
    endloop
  endfacet
  facet normal -0.9982882661924167 0.026141098241947734 0.052318071115468184
    outer loop
      vertex 40.52842675024443 -27.299999999999997 0.26176948307873155
      vertex 40.56948906825316 -26.778253780439105 0.7845909572784494
      vertex 40.54212670645657 -26.776819779821405 0.26176948307873155
    endloop
  endfacet
  facet normal -0.9955520274449502 0.07835164379262659 0.052318071115464757
    outer loop
      vertex 40.54212670645657 -26.776819779821405 0.26176948307873155
      vertex 40.61043883730244 -26.257937630999894 0.7845909572784494
      vertex 40.583189024465305 -26.255073560260513 0.26176948307873155
    endloop
  endfacet
  facet normal -0.9900870497902294 0.13034743293382253 0.052318071115460295
    outer loop
      vertex 40.583189024465305 -26.255073560260513 0.26176948307873155
      vertex 40.678563729345974 -25.740477702081247 0.7845909572784494
      vertex 40.65150115531117 -25.736191411439002 0.26176948307873155
    endloop
  endfacet
  facet normal -0.9819083123521442 0.18198594882166536 0.052318071115460475
    outer loop
      vertex 40.65150115531117 -25.736191411439002 0.26176948307873155
      vertex 40.678563729345974 -25.740477702081247 0.7845909572784494
      vertex 40.72307750266803 -25.349999999999998 0.26176948307873155
    endloop
  endfacet
  facet normal -0.9819083123520869 0.18198594882195074 0.05231807111554249
    outer loop
      vertex 40.72307750266803 -25.349999999999998 0.26176948307873155
      vertex 40.724999999999994 -25.489930006256145 0.7845909572784494
      vertex 40.724999999999994 -25.349999999999998 0.29785101419172294
    endloop
  endfacet
  facet normal -0.9982882661924164 -0.026141098241975254 0.05231807111546274
    outer loop
      vertex 40.52842675024443 -27.299999999999997 0.26176948307873155
      vertex 40.55713595874718 -27.349999999999998 0.7845909572784494
      vertex 40.55582666266872 -27.299999999999997 0.7845909572784494
    endloop
  endfacet
  facet normal -0.998288266192417 0.026141098241953178 0.05231807111546277
    outer loop
      vertex 40.52842675024443 -27.299999999999997 0.26176948307873155
      vertex 40.55582666266872 -27.299999999999997 0.7845909572784494
      vertex 40.56948906825316 -26.778253780439105 0.7845909572784494
    endloop
  endfacet
  facet normal -0.9955520274449501 0.07835164379262302 0.05231807111546829
    outer loop
      vertex 40.54212670645657 -26.776819779821405 0.26176948307873155
      vertex 40.56948906825316 -26.778253780439105 0.7845909572784494
      vertex 40.61043883730244 -26.257937630999894 0.7845909572784494
    endloop
  endfacet
  facet normal -0.9900870497902298 0.1303474329338179 0.0523180711154649
    outer loop
      vertex 40.583189024465305 -26.255073560260513 0.26176948307873155
      vertex 40.61043883730244 -26.257937630999894 0.7845909572784494
      vertex 40.678563729345974 -25.740477702081247 0.7845909572784494
    endloop
  endfacet
  facet normal -0.9819083123521415 0.18198594882167707 0.05231807111546945
    outer loop
      vertex 40.72307750266803 -25.349999999999998 0.26176948307873155
      vertex 40.678563729345974 -25.740477702081247 0.7845909572784494
      vertex 40.724999999999994 -25.489930006256145 0.7845909572784494
    endloop
  endfacet
  facet normal -0.994184819285555 -0.026033645703108805 0.10449303514375166
    outer loop
      vertex 40.55713595874718 -27.349999999999998 0.7845909572784494
      vertex 40.61186068234036 -27.349999999999998 1.3052619222005157
      vertex 40.55582666266872 -27.299999999999997 0.7845909572784494
    endloop
  endfacet
  facet normal -0.9941848192855551 0.02603364570308678 0.10449303514375628
    outer loop
      vertex 40.55582666266872 -27.299999999999997 0.7845909572784494
      vertex 40.62413879351459 -26.781117851178486 1.3052619222005157
      vertex 40.56948906825316 -26.778253780439105 0.7845909572784494
    endloop
  endfacet
  facet normal -0.9914598278008332 0.07802958069596394 0.1044930351437568
    outer loop
      vertex 40.56948906825316 -26.778253780439105 0.7845909572784494
      vertex 40.66486377313383 -26.263657922259835 1.3052619222005157
      vertex 40.61043883730244 -26.257937630999894 0.7845909572784494
    endloop
  endfacet
  facet normal -0.9860173138436373 0.12981164203192783 0.10449303514374784
    outer loop
      vertex 40.61043883730244 -26.257937630999894 0.7845909572784494
      vertex 40.724999999999994 -25.74783248481954 1.2319097973804498
      vertex 40.678563729345974 -25.740477702081247 0.7845909572784494
    endloop
  endfacet
  facet normal -0.9778721949664189 0.1812378986801757 0.10449303514374755
    outer loop
      vertex 40.678563729345974 -25.740477702081247 0.7845909572784494
      vertex 40.724999999999994 -25.74783248481954 1.2319097973804498
      vertex 40.724999999999994 -25.489930006256145 0.7845909572784494
    endloop
  endfacet
  facet normal -0.994184819285555 -0.02603364570310885 0.10449303514375166
    outer loop
      vertex 40.55582666266872 -27.299999999999997 0.7845909572784494
      vertex 40.61186068234036 -27.349999999999998 1.3052619222005157
      vertex 40.610551386261896 -27.299999999999997 1.3052619222005157
    endloop
  endfacet
  facet normal -0.9941848192855555 0.02603364570309143 0.1044930351437517
    outer loop
      vertex 40.55582666266872 -27.299999999999997 0.7845909572784494
      vertex 40.610551386261896 -27.299999999999997 1.3052619222005157
      vertex 40.62413879351459 -26.781117851178486 1.3052619222005157
    endloop
  endfacet
  facet normal -0.9914598278008332 0.07802958069596429 0.10449303514375645
    outer loop
      vertex 40.56948906825316 -26.778253780439105 0.7845909572784494
      vertex 40.62413879351459 -26.781117851178486 1.3052619222005157
      vertex 40.66486377313383 -26.263657922259835 1.3052619222005157
    endloop
  endfacet
  facet normal -0.9860173138436374 0.12981164203192005 0.10449303514375671
    outer loop
      vertex 40.61043883730244 -26.257937630999894 0.7845909572784494
      vertex 40.66486377313383 -26.263657922259835 1.3052619222005157
      vertex 40.724999999999994 -25.74783248481954 1.2319097973804498
    endloop
  endfacet
  facet normal -0.987358162927069 -0.025854883415125554 0.15638217003505805
    outer loop
      vertex 40.61186068234036 -27.349999999999998 1.3052619222005157
      vertex 40.69376022043891 -27.349999999999998 1.8223552549214748
      vertex 40.610551386261896 -27.299999999999997 1.3052619222005157
    endloop
  endfacet
  facet normal -0.9873581629270687 0.025854883415108262 0.15638217003506233
    outer loop
      vertex 40.610551386261896 -27.299999999999997 1.3052619222005157
      vertex 40.705926091142565 -26.785404141820727 1.8223552549214748
      vertex 40.62413879351459 -26.781117851178486 1.3052619222005157
    endloop
  endfacet
  facet normal -0.9860173138436388 0.1298116420319186 0.10449303514374544
    outer loop
      vertex 40.66486377313383 -26.263657922259835 1.3052619222005157
      vertex 40.724999999999994 -25.806877929717363 1.3052619222005157
      vertex 40.724999999999994 -25.74783248481954 1.2319097973804498
    endloop
  endfacet
  facet normal -0.9846518828329118 0.07749378380702084 0.15638217003505334
    outer loop
      vertex 40.62413879351459 -26.781117851178486 1.3052619222005157
      vertex 40.724999999999994 -26.26997849439637 1.687038527855351
      vertex 40.66486377313383 -26.263657922259835 1.3052619222005157
    endloop
  endfacet
  facet normal -0.9792467403702226 0.1289202791240445 0.1563821700350538
    outer loop
      vertex 40.66486377313383 -26.263657922259835 1.3052619222005157
      vertex 40.724999999999994 -26.26997849439637 1.687038527855351
      vertex 40.724999999999994 -25.806877929717363 1.3052619222005157
    endloop
  endfacet
  facet normal -0.984651882832911 0.07749378380701405 0.1563821700350622
    outer loop
      vertex 40.62413879351459 -26.781117851178486 1.3052619222005157
      vertex 40.705926091142565 -26.785404141820727 1.8223552549214748
      vertex 40.724999999999994 -26.26997849439637 1.687038527855351
    endloop
  endfacet
  facet normal -0.987358162927069 -0.025854883415125447 0.15638217003505805
    outer loop
      vertex 40.610551386261896 -27.299999999999997 1.3052619222005157
      vertex 40.69376022043891 -27.349999999999998 1.8223552549214748
      vertex 40.69245092436045 -27.299999999999997 1.8223552549214748
    endloop
  endfacet
  facet normal -0.9873581629270693 0.02585488341511262 0.15638217003505814
    outer loop
      vertex 40.610551386261896 -27.299999999999997 1.3052619222005157
      vertex 40.69245092436045 -27.299999999999997 1.8223552549214748
      vertex 40.705926091142565 -26.785404141820727 1.8223552549214748
    endloop
  endfacet
  facet normal -0.9778268960644287 -0.025605298408605266 0.20784352293591238
    outer loop
      vertex 40.69376022043891 -27.349999999999998 1.8223552549214748
      vertex 40.724999999999994 -27.349999999999998 1.9693268624580267
      vertex 40.69245092436045 -27.299999999999997 1.8223552549214748
    endloop
  endfacet
  facet normal -0.9778268960644365 0.025605298408592648 0.20784352293587752
    outer loop
      vertex 40.69245092436045 -27.299999999999997 1.8223552549214748
      vertex 40.724999999999994 -26.786403763026193 1.912214089247042
      vertex 40.705926091142565 -26.785404141820727 1.8223552549214748
    endloop
  endfacet
  facet normal -0.9846518828329173 0.0774937838070051 0.15638217003502722
    outer loop
      vertex 40.724999999999994 -26.26997849439637 1.687038527855351
      vertex 40.705926091142565 -26.785404141820727 1.8223552549214748
      vertex 40.724999999999994 -26.543047150759037 1.8223552549214748
    endloop
  endfacet
  facet normal -0.9751467405102396 0.07674571288259965 0.2078435229358781
    outer loop
      vertex 40.705926091142565 -26.785404141820727 1.8223552549214748
      vertex 40.724999999999994 -26.786403763026193 1.912214089247042
      vertex 40.724999999999994 -26.543047150759037 1.8223552549214748
    endloop
  endfacet
  facet normal -0.9778268960644277 -0.02560529840858527 0.20784352293591898
    outer loop
      vertex 40.69245092436045 -27.299999999999997 1.8223552549214748
      vertex 40.724999999999994 -27.349999999999998 1.9693268624580267
      vertex 40.724999999999994 -27.299999999999997 1.975486616210969
    endloop
  endfacet
  facet normal -0.9778268960644279 0.025605298408584845 0.207843522935919
    outer loop
      vertex 40.69245092436045 -27.299999999999997 1.8223552549214748
      vertex 40.724999999999994 -27.299999999999997 1.975486616210969
      vertex 40.724999999999994 -26.786403763026193 1.912214089247042
    endloop
  endfacet
  facet normal -0.9778268960644244 -0.02560529840858724 -0.2078435229359351
    outer loop
      vertex 20.793760220438912 -27.349999999999998 -1.8223552549214748
      vertex 20.825 -27.299999999999997 -1.975486616210969
      vertex 20.825 -27.349999999999998 -1.9693268624580267
    endloop
  endfacet
  facet normal -0.977826896064429 0.025605298408584283 -0.20784352293591452
    outer loop
      vertex 20.805926091142567 -26.785404141820727 -1.8223552549214748
      vertex 20.825 -26.786403763026193 -1.912214089247042
      vertex 20.825 -27.299999999999997 -1.975486616210969
    endloop
  endfacet
  facet normal -0.9778268960644229 -0.02560529840860511 -0.20784352293594063
    outer loop
      vertex 20.793760220438912 -27.349999999999998 -1.8223552549214748
      vertex 20.792450924360452 -27.299999999999997 -1.8223552549214748
      vertex 20.825 -27.299999999999997 -1.975486616210969
    endloop
  endfacet
  facet normal -0.9778268960644231 0.025605298408592297 -0.20784352293594072
    outer loop
      vertex 20.792450924360452 -27.299999999999997 -1.8223552549214748
      vertex 20.805926091142567 -26.785404141820727 -1.8223552549214748
      vertex 20.825 -27.299999999999997 -1.975486616210969
    endloop
  endfacet
  facet normal -0.9751467405102306 0.07674571288261324 -0.2078435229359149
    outer loop
      vertex 20.805926091142567 -26.785404141820727 -1.8223552549214748
      vertex 20.825 -26.543047150759037 -1.8223552549214748
      vertex 20.825 -26.786403763026193 -1.912214089247042
    endloop
  endfacet
  facet normal -0.9873581629270679 -0.025854883415125526 -0.1563821700350647
    outer loop
      vertex 20.793760220438912 -27.349999999999998 -1.8223552549214748
      vertex 20.711860682340355 -27.349999999999998 -1.3052619222005157
      vertex 20.792450924360452 -27.299999999999997 -1.8223552549214748
    endloop
  endfacet
  facet normal -0.9873581629270676 0.02585488341511257 -0.156382170035069
    outer loop
      vertex 20.792450924360452 -27.299999999999997 -1.8223552549214748
      vertex 20.724138793514587 -26.781117851178486 -1.3052619222005157
      vertex 20.805926091142567 -26.785404141820727 -1.8223552549214748
    endloop
  endfacet
  facet normal -0.9846518828329094 0.07749378380701892 -0.15638217003506877
    outer loop
      vertex 20.805926091142567 -26.785404141820727 -1.8223552549214748
      vertex 20.724138793514587 -26.781117851178486 -1.3052619222005157
      vertex 20.825 -26.543047150759037 -1.8223552549214748
    endloop
  endfacet
  facet normal -0.9846518828329103 0.07749378380702246 -0.15638217003506225
    outer loop
      vertex 20.825 -26.543047150759037 -1.8223552549214748
      vertex 20.764863773133833 -26.263657922259835 -1.3052619222005157
      vertex 20.825 -26.26997849439637 -1.687038527855351
    endloop
  endfacet
  facet normal -0.9873581629270707 -0.025854883415055534 -0.15638217003505833
    outer loop
      vertex 20.792450924360452 -27.299999999999997 -1.8223552549214748
      vertex 20.711860682340355 -27.349999999999998 -1.3052619222005157
      vertex 20.710551386261898 -27.299999999999997 -1.3052619222005157
    endloop
  endfacet
  facet normal -0.9873581629270695 0.02585488341510153 -0.15638217003505814
    outer loop
      vertex 20.792450924360452 -27.299999999999997 -1.8223552549214748
      vertex 20.710551386261898 -27.299999999999997 -1.3052619222005157
      vertex 20.724138793514587 -26.781117851178486 -1.3052619222005157
    endloop
  endfacet
  facet normal -0.9846518828329095 0.0774937838070274 -0.15638217003506485
    outer loop
      vertex 20.825 -26.543047150759037 -1.8223552549214748
      vertex 20.724138793514587 -26.781117851178486 -1.3052619222005157
      vertex 20.764863773133833 -26.263657922259835 -1.3052619222005157
    endloop
  endfacet
  facet normal -0.9792467403702202 0.12892027912405177 -0.15638217003506263
    outer loop
      vertex 20.825 -26.26997849439637 -1.687038527855351
      vertex 20.764863773133833 -26.263657922259835 -1.3052619222005157
      vertex 20.825 -25.806877929717363 -1.3052619222005157
    endloop
  endfacet
  facet normal -0.9941848192855567 -0.026033645703038205 -0.10449303514375184
    outer loop
      vertex 20.711860682340355 -27.349999999999998 -1.3052619222005157
      vertex 20.65713595874718 -27.349999999999998 -0.7845909572784494
      vertex 20.710551386261898 -27.299999999999997 -1.3052619222005157
    endloop
  endfacet
  facet normal -0.9941848192855558 0.026033645703084616 -0.10449303514374955
    outer loop
      vertex 20.710551386261898 -27.299999999999997 -1.3052619222005157
      vertex 20.669489068253164 -26.778253780439105 -0.7845909572784494
      vertex 20.724138793514587 -26.781117851178486 -1.3052619222005157
    endloop
  endfacet
  facet normal -0.9914598278008332 0.0780295806959711 -0.10449303514374972
    outer loop
      vertex 20.724138793514587 -26.781117851178486 -1.3052619222005157
      vertex 20.669489068253164 -26.778253780439105 -0.7845909572784494
      vertex 20.764863773133833 -26.263657922259835 -1.3052619222005157
    endloop
  endfacet
  facet normal -0.9860173138436367 0.129811642031926 -0.1044930351437567
    outer loop
      vertex 20.764863773133833 -26.263657922259835 -1.3052619222005157
      vertex 20.71043883730244 -26.257937630999894 -0.7845909572784494
      vertex 20.825 -25.806877929717363 -1.3052619222005157
    endloop
  endfacet
  facet normal -0.986017313843636 0.1298116420319312 -0.10449303514375559
    outer loop
      vertex 20.825 -25.806877929717363 -1.3052619222005157
      vertex 20.778563729345976 -25.740477702081247 -0.7845909572784494
      vertex 20.825 -25.74783248481954 -1.2319097973804498
    endloop
  endfacet
  facet normal -0.9941848192855567 -0.026033645703038143 -0.10449303514375184
    outer loop
      vertex 20.710551386261898 -27.299999999999997 -1.3052619222005157
      vertex 20.65713595874718 -27.349999999999998 -0.7845909572784494
      vertex 20.655826662668723 -27.299999999999997 -0.7845909572784494
    endloop
  endfacet
  facet normal -0.9941848192855556 0.02603364570308679 -0.10449303514375172
    outer loop
      vertex 20.710551386261898 -27.299999999999997 -1.3052619222005157
      vertex 20.655826662668723 -27.299999999999997 -0.7845909572784494
      vertex 20.669489068253164 -26.778253780439105 -0.7845909572784494
    endloop
  endfacet
  facet normal -0.9914598278008332 0.07802958069596393 -0.1044930351437568
    outer loop
      vertex 20.764863773133833 -26.263657922259835 -1.3052619222005157
      vertex 20.669489068253164 -26.778253780439105 -0.7845909572784494
      vertex 20.71043883730244 -26.257937630999894 -0.7845909572784494
    endloop
  endfacet
  facet normal -0.9860173138436367 0.12981164203192772 -0.10449303514375519
    outer loop
      vertex 20.825 -25.806877929717363 -1.3052619222005157
      vertex 20.71043883730244 -26.257937630999894 -0.7845909572784494
      vertex 20.778563729345976 -25.740477702081247 -0.7845909572784494
    endloop
  endfacet
  facet normal -0.9778721949664156 0.18123789868018897 -0.10449303514375521
    outer loop
      vertex 20.825 -25.74783248481954 -1.2319097973804498
      vertex 20.778563729345976 -25.740477702081247 -0.7845909572784494
      vertex 20.825 -25.489930006256145 -0.7845909572784494
    endloop
  endfacet
  facet normal -0.9982882661924182 -0.026141098241904397 -0.052318071115462834
    outer loop
      vertex 20.65713595874718 -27.349999999999998 -0.7845909572784494
      vertex 20.629736046322886 -27.349999999999998 -0.26176948307873155
      vertex 20.655826662668723 -27.299999999999997 -0.7845909572784494
    endloop
  endfacet
  facet normal -0.9982882661924167 0.026141098241953178 -0.052318071115468205
    outer loop
      vertex 20.655826662668723 -27.299999999999997 -0.7845909572784494
      vertex 20.642126706456573 -26.776819779821405 -0.26176948307873155
      vertex 20.669489068253164 -26.778253780439105 -0.7845909572784494
    endloop
  endfacet
  facet normal -0.9955520274449501 0.07835164379262304 -0.0523180711154683
    outer loop
      vertex 20.669489068253164 -26.778253780439105 -0.7845909572784494
      vertex 20.642126706456573 -26.776819779821405 -0.26176948307873155
      vertex 20.71043883730244 -26.257937630999894 -0.7845909572784494
    endloop
  endfacet
  facet normal -0.9900870497902298 0.1303474329338179 -0.052318071115464895
    outer loop
      vertex 20.71043883730244 -26.257937630999894 -0.7845909572784494
      vertex 20.683189024465307 -26.255073560260513 -0.26176948307873155
      vertex 20.778563729345976 -25.740477702081247 -0.7845909572784494
    endloop
  endfacet
  facet normal -0.9819083123521395 0.1819859488216906 -0.052318071115460434
    outer loop
      vertex 20.778563729345976 -25.740477702081247 -0.7845909572784494
      vertex 20.751501155311175 -25.736191411439002 -0.26176948307873155
      vertex 20.825 -25.489930006256145 -0.7845909572784494
    endloop
  endfacet
  facet normal -0.9982882661924182 -0.026141098241904418 -0.052318071115462834
    outer loop
      vertex 20.655826662668723 -27.299999999999997 -0.7845909572784494
      vertex 20.629736046322886 -27.349999999999998 -0.26176948307873155
      vertex 20.62842675024443 -27.299999999999997 -0.26176948307873155
    endloop
  endfacet
  facet normal -0.9982882661924172 0.026141098241947748 -0.052318071115462786
    outer loop
      vertex 20.655826662668723 -27.299999999999997 -0.7845909572784494
      vertex 20.62842675024443 -27.299999999999997 -0.26176948307873155
      vertex 20.642126706456573 -26.776819779821405 -0.26176948307873155
    endloop
  endfacet
  facet normal -0.9955520274449502 0.0783516437926266 -0.052318071115464757
    outer loop
      vertex 20.71043883730244 -26.257937630999894 -0.7845909572784494
      vertex 20.642126706456573 -26.776819779821405 -0.26176948307873155
      vertex 20.683189024465307 -26.255073560260513 -0.26176948307873155
    endloop
  endfacet
  facet normal -0.9819083123521409 0.18198594882168131 -0.05231807111546504
    outer loop
      vertex 20.825 -25.489930006256145 -0.7845909572784494
      vertex 20.751501155311175 -25.736191411439002 -0.26176948307873155
      vertex 20.825 -25.349999999999998 -0.29785101419172294
    endloop
  endfacet
  facet normal -0.9900870497902294 0.13034743293382253 -0.052318071115460295
    outer loop
      vertex 20.683189024465307 -26.255073560260513 -0.26176948307873155
      vertex 20.751501155311175 -25.736191411439002 -0.26176948307873155
      vertex 20.778563729345976 -25.740477702081247 -0.7845909572784494
    endloop
  endfacet
  facet normal -0.9819083123521415 0.18198594882168292 -0.05231807111544872
    outer loop
      vertex 20.825 -25.349999999999998 -0.29785101419172294
      vertex 20.751501155311175 -25.736191411439002 -0.26176948307873155
      vertex 20.823077502668042 -25.349999999999998 -0.26176948307873155
    endloop
  endfacet
  facet normal -0.9996573249755585 -0.02617694830782325 0
    outer loop
      vertex 20.629736046322886 -27.349999999999998 -0.26176948307873155
      vertex 20.629736046322886 -27.349999999999998 0.26176948307873155
      vertex 20.62842675024443 -27.299999999999997 -0.26176948307873155
    endloop
  endfacet
  facet normal -0.9996573249755576 0.026176948307866658 0
    outer loop
      vertex 20.62842675024443 -27.299999999999997 -0.26176948307873155
      vertex 20.642126706456573 -26.776819779821405 0.26176948307873155
      vertex 20.642126706456573 -26.776819779821405 -0.26176948307873155
    endloop
  endfacet
  facet normal -0.9969173337331281 0.07845909572784458 0
    outer loop
      vertex 20.642126706456573 -26.776819779821405 -0.26176948307873155
      vertex 20.683189024465307 -26.255073560260513 0.26176948307873155
      vertex 20.683189024465307 -26.255073560260513 -0.26176948307873155
    endloop
  endfacet
  facet normal -0.99144486137381 0.13052619222005402 0
    outer loop
      vertex 20.683189024465307 -26.255073560260513 -0.26176948307873155
      vertex 20.751501155311175 -25.736191411439002 0.26176948307873155
      vertex 20.751501155311175 -25.736191411439002 -0.26176948307873155
    endloop
  endfacet
  facet normal -0.9832549075639542 0.1822355254921497 0
    outer loop
      vertex 20.751501155311175 -25.736191411439002 -0.26176948307873155
      vertex 20.751501155311175 -25.736191411439002 0.26176948307873155
      vertex 20.823077502668042 -25.349999999999998 -0.26176948307873155
    endloop
  endfacet
  facet normal -0.9996573249755585 -0.02617694830782325 0
    outer loop
      vertex 20.62842675024443 -27.299999999999997 -0.26176948307873155
      vertex 20.629736046322886 -27.349999999999998 0.26176948307873155
      vertex 20.62842675024443 -27.299999999999997 0.26176948307873155
    endloop
  endfacet
  facet normal -0.9996573249755576 0.026176948307866658 0
    outer loop
      vertex 20.62842675024443 -27.299999999999997 -0.26176948307873155
      vertex 20.62842675024443 -27.299999999999997 0.26176948307873155
      vertex 20.642126706456573 -26.776819779821405 0.26176948307873155
    endloop
  endfacet
  facet normal -0.9969173337331281 0.07845909572784458 0
    outer loop
      vertex 20.642126706456573 -26.776819779821405 -0.26176948307873155
      vertex 20.642126706456573 -26.776819779821405 0.26176948307873155
      vertex 20.683189024465307 -26.255073560260513 0.26176948307873155
    endloop
  endfacet
  facet normal -0.99144486137381 0.13052619222005402 0
    outer loop
      vertex 20.683189024465307 -26.255073560260513 -0.26176948307873155
      vertex 20.683189024465307 -26.255073560260513 0.26176948307873155
      vertex 20.751501155311175 -25.736191411439002 0.26176948307873155
    endloop
  endfacet
  facet normal -0.9832549075639542 0.1822355254921497 0
    outer loop
      vertex 20.823077502668042 -25.349999999999998 -0.26176948307873155
      vertex 20.751501155311175 -25.736191411439002 0.26176948307873155
      vertex 20.823077502668042 -25.349999999999998 0.26176948307873155
    endloop
  endfacet
  facet normal -0.9982882661924182 -0.026141098241904397 0.052318071115462834
    outer loop
      vertex 20.629736046322886 -27.349999999999998 0.26176948307873155
      vertex 20.65713595874718 -27.349999999999998 0.7845909572784494
      vertex 20.62842675024443 -27.299999999999997 0.26176948307873155
    endloop
  endfacet
  facet normal -0.9982882661924167 0.026141098241947734 0.052318071115468184
    outer loop
      vertex 20.62842675024443 -27.299999999999997 0.26176948307873155
      vertex 20.669489068253164 -26.778253780439105 0.7845909572784494
      vertex 20.642126706456573 -26.776819779821405 0.26176948307873155
    endloop
  endfacet
  facet normal -0.9955520274449502 0.07835164379262659 0.052318071115464757
    outer loop
      vertex 20.642126706456573 -26.776819779821405 0.26176948307873155
      vertex 20.71043883730244 -26.257937630999894 0.7845909572784494
      vertex 20.683189024465307 -26.255073560260513 0.26176948307873155
    endloop
  endfacet
  facet normal -0.9900870497902294 0.13034743293382253 0.052318071115460295
    outer loop
      vertex 20.683189024465307 -26.255073560260513 0.26176948307873155
      vertex 20.778563729345976 -25.740477702081247 0.7845909572784494
      vertex 20.751501155311175 -25.736191411439002 0.26176948307873155
    endloop
  endfacet
  facet normal -0.9819083123521408 0.1819859488216828 0.05231807111546045
    outer loop
      vertex 20.751501155311175 -25.736191411439002 0.26176948307873155
      vertex 20.778563729345976 -25.740477702081247 0.7845909572784494
      vertex 20.823077502668042 -25.349999999999998 0.26176948307873155
    endloop
  endfacet
  facet normal -0.981908312352152 0.1819859488216265 0.052318071115449276
    outer loop
      vertex 20.823077502668042 -25.349999999999998 0.26176948307873155
      vertex 20.825 -25.489930006256145 0.7845909572784494
      vertex 20.825 -25.349999999999998 0.29785101419172294
    endloop
  endfacet
  facet normal -0.9982882661924182 -0.026141098241904418 0.052318071115462834
    outer loop
      vertex 20.62842675024443 -27.299999999999997 0.26176948307873155
      vertex 20.65713595874718 -27.349999999999998 0.7845909572784494
      vertex 20.655826662668723 -27.299999999999997 0.7845909572784494
    endloop
  endfacet
  facet normal -0.998288266192417 0.026141098241953178 0.05231807111546277
    outer loop
      vertex 20.62842675024443 -27.299999999999997 0.26176948307873155
      vertex 20.655826662668723 -27.299999999999997 0.7845909572784494
      vertex 20.669489068253164 -26.778253780439105 0.7845909572784494
    endloop
  endfacet
  facet normal -0.9955520274449501 0.07835164379262302 0.05231807111546829
    outer loop
      vertex 20.642126706456573 -26.776819779821405 0.26176948307873155
      vertex 20.669489068253164 -26.778253780439105 0.7845909572784494
      vertex 20.71043883730244 -26.257937630999894 0.7845909572784494
    endloop
  endfacet
  facet normal -0.9900870497902298 0.1303474329338179 0.0523180711154649
    outer loop
      vertex 20.683189024465307 -26.255073560260513 0.26176948307873155
      vertex 20.71043883730244 -26.257937630999894 0.7845909572784494
      vertex 20.778563729345976 -25.740477702081247 0.7845909572784494
    endloop
  endfacet
  facet normal -0.981908312352139 0.18198594882169053 0.052318071115466366
    outer loop
      vertex 20.823077502668042 -25.349999999999998 0.26176948307873155
      vertex 20.778563729345976 -25.740477702081247 0.7845909572784494
      vertex 20.825 -25.489930006256145 0.7845909572784494
    endloop
  endfacet
  facet normal -0.9941848192855567 -0.026033645703038205 0.10449303514375184
    outer loop
      vertex 20.65713595874718 -27.349999999999998 0.7845909572784494
      vertex 20.711860682340355 -27.349999999999998 1.3052619222005157
      vertex 20.655826662668723 -27.299999999999997 0.7845909572784494
    endloop
  endfacet
  facet normal -0.9941848192855557 0.026033645703086795 0.10449303514374957
    outer loop
      vertex 20.655826662668723 -27.299999999999997 0.7845909572784494
      vertex 20.724138793514587 -26.781117851178486 1.3052619222005157
      vertex 20.669489068253164 -26.778253780439105 0.7845909572784494
    endloop
  endfacet
  facet normal -0.9914598278008332 0.07802958069596394 0.1044930351437568
    outer loop
      vertex 20.669489068253164 -26.778253780439105 0.7845909572784494
      vertex 20.764863773133833 -26.263657922259835 1.3052619222005157
      vertex 20.71043883730244 -26.257937630999894 0.7845909572784494
    endloop
  endfacet
  facet normal -0.9860173138436367 0.12981164203192772 0.10449303514375557
    outer loop
      vertex 20.71043883730244 -26.257937630999894 0.7845909572784494
      vertex 20.825 -25.74783248481954 1.2319097973804498
      vertex 20.778563729345976 -25.740477702081247 0.7845909572784494
    endloop
  endfacet
  facet normal -0.9778721949664156 0.18123789868018897 0.1044930351437552
    outer loop
      vertex 20.778563729345976 -25.740477702081247 0.7845909572784494
      vertex 20.825 -25.74783248481954 1.2319097973804498
      vertex 20.825 -25.489930006256145 0.7845909572784494
    endloop
  endfacet
  facet normal -0.9941848192855567 -0.026033645703038275 0.10449303514375184
    outer loop
      vertex 20.655826662668723 -27.299999999999997 0.7845909572784494
      vertex 20.711860682340355 -27.349999999999998 1.3052619222005157
      vertex 20.710551386261898 -27.299999999999997 1.3052619222005157
    endloop
  endfacet
  facet normal -0.9941848192855556 0.026033645703084616 0.10449303514375172
    outer loop
      vertex 20.655826662668723 -27.299999999999997 0.7845909572784494
      vertex 20.710551386261898 -27.299999999999997 1.3052619222005157
      vertex 20.724138793514587 -26.781117851178486 1.3052619222005157
    endloop
  endfacet
  facet normal -0.9914598278008332 0.07802958069597109 0.10449303514374972
    outer loop
      vertex 20.669489068253164 -26.778253780439105 0.7845909572784494
      vertex 20.724138793514587 -26.781117851178486 1.3052619222005157
      vertex 20.764863773133833 -26.263657922259835 1.3052619222005157
    endloop
  endfacet
  facet normal -0.9860173138436367 0.12981164203192674 0.10449303514375669
    outer loop
      vertex 20.71043883730244 -26.257937630999894 0.7845909572784494
      vertex 20.764863773133833 -26.263657922259835 1.3052619222005157
      vertex 20.825 -25.74783248481954 1.2319097973804498
    endloop
  endfacet
  facet normal -0.9873581629270698 -0.025854883415055416 0.15638217003506497
    outer loop
      vertex 20.711860682340355 -27.349999999999998 1.3052619222005157
      vertex 20.793760220438912 -27.349999999999998 1.8223552549214748
      vertex 20.710551386261898 -27.299999999999997 1.3052619222005157
    endloop
  endfacet
  facet normal -0.9873581629270679 0.025854883415101483 0.15638217003506893
    outer loop
      vertex 20.710551386261898 -27.299999999999997 1.3052619222005157
      vertex 20.805926091142567 -26.785404141820727 1.8223552549214748
      vertex 20.724138793514587 -26.781117851178486 1.3052619222005157
    endloop
  endfacet
  facet normal -0.9860173138436372 0.12981164203192605 0.1044930351437515
    outer loop
      vertex 20.764863773133833 -26.263657922259835 1.3052619222005157
      vertex 20.825 -25.806877929717363 1.3052619222005157
      vertex 20.825 -25.74783248481954 1.2319097973804498
    endloop
  endfacet
  facet normal -0.9846518828329099 0.07749378380702744 0.1563821700350623
    outer loop
      vertex 20.724138793514587 -26.781117851178486 1.3052619222005157
      vertex 20.825 -26.26997849439637 1.687038527855351
      vertex 20.764863773133833 -26.263657922259835 1.3052619222005157
    endloop
  endfacet
  facet normal -0.9792467403702202 0.12892027912405177 0.15638217003506263
    outer loop
      vertex 20.764863773133833 -26.263657922259835 1.3052619222005157
      vertex 20.825 -26.26997849439637 1.687038527855351
      vertex 20.825 -25.806877929717363 1.3052619222005157
    endloop
  endfacet
  facet normal -0.9846518828329092 0.07749378380702249 0.15638217003506874
    outer loop
      vertex 20.724138793514587 -26.781117851178486 1.3052619222005157
      vertex 20.805926091142567 -26.785404141820727 1.8223552549214748
      vertex 20.825 -26.26997849439637 1.687038527855351
    endloop
  endfacet
  facet normal -0.987358162927069 -0.025854883415125447 0.15638217003505805
    outer loop
      vertex 20.710551386261898 -27.299999999999997 1.3052619222005157
      vertex 20.793760220438912 -27.349999999999998 1.8223552549214748
      vertex 20.792450924360452 -27.299999999999997 1.8223552549214748
    endloop
  endfacet
  facet normal -0.9873581629270693 0.02585488341511262 0.15638217003505814
    outer loop
      vertex 20.710551386261898 -27.299999999999997 1.3052619222005157
      vertex 20.792450924360452 -27.299999999999997 1.8223552549214748
      vertex 20.805926091142567 -26.785404141820727 1.8223552549214748
    endloop
  endfacet
  facet normal -0.977826896064424 -0.02560529840860514 0.207843522935935
    outer loop
      vertex 20.793760220438912 -27.349999999999998 1.8223552549214748
      vertex 20.825 -27.349999999999998 1.9693268624580267
      vertex 20.792450924360452 -27.299999999999997 1.8223552549214748
    endloop
  endfacet
  facet normal -0.9778268960644285 0.02560529840859244 0.2078435229359145
    outer loop
      vertex 20.792450924360452 -27.299999999999997 1.8223552549214748
      vertex 20.825 -26.786403763026193 1.912214089247042
      vertex 20.805926091142567 -26.785404141820727 1.8223552549214748
    endloop
  endfacet
  facet normal -0.9846518828329117 0.0774937838070191 0.15638217003505547
    outer loop
      vertex 20.825 -26.26997849439637 1.687038527855351
      vertex 20.805926091142567 -26.785404141820727 1.8223552549214748
      vertex 20.825 -26.543047150759037 1.8223552549214748
    endloop
  endfacet
  facet normal -0.9751467405102306 0.07674571288261324 0.2078435229359149
    outer loop
      vertex 20.805926091142567 -26.785404141820727 1.8223552549214748
      vertex 20.825 -26.786403763026193 1.912214089247042
      vertex 20.825 -26.543047150759037 1.8223552549214748
    endloop
  endfacet
  facet normal -0.9778268960644232 -0.02560529840858792 0.20784352293594072
    outer loop
      vertex 20.792450924360452 -27.299999999999997 1.8223552549214748
      vertex 20.825 -27.349999999999998 1.9693268624580267
      vertex 20.825 -27.299999999999997 1.975486616210969
    endloop
  endfacet
  facet normal -0.9778268960644233 0.02560529840858752 0.20784352293594074
    outer loop
      vertex 20.792450924360452 -27.299999999999997 1.8223552549214748
      vertex 20.825 -27.299999999999997 1.975486616210969
      vertex 20.825 -26.786403763026193 1.912214089247042
    endloop
  endfacet
  facet normal -0.9778268960644264 -0.02560529840858605 -0.20784352293592592
    outer loop
      vertex 0.925 -27.349999999999998 -1.9693268624580267
      vertex 0.8937602204389145 -27.349999999999998 -1.8223552549214748
      vertex 0.925 -27.299999999999997 -1.975486616210969
    endloop
  endfacet
  facet normal -0.9778268960644264 0.025605298408585705 -0.20784352293592606
    outer loop
      vertex 0.925 -27.299999999999997 -1.975486616210969
      vertex 0.9059260911425664 -26.785404141820727 -1.8223552549214748
      vertex 0.925 -26.786403763026193 -1.912214089247042
    endloop
  endfacet
  facet normal -0.9778268960644265 -0.025605298408585678 -0.20784352293592578
    outer loop
      vertex 0.925 -27.299999999999997 -1.975486616210969
      vertex 0.8937602204389145 -27.349999999999998 -1.8223552549214748
      vertex 0.892450924360455 -27.299999999999997 -1.8223552549214748
    endloop
  endfacet
  facet normal -0.9778268960644264 0.02560529840858564 -0.20784352293592584
    outer loop
      vertex 0.925 -27.299999999999997 -1.975486616210969
      vertex 0.892450924360455 -27.299999999999997 -1.8223552549214748
      vertex 0.9059260911425664 -26.785404141820727 -1.8223552549214748
    endloop
  endfacet
  facet normal -0.975146740510228 0.07674571288261749 -0.2078435229359264
    outer loop
      vertex 0.925 -26.786403763026193 -1.912214089247042
      vertex 0.9059260911425664 -26.785404141820727 -1.8223552549214748
      vertex 0.925 -26.543047150759037 -1.8223552549214748
    endloop
  endfacet
  facet normal -0.9873581629270685 -0.025854883415105806 -0.15638217003506477
    outer loop
      vertex 0.8937602204389145 -27.349999999999998 -1.8223552549214748
      vertex 0.8118606823403568 -27.349999999999998 -1.3052619222005157
      vertex 0.892450924360455 -27.299999999999997 -1.8223552549214748
    endloop
  endfacet
  facet normal -0.9873581629270684 0.025854883415105775 -0.1563821700350657
    outer loop
      vertex 0.892450924360455 -27.299999999999997 -1.8223552549214748
      vertex 0.8241387935145887 -26.781117851178486 -1.3052619222005157
      vertex 0.9059260911425664 -26.785404141820727 -1.8223552549214748
    endloop
  endfacet
  facet normal -0.9846518828329096 0.07749378380702344 -0.15638217003506544
    outer loop
      vertex 0.9059260911425664 -26.785404141820727 -1.8223552549214748
      vertex 0.8241387935145887 -26.781117851178486 -1.3052619222005157
      vertex 0.925 -26.543047150759037 -1.8223552549214748
    endloop
  endfacet
  facet normal -0.9846518828329097 0.07749378380702385 -0.15638217003506505
    outer loop
      vertex 0.925 -26.543047150759037 -1.8223552549214748
      vertex 0.8648637731338322 -26.263657922259835 -1.3052619222005157
      vertex 0.925 -26.26997849439637 -1.687038527855351
    endloop
  endfacet
  facet normal -0.9873581629270685 -0.025854883415105823 -0.15638217003506477
    outer loop
      vertex 0.892450924360455 -27.299999999999997 -1.8223552549214748
      vertex 0.8118606823403568 -27.349999999999998 -1.3052619222005157
      vertex 0.8105513862618974 -27.299999999999997 -1.3052619222005157
    endloop
  endfacet
  facet normal -0.9873581629270685 0.025854883415104873 -0.15638217003506477
    outer loop
      vertex 0.892450924360455 -27.299999999999997 -1.8223552549214748
      vertex 0.8105513862618974 -27.299999999999997 -1.3052619222005157
      vertex 0.8241387935145887 -26.781117851178486 -1.3052619222005157
    endloop
  endfacet
  facet normal -0.9846518828329097 0.07749378380702406 -0.15638217003506516
    outer loop
      vertex 0.925 -26.543047150759037 -1.8223552549214748
      vertex 0.8241387935145887 -26.781117851178486 -1.3052619222005157
      vertex 0.8648637731338322 -26.263657922259835 -1.3052619222005157
    endloop
  endfacet
  facet normal -0.9792467403702194 0.12892027912405407 -0.1563821700350654
    outer loop
      vertex 0.925 -26.26997849439637 -1.687038527855351
      vertex 0.8648637731338322 -26.263657922259835 -1.3052619222005157
      vertex 0.925 -25.806877929717363 -1.3052619222005157
    endloop
  endfacet
  facet normal -0.9941848192855556 -0.02603364570308895 -0.1044930351437515
    outer loop
      vertex 0.8118606823403568 -27.349999999999998 -1.3052619222005157
      vertex 0.757135958747182 -27.349999999999998 -0.7845909572784494
      vertex 0.8105513862618974 -27.299999999999997 -1.3052619222005157
    endloop
  endfacet
  facet normal -0.9941848192855558 0.02603364570308802 -0.10449303514374958
    outer loop
      vertex 0.8105513862618974 -27.299999999999997 -1.3052619222005157
      vertex 0.769489068253165 -26.778253780439105 -0.7845909572784494
      vertex 0.8241387935145887 -26.781117851178486 -1.3052619222005157
    endloop
  endfacet
  facet normal -0.9914598278008336 0.07802958069596773 -0.10449303514374976
    outer loop
      vertex 0.8241387935145887 -26.781117851178486 -1.3052619222005157
      vertex 0.769489068253165 -26.778253780439105 -0.7845909572784494
      vertex 0.8648637731338322 -26.263657922259835 -1.3052619222005157
    endloop
  endfacet
  facet normal -0.986017313843637 0.12981164203192844 -0.10449303514375002
    outer loop
      vertex 0.8648637731338322 -26.263657922259835 -1.3052619222005157
      vertex 0.8104388373024438 -26.257937630999894 -0.7845909572784494
      vertex 0.925 -25.806877929717363 -1.3052619222005157
    endloop
  endfacet
  facet normal -0.9860173138436374 0.12981164203192458 -0.10449303514375023
    outer loop
      vertex 0.925 -25.806877929717363 -1.3052619222005157
      vertex 0.8785637293459789 -25.740477702081247 -0.7845909572784494
      vertex 0.925 -25.74783248481954 -1.2319097973804498
    endloop
  endfacet
  facet normal -0.9941848192855554 -0.026033645703091107 -0.1044930351437517
    outer loop
      vertex 0.8105513862618974 -27.299999999999997 -1.3052619222005157
      vertex 0.757135958747182 -27.349999999999998 -0.7845909572784494
      vertex 0.7558266626687224 -27.299999999999997 -0.7845909572784494
    endloop
  endfacet
  facet normal -0.9941848192855554 0.026033645703090164 -0.10449303514375169
    outer loop
      vertex 0.8105513862618974 -27.299999999999997 -1.3052619222005157
      vertex 0.7558266626687224 -27.299999999999997 -0.7845909572784494
      vertex 0.769489068253165 -26.778253780439105 -0.7845909572784494
    endloop
  endfacet
  facet normal -0.9914598278008336 0.07802958069596735 -0.10449303514375011
    outer loop
      vertex 0.8648637731338322 -26.263657922259835 -1.3052619222005157
      vertex 0.769489068253165 -26.778253780439105 -0.7845909572784494
      vertex 0.8104388373024438 -26.257937630999894 -0.7845909572784494
    endloop
  endfacet
  facet normal -0.9860173138436371 0.12981164203192777 -0.10449303514375062
    outer loop
      vertex 0.925 -25.806877929717363 -1.3052619222005157
      vertex 0.8104388373024438 -26.257937630999894 -0.7845909572784494
      vertex 0.8785637293459789 -25.740477702081247 -0.7845909572784494
    endloop
  endfacet
  facet normal -0.9778721949664179 0.18123789868017984 -0.10449303514374997
    outer loop
      vertex 0.925 -25.74783248481954 -1.2319097973804498
      vertex 0.8785637293459789 -25.740477702081247 -0.7845909572784494
      vertex 0.925 -25.489930006256145 -0.7845909572784494
    endloop
  endfacet
  facet normal -0.9982882661924168 -0.026141098241957563 -0.05231807111546298
    outer loop
      vertex 0.757135958747182 -27.349999999999998 -0.7845909572784494
      vertex 0.7297360463228885 -27.349999999999998 -0.26176948307873155
      vertex 0.7558266626687224 -27.299999999999997 -0.7845909572784494
    endloop
  endfacet
  facet normal -0.9982882661924167 0.026141098241956574 -0.052318071115464826
    outer loop
      vertex 0.7558266626687224 -27.299999999999997 -0.7845909572784494
      vertex 0.7421267064565757 -26.776819779821405 -0.26176948307873155
      vertex 0.769489068253165 -26.778253780439105 -0.7845909572784494
    endloop
  endfacet
  facet normal -0.9955520274449501 0.07835164379262642 -0.05231807111546493
    outer loop
      vertex 0.769489068253165 -26.778253780439105 -0.7845909572784494
      vertex 0.7421267064565757 -26.776819779821405 -0.26176948307873155
      vertex 0.8104388373024438 -26.257937630999894 -0.7845909572784494
    endloop
  endfacet
  facet normal -0.9900870497902298 0.1303474329338179 -0.052318071115464895
    outer loop
      vertex 0.8104388373024438 -26.257937630999894 -0.7845909572784494
      vertex 0.7831890244653099 -26.255073560260513 -0.26176948307873155
      vertex 0.8785637293459789 -25.740477702081247 -0.7845909572784494
    endloop
  endfacet
  facet normal -0.981908312352141 0.18198594882168134 -0.052318071115463785
    outer loop
      vertex 0.8785637293459789 -25.740477702081247 -0.7845909572784494
      vertex 0.8515011553111762 -25.736191411439002 -0.26176948307873155
      vertex 0.925 -25.489930006256145 -0.7845909572784494
    endloop
  endfacet
  facet normal -0.9982882661924168 -0.02614109824195533 -0.052318071115462765
    outer loop
      vertex 0.7558266626687224 -27.299999999999997 -0.7845909572784494
      vertex 0.7297360463228885 -27.349999999999998 -0.26176948307873155
      vertex 0.728426750244429 -27.299999999999997 -0.26176948307873155
    endloop
  endfacet
  facet normal -0.998288266192417 0.02614109824195452 -0.05231807111546277
    outer loop
      vertex 0.7558266626687224 -27.299999999999997 -0.7845909572784494
      vertex 0.728426750244429 -27.299999999999997 -0.26176948307873155
      vertex 0.7421267064565757 -26.776819779821405 -0.26176948307873155
    endloop
  endfacet
  facet normal -0.9955520274449502 0.0783516437926266 -0.052318071115464757
    outer loop
      vertex 0.8104388373024438 -26.257937630999894 -0.7845909572784494
      vertex 0.7421267064565757 -26.776819779821405 -0.26176948307873155
      vertex 0.7831890244653099 -26.255073560260513 -0.26176948307873155
    endloop
  endfacet
  facet normal -0.9900870497902297 0.13034743293381917 -0.052318071115463625
    outer loop
      vertex 0.7831890244653099 -26.255073560260513 -0.26176948307873155
      vertex 0.8515011553111762 -25.736191411439002 -0.26176948307873155
      vertex 0.8785637293459789 -25.740477702081247 -0.7845909572784494
    endloop
  endfacet
  facet normal -0.9819083123521413 0.1819859488216797 -0.05231807111546458
    outer loop
      vertex 0.925 -25.489930006256145 -0.7845909572784494
      vertex 0.8515011553111762 -25.736191411439002 -0.26176948307873155
      vertex 0.925 -25.349999999999998 -0.29785101419172294
    endloop
  endfacet
  facet normal -0.9819083123521413 0.18198594882167982 -0.05231807111546381
    outer loop
      vertex 0.925 -25.349999999999998 -0.29785101419172294
      vertex 0.8515011553111762 -25.736191411439002 -0.26176948307873155
      vertex 0.9230775026680421 -25.349999999999998 -0.26176948307873155
    endloop
  endfacet
  facet normal -0.9996573249755571 -0.026176948307874266 0
    outer loop
      vertex 0.7297360463228885 -27.349999999999998 -0.26176948307873155
      vertex 0.7297360463228885 -27.349999999999998 0.26176948307873155
      vertex 0.728426750244429 -27.299999999999997 -0.26176948307873155
    endloop
  endfacet
  facet normal -0.9996573249755574 0.02617694830787344 0
    outer loop
      vertex 0.728426750244429 -27.299999999999997 -0.26176948307873155
      vertex 0.7421267064565757 -26.776819779821405 0.26176948307873155
      vertex 0.7421267064565757 -26.776819779821405 -0.26176948307873155
    endloop
  endfacet
  facet normal -0.9969173337331281 0.07845909572784458 0
    outer loop
      vertex 0.7421267064565757 -26.776819779821405 -0.26176948307873155
      vertex 0.7831890244653099 -26.255073560260513 0.26176948307873155
      vertex 0.7831890244653099 -26.255073560260513 -0.26176948307873155
    endloop
  endfacet
  facet normal -0.9914448613738106 0.1305261922200507 0
    outer loop
      vertex 0.7831890244653099 -26.255073560260513 -0.26176948307873155
      vertex 0.8515011553111762 -25.736191411439002 0.26176948307873155
      vertex 0.8515011553111762 -25.736191411439002 -0.26176948307873155
    endloop
  endfacet
  facet normal -0.9832549075639547 0.1822355254921467 0
    outer loop
      vertex 0.8515011553111762 -25.736191411439002 -0.26176948307873155
      vertex 0.8515011553111762 -25.736191411439002 0.26176948307873155
      vertex 0.9230775026680421 -25.349999999999998 -0.26176948307873155
    endloop
  endfacet
  facet normal -0.9996573249755571 -0.026176948307874266 0
    outer loop
      vertex 0.728426750244429 -27.299999999999997 -0.26176948307873155
      vertex 0.7297360463228885 -27.349999999999998 0.26176948307873155
      vertex 0.728426750244429 -27.299999999999997 0.26176948307873155
    endloop
  endfacet
  facet normal -0.9996573249755574 0.02617694830787344 0
    outer loop
      vertex 0.728426750244429 -27.299999999999997 -0.26176948307873155
      vertex 0.728426750244429 -27.299999999999997 0.26176948307873155
      vertex 0.7421267064565757 -26.776819779821405 0.26176948307873155
    endloop
  endfacet
  facet normal -0.9969173337331281 0.07845909572784458 0
    outer loop
      vertex 0.7421267064565757 -26.776819779821405 -0.26176948307873155
      vertex 0.7421267064565757 -26.776819779821405 0.26176948307873155
      vertex 0.7831890244653099 -26.255073560260513 0.26176948307873155
    endloop
  endfacet
  facet normal -0.9914448613738106 0.1305261922200507 0
    outer loop
      vertex 0.7831890244653099 -26.255073560260513 -0.26176948307873155
      vertex 0.7831890244653099 -26.255073560260513 0.26176948307873155
      vertex 0.8515011553111762 -25.736191411439002 0.26176948307873155
    endloop
  endfacet
  facet normal -0.9832549075639547 0.1822355254921467 0
    outer loop
      vertex 0.9230775026680421 -25.349999999999998 -0.26176948307873155
      vertex 0.8515011553111762 -25.736191411439002 0.26176948307873155
      vertex 0.9230775026680421 -25.349999999999998 0.26176948307873155
    endloop
  endfacet
  facet normal -0.9982882661924168 -0.02614109824195535 0.05231807111546298
    outer loop
      vertex 0.7297360463228885 -27.349999999999998 0.26176948307873155
      vertex 0.757135958747182 -27.349999999999998 0.7845909572784494
      vertex 0.728426750244429 -27.299999999999997 0.26176948307873155
    endloop
  endfacet
  facet normal -0.9982882661924167 0.026141098241954513 0.05231807111546482
    outer loop
      vertex 0.728426750244429 -27.299999999999997 0.26176948307873155
      vertex 0.769489068253165 -26.778253780439105 0.7845909572784494
      vertex 0.7421267064565757 -26.776819779821405 0.26176948307873155
    endloop
  endfacet
  facet normal -0.9955520274449502 0.07835164379262659 0.052318071115464757
    outer loop
      vertex 0.7421267064565757 -26.776819779821405 0.26176948307873155
      vertex 0.8104388373024438 -26.257937630999894 0.7845909572784494
      vertex 0.7831890244653099 -26.255073560260513 0.26176948307873155
    endloop
  endfacet
  facet normal -0.9900870497902297 0.13034743293381917 0.052318071115463625
    outer loop
      vertex 0.7831890244653099 -26.255073560260513 0.26176948307873155
      vertex 0.8785637293459789 -25.740477702081247 0.7845909572784494
      vertex 0.8515011553111762 -25.736191411439002 0.26176948307873155
    endloop
  endfacet
  facet normal -0.9819083123521413 0.1819859488216798 0.05231807111546378
    outer loop
      vertex 0.8515011553111762 -25.736191411439002 0.26176948307873155
      vertex 0.8785637293459789 -25.740477702081247 0.7845909572784494
      vertex 0.9230775026680421 -25.349999999999998 0.26176948307873155
    endloop
  endfacet
  facet normal -0.9819083123521417 0.18198594882167712 0.052318071115463834
    outer loop
      vertex 0.9230775026680421 -25.349999999999998 0.26176948307873155
      vertex 0.925 -25.489930006256145 0.7845909572784494
      vertex 0.925 -25.349999999999998 0.29785101419172294
    endloop
  endfacet
  facet normal -0.9982882661924168 -0.02614109824195758 0.052318071115462765
    outer loop
      vertex 0.728426750244429 -27.299999999999997 0.26176948307873155
      vertex 0.757135958747182 -27.349999999999998 0.7845909572784494
      vertex 0.7558266626687224 -27.299999999999997 0.7845909572784494
    endloop
  endfacet
  facet normal -0.998288266192417 0.02614109824195658 0.05231807111546277
    outer loop
      vertex 0.728426750244429 -27.299999999999997 0.26176948307873155
      vertex 0.7558266626687224 -27.299999999999997 0.7845909572784494
      vertex 0.769489068253165 -26.778253780439105 0.7845909572784494
    endloop
  endfacet
  facet normal -0.9955520274449501 0.07835164379262642 0.05231807111546492
    outer loop
      vertex 0.7421267064565757 -26.776819779821405 0.26176948307873155
      vertex 0.769489068253165 -26.778253780439105 0.7845909572784494
      vertex 0.8104388373024438 -26.257937630999894 0.7845909572784494
    endloop
  endfacet
  facet normal -0.9900870497902298 0.1303474329338179 0.0523180711154649
    outer loop
      vertex 0.7831890244653099 -26.255073560260513 0.26176948307873155
      vertex 0.8104388373024438 -26.257937630999894 0.7845909572784494
      vertex 0.8785637293459789 -25.740477702081247 0.7845909572784494
    endloop
  endfacet
  facet normal -0.9819083123521408 0.18198594882168131 0.052318071115464944
    outer loop
      vertex 0.9230775026680421 -25.349999999999998 0.26176948307873155
      vertex 0.8785637293459789 -25.740477702081247 0.7845909572784494
      vertex 0.925 -25.489930006256145 0.7845909572784494
    endloop
  endfacet
  facet normal -0.9941848192855554 -0.026033645703091152 0.10449303514375148
    outer loop
      vertex 0.757135958747182 -27.349999999999998 0.7845909572784494
      vertex 0.8118606823403568 -27.349999999999998 1.3052619222005157
      vertex 0.7558266626687224 -27.299999999999997 0.7845909572784494
    endloop
  endfacet
  facet normal -0.9941848192855557 0.02603364570309018 0.1044930351437496
    outer loop
      vertex 0.7558266626687224 -27.299999999999997 0.7845909572784494
      vertex 0.8241387935145887 -26.781117851178486 1.3052619222005157
      vertex 0.769489068253165 -26.778253780439105 0.7845909572784494
    endloop
  endfacet
  facet normal -0.9914598278008336 0.07802958069596735 0.10449303514375011
    outer loop
      vertex 0.769489068253165 -26.778253780439105 0.7845909572784494
      vertex 0.8648637731338322 -26.263657922259835 1.3052619222005157
      vertex 0.8104388373024438 -26.257937630999894 0.7845909572784494
    endloop
  endfacet
  facet normal -0.9860173138436371 0.12981164203192777 0.10449303514375025
    outer loop
      vertex 0.8104388373024438 -26.257937630999894 0.7845909572784494
      vertex 0.925 -25.74783248481954 1.2319097973804498
      vertex 0.8785637293459789 -25.740477702081247 0.7845909572784494
    endloop
  endfacet
  facet normal -0.9778721949664179 0.18123789868017984 0.10449303514374997
    outer loop
      vertex 0.8785637293459789 -25.740477702081247 0.7845909572784494
      vertex 0.925 -25.74783248481954 1.2319097973804498
      vertex 0.925 -25.489930006256145 0.7845909572784494
    endloop
  endfacet
  facet normal -0.9941848192855556 -0.02603364570308899 0.10449303514375172
    outer loop
      vertex 0.7558266626687224 -27.299999999999997 0.7845909572784494
      vertex 0.8118606823403568 -27.349999999999998 1.3052619222005157
      vertex 0.8105513862618974 -27.299999999999997 1.3052619222005157
    endloop
  endfacet
  facet normal -0.9941848192855556 0.026033645703088013 0.10449303514375172
    outer loop
      vertex 0.7558266626687224 -27.299999999999997 0.7845909572784494
      vertex 0.8105513862618974 -27.299999999999997 1.3052619222005157
      vertex 0.8241387935145887 -26.781117851178486 1.3052619222005157
    endloop
  endfacet
  facet normal -0.9914598278008336 0.07802958069596773 0.10449303514374976
    outer loop
      vertex 0.769489068253165 -26.778253780439105 0.7845909572784494
      vertex 0.8241387935145887 -26.781117851178486 1.3052619222005157
      vertex 0.8648637731338322 -26.263657922259835 1.3052619222005157
    endloop
  endfacet
  facet normal -0.986017313843637 0.12981164203192797 0.10449303514375002
    outer loop
      vertex 0.8104388373024438 -26.257937630999894 0.7845909572784494
      vertex 0.8648637731338322 -26.263657922259835 1.3052619222005157
      vertex 0.925 -25.74783248481954 1.2319097973804498
    endloop
  endfacet
  facet normal -0.9873581629270685 -0.025854883415105806 0.15638217003506477
    outer loop
      vertex 0.8118606823403568 -27.349999999999998 1.3052619222005157
      vertex 0.8937602204389145 -27.349999999999998 1.8223552549214748
      vertex 0.8105513862618974 -27.299999999999997 1.3052619222005157
    endloop
  endfacet
  facet normal -0.9873581629270682 0.025854883415104873 0.15638217003506563
    outer loop
      vertex 0.8105513862618974 -27.299999999999997 1.3052619222005157
      vertex 0.9059260911425664 -26.785404141820727 1.8223552549214748
      vertex 0.8241387935145887 -26.781117851178486 1.3052619222005157
    endloop
  endfacet
  facet normal -0.9860173138436368 0.1298116420319284 0.1044930351437534
    outer loop
      vertex 0.8648637731338322 -26.263657922259835 1.3052619222005157
      vertex 0.925 -25.806877929717363 1.3052619222005157
      vertex 0.925 -25.74783248481954 1.2319097973804498
    endloop
  endfacet
  facet normal -0.9846518828329096 0.07749378380702404 0.15638217003506508
    outer loop
      vertex 0.8241387935145887 -26.781117851178486 1.3052619222005157
      vertex 0.925 -26.26997849439637 1.687038527855351
      vertex 0.8648637731338322 -26.263657922259835 1.3052619222005157
    endloop
  endfacet
  facet normal -0.9792467403702194 0.12892027912405407 0.1563821700350654
    outer loop
      vertex 0.8648637731338322 -26.263657922259835 1.3052619222005157
      vertex 0.925 -26.26997849439637 1.687038527855351
      vertex 0.925 -25.806877929717363 1.3052619222005157
    endloop
  endfacet
  facet normal -0.9846518828329098 0.07749378380702379 0.15638217003506547
    outer loop
      vertex 0.8241387935145887 -26.781117851178486 1.3052619222005157
      vertex 0.9059260911425664 -26.785404141820727 1.8223552549214748
      vertex 0.925 -26.26997849439637 1.687038527855351
    endloop
  endfacet
  facet normal -0.9873581629270685 -0.025854883415105823 0.15638217003506477
    outer loop
      vertex 0.8105513862618974 -27.299999999999997 1.3052619222005157
      vertex 0.8937602204389145 -27.349999999999998 1.8223552549214748
      vertex 0.892450924360455 -27.299999999999997 1.8223552549214748
    endloop
  endfacet
  facet normal -0.9873581629270684 0.02585488341510577 0.15638217003506477
    outer loop
      vertex 0.8105513862618974 -27.299999999999997 1.3052619222005157
      vertex 0.892450924360455 -27.299999999999997 1.8223552549214748
      vertex 0.9059260911425664 -26.785404141820727 1.8223552549214748
    endloop
  endfacet
  facet normal -0.9778268960644264 -0.025605298408585664 0.20784352293592592
    outer loop
      vertex 0.8937602204389145 -27.349999999999998 1.8223552549214748
      vertex 0.925 -27.349999999999998 1.9693268624580267
      vertex 0.892450924360455 -27.299999999999997 1.8223552549214748
    endloop
  endfacet
  facet normal -0.9778268960644263 0.025605298408585633 0.20784352293592603
    outer loop
      vertex 0.892450924360455 -27.299999999999997 1.8223552549214748
      vertex 0.925 -26.786403763026193 1.912214089247042
      vertex 0.9059260911425664 -26.785404141820727 1.8223552549214748
    endloop
  endfacet
  facet normal -0.9846518828329098 0.07749378380702346 0.15638217003506427
    outer loop
      vertex 0.925 -26.26997849439637 1.687038527855351
      vertex 0.9059260911425664 -26.785404141820727 1.8223552549214748
      vertex 0.925 -26.543047150759037 1.8223552549214748
    endloop
  endfacet
  facet normal -0.975146740510228 0.07674571288261749 0.20784352293592642
    outer loop
      vertex 0.9059260911425664 -26.785404141820727 1.8223552549214748
      vertex 0.925 -26.786403763026193 1.912214089247042
      vertex 0.925 -26.543047150759037 1.8223552549214748
    endloop
  endfacet
  facet normal -0.9778268960644265 -0.02560529840858612 0.20784352293592578
    outer loop
      vertex 0.892450924360455 -27.299999999999997 1.8223552549214748
      vertex 0.925 -27.349999999999998 1.9693268624580267
      vertex 0.925 -27.299999999999997 1.975486616210969
    endloop
  endfacet
  facet normal -0.9778268960644265 0.025605298408585685 0.20784352293592584
    outer loop
      vertex 0.892450924360455 -27.299999999999997 1.8223552549214748
      vertex 0.925 -27.299999999999997 1.975486616210969
      vertex 0.925 -26.786403763026193 1.912214089247042
    endloop
  endfacet
  facet normal -0.9778268960644244 -0.02560529840858718 -0.2078435229359351
    outer loop
      vertex -18.974999999999998 -27.349999999999998 -1.9693268624580267
      vertex -19.006239779561085 -27.349999999999998 -1.8223552549214748
      vertex -18.974999999999998 -27.299999999999997 -1.975486616210969
    endloop
  endfacet
  facet normal -0.977826896064429 0.025605298408584283 -0.20784352293591452
    outer loop
      vertex -18.974999999999998 -27.299999999999997 -1.975486616210969
      vertex -18.99407390885743 -26.785404141820727 -1.8223552549214748
      vertex -18.974999999999998 -26.786403763026193 -1.912214089247042
    endloop
  endfacet
  facet normal -0.9778268960644229 -0.025605298408605075 -0.20784352293594063
    outer loop
      vertex -18.974999999999998 -27.299999999999997 -1.975486616210969
      vertex -19.006239779561085 -27.349999999999998 -1.8223552549214748
      vertex -19.007549075639545 -27.299999999999997 -1.8223552549214748
    endloop
  endfacet
  facet normal -0.9778268960644231 0.025605298408592297 -0.20784352293594072
    outer loop
      vertex -18.974999999999998 -27.299999999999997 -1.975486616210969
      vertex -19.007549075639545 -27.299999999999997 -1.8223552549214748
      vertex -18.99407390885743 -26.785404141820727 -1.8223552549214748
    endloop
  endfacet
  facet normal -0.9751467405102309 0.07674571288261324 -0.2078435229359149
    outer loop
      vertex -18.974999999999998 -26.786403763026193 -1.912214089247042
      vertex -18.99407390885743 -26.785404141820727 -1.8223552549214748
      vertex -18.974999999999998 -26.543047150759037 -1.8223552549214748
    endloop
  endfacet
  facet normal -0.9873581629270679 -0.025854883415125526 -0.1563821700350647
    outer loop
      vertex -19.006239779561085 -27.349999999999998 -1.8223552549214748
      vertex -19.088139317659643 -27.349999999999998 -1.3052619222005157
      vertex -19.007549075639545 -27.299999999999997 -1.8223552549214748
    endloop
  endfacet
  facet normal -0.9873581629270676 0.02585488341511257 -0.156382170035069
    outer loop
      vertex -19.007549075639545 -27.299999999999997 -1.8223552549214748
      vertex -19.07586120648541 -26.781117851178486 -1.3052619222005157
      vertex -18.99407390885743 -26.785404141820727 -1.8223552549214748
    endloop
  endfacet
  facet normal -0.9846518828329094 0.07749378380701892 -0.15638217003506877
    outer loop
      vertex -18.99407390885743 -26.785404141820727 -1.8223552549214748
      vertex -19.07586120648541 -26.781117851178486 -1.3052619222005157
      vertex -18.974999999999998 -26.543047150759037 -1.8223552549214748
    endloop
  endfacet
  facet normal -0.9846518828329103 0.07749378380702246 -0.15638217003506225
    outer loop
      vertex -18.974999999999998 -26.543047150759037 -1.8223552549214748
      vertex -19.035136226866165 -26.263657922259835 -1.3052619222005157
      vertex -18.974999999999998 -26.26997849439637 -1.687038527855351
    endloop
  endfacet
  facet normal -0.9873581629270707 -0.025854883415055534 -0.15638217003505833
    outer loop
      vertex -19.007549075639545 -27.299999999999997 -1.8223552549214748
      vertex -19.088139317659643 -27.349999999999998 -1.3052619222005157
      vertex -19.0894486137381 -27.299999999999997 -1.3052619222005157
    endloop
  endfacet
  facet normal -0.9873581629270695 0.02585488341510153 -0.15638217003505814
    outer loop
      vertex -19.007549075639545 -27.299999999999997 -1.8223552549214748
      vertex -19.0894486137381 -27.299999999999997 -1.3052619222005157
      vertex -19.07586120648541 -26.781117851178486 -1.3052619222005157
    endloop
  endfacet
  facet normal -0.9846518828329095 0.0774937838070274 -0.15638217003506485
    outer loop
      vertex -18.974999999999998 -26.543047150759037 -1.8223552549214748
      vertex -19.07586120648541 -26.781117851178486 -1.3052619222005157
      vertex -19.035136226866165 -26.263657922259835 -1.3052619222005157
    endloop
  endfacet
  facet normal -0.9792467403702202 0.12892027912405177 -0.15638217003506263
    outer loop
      vertex -18.974999999999998 -26.26997849439637 -1.687038527855351
      vertex -19.035136226866165 -26.263657922259835 -1.3052619222005157
      vertex -18.974999999999998 -25.806877929717363 -1.3052619222005157
    endloop
  endfacet
  facet normal -0.9941848192855567 -0.026033645703038205 -0.10449303514375184
    outer loop
      vertex -19.088139317659643 -27.349999999999998 -1.3052619222005157
      vertex -19.142864041252817 -27.349999999999998 -0.7845909572784494
      vertex -19.0894486137381 -27.299999999999997 -1.3052619222005157
    endloop
  endfacet
  facet normal -0.9941848192855558 0.026033645703084616 -0.10449303514374955
    outer loop
      vertex -19.0894486137381 -27.299999999999997 -1.3052619222005157
      vertex -19.130510931746834 -26.778253780439105 -0.7845909572784494
      vertex -19.07586120648541 -26.781117851178486 -1.3052619222005157
    endloop
  endfacet
  facet normal -0.9914598278008332 0.0780295806959711 -0.10449303514374972
    outer loop
      vertex -19.07586120648541 -26.781117851178486 -1.3052619222005157
      vertex -19.130510931746834 -26.778253780439105 -0.7845909572784494
      vertex -19.035136226866165 -26.263657922259835 -1.3052619222005157
    endloop
  endfacet
  facet normal -0.9860173138436367 0.129811642031926 -0.1044930351437567
    outer loop
      vertex -19.035136226866165 -26.263657922259835 -1.3052619222005157
      vertex -19.089561162697557 -26.257937630999894 -0.7845909572784494
      vertex -18.974999999999998 -25.806877929717363 -1.3052619222005157
    endloop
  endfacet
  facet normal -0.986017313843636 0.1298116420319312 -0.10449303514375559
    outer loop
      vertex -18.974999999999998 -25.806877929717363 -1.3052619222005157
      vertex -19.02143627065402 -25.740477702081247 -0.7845909572784494
      vertex -18.974999999999998 -25.74783248481954 -1.2319097973804498
    endloop
  endfacet
  facet normal -0.9941848192855567 -0.026033645703038143 -0.10449303514375184
    outer loop
      vertex -19.0894486137381 -27.299999999999997 -1.3052619222005157
      vertex -19.142864041252817 -27.349999999999998 -0.7845909572784494
      vertex -19.144173337331274 -27.299999999999997 -0.7845909572784494
    endloop
  endfacet
  facet normal -0.9941848192855556 0.02603364570308679 -0.10449303514375172
    outer loop
      vertex -19.0894486137381 -27.299999999999997 -1.3052619222005157
      vertex -19.144173337331274 -27.299999999999997 -0.7845909572784494
      vertex -19.130510931746834 -26.778253780439105 -0.7845909572784494
    endloop
  endfacet
  facet normal -0.9914598278008332 0.07802958069596393 -0.1044930351437568
    outer loop
      vertex -19.035136226866165 -26.263657922259835 -1.3052619222005157
      vertex -19.130510931746834 -26.778253780439105 -0.7845909572784494
      vertex -19.089561162697557 -26.257937630999894 -0.7845909572784494
    endloop
  endfacet
  facet normal -0.9860173138436367 0.12981164203192772 -0.10449303514375519
    outer loop
      vertex -18.974999999999998 -25.806877929717363 -1.3052619222005157
      vertex -19.089561162697557 -26.257937630999894 -0.7845909572784494
      vertex -19.02143627065402 -25.740477702081247 -0.7845909572784494
    endloop
  endfacet
  facet normal -0.9778721949664156 0.18123789868018897 -0.10449303514375521
    outer loop
      vertex -18.974999999999998 -25.74783248481954 -1.2319097973804498
      vertex -19.02143627065402 -25.740477702081247 -0.7845909572784494
      vertex -18.974999999999998 -25.489930006256145 -0.7845909572784494
    endloop
  endfacet
  facet normal -0.9982882661924182 -0.026141098241904397 -0.052318071115462834
    outer loop
      vertex -19.142864041252817 -27.349999999999998 -0.7845909572784494
      vertex -19.17026395367711 -27.349999999999998 -0.26176948307873155
      vertex -19.144173337331274 -27.299999999999997 -0.7845909572784494
    endloop
  endfacet
  facet normal -0.9982882661924167 0.026141098241953178 -0.052318071115468205
    outer loop
      vertex -19.144173337331274 -27.299999999999997 -0.7845909572784494
      vertex -19.157873293543425 -26.776819779821405 -0.26176948307873155
      vertex -19.130510931746834 -26.778253780439105 -0.7845909572784494
    endloop
  endfacet
  facet normal -0.9955520274449501 0.07835164379262304 -0.0523180711154683
    outer loop
      vertex -19.130510931746834 -26.778253780439105 -0.7845909572784494
      vertex -19.157873293543425 -26.776819779821405 -0.26176948307873155
      vertex -19.089561162697557 -26.257937630999894 -0.7845909572784494
    endloop
  endfacet
  facet normal -0.9900870497902298 0.1303474329338179 -0.052318071115464895
    outer loop
      vertex -19.089561162697557 -26.257937630999894 -0.7845909572784494
      vertex -19.11681097553469 -26.255073560260513 -0.26176948307873155
      vertex -19.02143627065402 -25.740477702081247 -0.7845909572784494
    endloop
  endfacet
  facet normal -0.9819083123521395 0.1819859488216906 -0.052318071115460434
    outer loop
      vertex -19.02143627065402 -25.740477702081247 -0.7845909572784494
      vertex -19.048498844688822 -25.736191411439002 -0.26176948307873155
      vertex -18.974999999999998 -25.489930006256145 -0.7845909572784494
    endloop
  endfacet
  facet normal -0.9982882661924182 -0.026141098241904418 -0.052318071115462834
    outer loop
      vertex -19.144173337331274 -27.299999999999997 -0.7845909572784494
      vertex -19.17026395367711 -27.349999999999998 -0.26176948307873155
      vertex -19.171573249755568 -27.299999999999997 -0.26176948307873155
    endloop
  endfacet
  facet normal -0.9982882661924172 0.026141098241947748 -0.052318071115462786
    outer loop
      vertex -19.144173337331274 -27.299999999999997 -0.7845909572784494
      vertex -19.171573249755568 -27.299999999999997 -0.26176948307873155
      vertex -19.157873293543425 -26.776819779821405 -0.26176948307873155
    endloop
  endfacet
  facet normal -0.9955520274449502 0.0783516437926266 -0.052318071115464757
    outer loop
      vertex -19.089561162697557 -26.257937630999894 -0.7845909572784494
      vertex -19.157873293543425 -26.776819779821405 -0.26176948307873155
      vertex -19.11681097553469 -26.255073560260513 -0.26176948307873155
    endloop
  endfacet
  facet normal -0.9819083123521409 0.18198594882168131 -0.05231807111546504
    outer loop
      vertex -18.974999999999998 -25.489930006256145 -0.7845909572784494
      vertex -19.048498844688822 -25.736191411439002 -0.26176948307873155
      vertex -18.974999999999998 -25.349999999999998 -0.29785101419172294
    endloop
  endfacet
  facet normal -0.9900870497902294 0.13034743293382253 -0.052318071115460295
    outer loop
      vertex -19.11681097553469 -26.255073560260513 -0.26176948307873155
      vertex -19.048498844688822 -25.736191411439002 -0.26176948307873155
      vertex -19.02143627065402 -25.740477702081247 -0.7845909572784494
    endloop
  endfacet
  facet normal -0.9819083123521415 0.18198594882168292 -0.05231807111544872
    outer loop
      vertex -18.974999999999998 -25.349999999999998 -0.29785101419172294
      vertex -19.048498844688822 -25.736191411439002 -0.26176948307873155
      vertex -18.976922497331955 -25.349999999999998 -0.26176948307873155
    endloop
  endfacet
  facet normal -0.9996573249755585 -0.02617694830782325 0
    outer loop
      vertex -19.17026395367711 -27.349999999999998 -0.26176948307873155
      vertex -19.17026395367711 -27.349999999999998 0.26176948307873155
      vertex -19.171573249755568 -27.299999999999997 -0.26176948307873155
    endloop
  endfacet
  facet normal -0.9996573249755576 0.026176948307866658 0
    outer loop
      vertex -19.171573249755568 -27.299999999999997 -0.26176948307873155
      vertex -19.157873293543425 -26.776819779821405 0.26176948307873155
      vertex -19.157873293543425 -26.776819779821405 -0.26176948307873155
    endloop
  endfacet
  facet normal -0.9969173337331281 0.07845909572784458 0
    outer loop
      vertex -19.157873293543425 -26.776819779821405 -0.26176948307873155
      vertex -19.11681097553469 -26.255073560260513 0.26176948307873155
      vertex -19.11681097553469 -26.255073560260513 -0.26176948307873155
    endloop
  endfacet
  facet normal -0.99144486137381 0.13052619222005402 0
    outer loop
      vertex -19.11681097553469 -26.255073560260513 -0.26176948307873155
      vertex -19.048498844688822 -25.736191411439002 0.26176948307873155
      vertex -19.048498844688822 -25.736191411439002 -0.26176948307873155
    endloop
  endfacet
  facet normal -0.9832549075639542 0.1822355254921497 0
    outer loop
      vertex -19.048498844688822 -25.736191411439002 -0.26176948307873155
      vertex -19.048498844688822 -25.736191411439002 0.26176948307873155
      vertex -18.976922497331955 -25.349999999999998 -0.26176948307873155
    endloop
  endfacet
  facet normal -0.9996573249755585 -0.02617694830782325 0
    outer loop
      vertex -19.171573249755568 -27.299999999999997 -0.26176948307873155
      vertex -19.17026395367711 -27.349999999999998 0.26176948307873155
      vertex -19.171573249755568 -27.299999999999997 0.26176948307873155
    endloop
  endfacet
  facet normal -0.9996573249755576 0.026176948307866658 0
    outer loop
      vertex -19.171573249755568 -27.299999999999997 -0.26176948307873155
      vertex -19.171573249755568 -27.299999999999997 0.26176948307873155
      vertex -19.157873293543425 -26.776819779821405 0.26176948307873155
    endloop
  endfacet
  facet normal -0.9969173337331281 0.07845909572784458 0
    outer loop
      vertex -19.157873293543425 -26.776819779821405 -0.26176948307873155
      vertex -19.157873293543425 -26.776819779821405 0.26176948307873155
      vertex -19.11681097553469 -26.255073560260513 0.26176948307873155
    endloop
  endfacet
  facet normal -0.99144486137381 0.13052619222005402 0
    outer loop
      vertex -19.11681097553469 -26.255073560260513 -0.26176948307873155
      vertex -19.11681097553469 -26.255073560260513 0.26176948307873155
      vertex -19.048498844688822 -25.736191411439002 0.26176948307873155
    endloop
  endfacet
  facet normal -0.9832549075639542 0.1822355254921497 0
    outer loop
      vertex -18.976922497331955 -25.349999999999998 -0.26176948307873155
      vertex -19.048498844688822 -25.736191411439002 0.26176948307873155
      vertex -18.976922497331955 -25.349999999999998 0.26176948307873155
    endloop
  endfacet
  facet normal -0.9982882661924182 -0.026141098241904397 0.052318071115462834
    outer loop
      vertex -19.17026395367711 -27.349999999999998 0.26176948307873155
      vertex -19.142864041252817 -27.349999999999998 0.7845909572784494
      vertex -19.171573249755568 -27.299999999999997 0.26176948307873155
    endloop
  endfacet
  facet normal -0.9982882661924167 0.026141098241947734 0.052318071115468184
    outer loop
      vertex -19.171573249755568 -27.299999999999997 0.26176948307873155
      vertex -19.130510931746834 -26.778253780439105 0.7845909572784494
      vertex -19.157873293543425 -26.776819779821405 0.26176948307873155
    endloop
  endfacet
  facet normal -0.9955520274449502 0.07835164379262659 0.052318071115464757
    outer loop
      vertex -19.157873293543425 -26.776819779821405 0.26176948307873155
      vertex -19.089561162697557 -26.257937630999894 0.7845909572784494
      vertex -19.11681097553469 -26.255073560260513 0.26176948307873155
    endloop
  endfacet
  facet normal -0.9900870497902294 0.13034743293382253 0.052318071115460295
    outer loop
      vertex -19.11681097553469 -26.255073560260513 0.26176948307873155
      vertex -19.02143627065402 -25.740477702081247 0.7845909572784494
      vertex -19.048498844688822 -25.736191411439002 0.26176948307873155
    endloop
  endfacet
  facet normal -0.9819083123521408 0.1819859488216828 0.05231807111546045
    outer loop
      vertex -19.048498844688822 -25.736191411439002 0.26176948307873155
      vertex -19.02143627065402 -25.740477702081247 0.7845909572784494
      vertex -18.976922497331955 -25.349999999999998 0.26176948307873155
    endloop
  endfacet
  facet normal -0.981908312352152 0.1819859488216265 0.052318071115449276
    outer loop
      vertex -18.976922497331955 -25.349999999999998 0.26176948307873155
      vertex -18.974999999999998 -25.489930006256145 0.7845909572784494
      vertex -18.974999999999998 -25.349999999999998 0.29785101419172294
    endloop
  endfacet
  facet normal -0.9982882661924182 -0.026141098241904418 0.052318071115462834
    outer loop
      vertex -19.171573249755568 -27.299999999999997 0.26176948307873155
      vertex -19.142864041252817 -27.349999999999998 0.7845909572784494
      vertex -19.144173337331274 -27.299999999999997 0.7845909572784494
    endloop
  endfacet
  facet normal -0.998288266192417 0.026141098241953178 0.05231807111546277
    outer loop
      vertex -19.171573249755568 -27.299999999999997 0.26176948307873155
      vertex -19.144173337331274 -27.299999999999997 0.7845909572784494
      vertex -19.130510931746834 -26.778253780439105 0.7845909572784494
    endloop
  endfacet
  facet normal -0.9955520274449501 0.07835164379262302 0.05231807111546829
    outer loop
      vertex -19.157873293543425 -26.776819779821405 0.26176948307873155
      vertex -19.130510931746834 -26.778253780439105 0.7845909572784494
      vertex -19.089561162697557 -26.257937630999894 0.7845909572784494
    endloop
  endfacet
  facet normal -0.9900870497902298 0.1303474329338179 0.0523180711154649
    outer loop
      vertex -19.11681097553469 -26.255073560260513 0.26176948307873155
      vertex -19.089561162697557 -26.257937630999894 0.7845909572784494
      vertex -19.02143627065402 -25.740477702081247 0.7845909572784494
    endloop
  endfacet
  facet normal -0.981908312352139 0.18198594882169053 0.052318071115466366
    outer loop
      vertex -18.976922497331955 -25.349999999999998 0.26176948307873155
      vertex -19.02143627065402 -25.740477702081247 0.7845909572784494
      vertex -18.974999999999998 -25.489930006256145 0.7845909572784494
    endloop
  endfacet
  facet normal -0.9941848192855567 -0.026033645703038205 0.10449303514375184
    outer loop
      vertex -19.142864041252817 -27.349999999999998 0.7845909572784494
      vertex -19.088139317659643 -27.349999999999998 1.3052619222005157
      vertex -19.144173337331274 -27.299999999999997 0.7845909572784494
    endloop
  endfacet
  facet normal -0.9941848192855557 0.026033645703086795 0.10449303514374957
    outer loop
      vertex -19.144173337331274 -27.299999999999997 0.7845909572784494
      vertex -19.07586120648541 -26.781117851178486 1.3052619222005157
      vertex -19.130510931746834 -26.778253780439105 0.7845909572784494
    endloop
  endfacet
  facet normal -0.9914598278008332 0.07802958069596394 0.1044930351437568
    outer loop
      vertex -19.130510931746834 -26.778253780439105 0.7845909572784494
      vertex -19.035136226866165 -26.263657922259835 1.3052619222005157
      vertex -19.089561162697557 -26.257937630999894 0.7845909572784494
    endloop
  endfacet
  facet normal -0.9860173138436367 0.12981164203192772 0.10449303514375557
    outer loop
      vertex -19.089561162697557 -26.257937630999894 0.7845909572784494
      vertex -18.974999999999998 -25.74783248481954 1.2319097973804498
      vertex -19.02143627065402 -25.740477702081247 0.7845909572784494
    endloop
  endfacet
  facet normal -0.9778721949664156 0.18123789868018897 0.1044930351437552
    outer loop
      vertex -19.02143627065402 -25.740477702081247 0.7845909572784494
      vertex -18.974999999999998 -25.74783248481954 1.2319097973804498
      vertex -18.974999999999998 -25.489930006256145 0.7845909572784494
    endloop
  endfacet
  facet normal -0.9941848192855567 -0.026033645703038275 0.10449303514375184
    outer loop
      vertex -19.144173337331274 -27.299999999999997 0.7845909572784494
      vertex -19.088139317659643 -27.349999999999998 1.3052619222005157
      vertex -19.0894486137381 -27.299999999999997 1.3052619222005157
    endloop
  endfacet
  facet normal -0.9941848192855556 0.026033645703084616 0.10449303514375172
    outer loop
      vertex -19.144173337331274 -27.299999999999997 0.7845909572784494
      vertex -19.0894486137381 -27.299999999999997 1.3052619222005157
      vertex -19.07586120648541 -26.781117851178486 1.3052619222005157
    endloop
  endfacet
  facet normal -0.9914598278008332 0.07802958069597109 0.10449303514374972
    outer loop
      vertex -19.130510931746834 -26.778253780439105 0.7845909572784494
      vertex -19.07586120648541 -26.781117851178486 1.3052619222005157
      vertex -19.035136226866165 -26.263657922259835 1.3052619222005157
    endloop
  endfacet
  facet normal -0.9860173138436367 0.12981164203192674 0.10449303514375669
    outer loop
      vertex -19.089561162697557 -26.257937630999894 0.7845909572784494
      vertex -19.035136226866165 -26.263657922259835 1.3052619222005157
      vertex -18.974999999999998 -25.74783248481954 1.2319097973804498
    endloop
  endfacet
  facet normal -0.9873581629270698 -0.025854883415055416 0.15638217003506497
    outer loop
      vertex -19.088139317659643 -27.349999999999998 1.3052619222005157
      vertex -19.006239779561085 -27.349999999999998 1.8223552549214748
      vertex -19.0894486137381 -27.299999999999997 1.3052619222005157
    endloop
  endfacet
  facet normal -0.9873581629270679 0.025854883415101483 0.15638217003506893
    outer loop
      vertex -19.0894486137381 -27.299999999999997 1.3052619222005157
      vertex -18.99407390885743 -26.785404141820727 1.8223552549214748
      vertex -19.07586120648541 -26.781117851178486 1.3052619222005157
    endloop
  endfacet
  facet normal -0.9860173138436372 0.12981164203192605 0.1044930351437515
    outer loop
      vertex -19.035136226866165 -26.263657922259835 1.3052619222005157
      vertex -18.974999999999998 -25.806877929717363 1.3052619222005157
      vertex -18.974999999999998 -25.74783248481954 1.2319097973804498
    endloop
  endfacet
  facet normal -0.9846518828329099 0.07749378380702744 0.1563821700350623
    outer loop
      vertex -19.07586120648541 -26.781117851178486 1.3052619222005157
      vertex -18.974999999999998 -26.26997849439637 1.687038527855351
      vertex -19.035136226866165 -26.263657922259835 1.3052619222005157
    endloop
  endfacet
  facet normal -0.9792467403702202 0.12892027912405177 0.15638217003506263
    outer loop
      vertex -19.035136226866165 -26.263657922259835 1.3052619222005157
      vertex -18.974999999999998 -26.26997849439637 1.687038527855351
      vertex -18.974999999999998 -25.806877929717363 1.3052619222005157
    endloop
  endfacet
  facet normal -0.9846518828329092 0.07749378380702249 0.15638217003506874
    outer loop
      vertex -19.07586120648541 -26.781117851178486 1.3052619222005157
      vertex -18.99407390885743 -26.785404141820727 1.8223552549214748
      vertex -18.974999999999998 -26.26997849439637 1.687038527855351
    endloop
  endfacet
  facet normal -0.987358162927069 -0.025854883415125447 0.15638217003505805
    outer loop
      vertex -19.0894486137381 -27.299999999999997 1.3052619222005157
      vertex -19.006239779561085 -27.349999999999998 1.8223552549214748
      vertex -19.007549075639545 -27.299999999999997 1.8223552549214748
    endloop
  endfacet
  facet normal -0.9873581629270693 0.02585488341511262 0.15638217003505814
    outer loop
      vertex -19.0894486137381 -27.299999999999997 1.3052619222005157
      vertex -19.007549075639545 -27.299999999999997 1.8223552549214748
      vertex -18.99407390885743 -26.785404141820727 1.8223552549214748
    endloop
  endfacet
  facet normal -0.977826896064424 -0.02560529840860514 0.207843522935935
    outer loop
      vertex -19.006239779561085 -27.349999999999998 1.8223552549214748
      vertex -18.974999999999998 -27.349999999999998 1.9693268624580267
      vertex -19.007549075639545 -27.299999999999997 1.8223552549214748
    endloop
  endfacet
  facet normal -0.9778268960644285 0.02560529840859244 0.2078435229359145
    outer loop
      vertex -19.007549075639545 -27.299999999999997 1.8223552549214748
      vertex -18.974999999999998 -26.786403763026193 1.912214089247042
      vertex -18.99407390885743 -26.785404141820727 1.8223552549214748
    endloop
  endfacet
  facet normal -0.9846518828329117 0.0774937838070191 0.15638217003505547
    outer loop
      vertex -18.974999999999998 -26.26997849439637 1.687038527855351
      vertex -18.99407390885743 -26.785404141820727 1.8223552549214748
      vertex -18.974999999999998 -26.543047150759037 1.8223552549214748
    endloop
  endfacet
  facet normal -0.9751467405102306 0.07674571288261324 0.2078435229359149
    outer loop
      vertex -18.99407390885743 -26.785404141820727 1.8223552549214748
      vertex -18.974999999999998 -26.786403763026193 1.912214089247042
      vertex -18.974999999999998 -26.543047150759037 1.8223552549214748
    endloop
  endfacet
  facet normal -0.9778268960644232 -0.02560529840858792 0.20784352293594072
    outer loop
      vertex -19.007549075639545 -27.299999999999997 1.8223552549214748
      vertex -18.974999999999998 -27.349999999999998 1.9693268624580267
      vertex -18.974999999999998 -27.299999999999997 1.975486616210969
    endloop
  endfacet
  facet normal -0.9778268960644233 0.02560529840858752 0.20784352293594074
    outer loop
      vertex -19.007549075639545 -27.299999999999997 1.8223552549214748
      vertex -18.974999999999998 -27.299999999999997 1.975486616210969
      vertex -18.974999999999998 -26.786403763026193 1.912214089247042
    endloop
  endfacet
  facet normal -0.9778268960644293 -0.025605298408584398 -0.2078435229359125
    outer loop
      vertex -38.875 -27.349999999999998 -1.9693268624580267
      vertex -38.90623977956108 -27.349999999999998 -1.8223552549214748
      vertex -38.875 -27.299999999999997 -1.975486616210969
    endloop
  endfacet
  facet normal -0.9778268960644368 0.02560529840857972 -0.20784352293587746
    outer loop
      vertex -38.875 -27.299999999999997 -1.975486616210969
      vertex -38.89407390885743 -26.785404141820727 -1.8223552549214748
      vertex -38.875 -26.786403763026193 -1.912214089247042
    endloop
  endfacet
  facet normal -0.9778268960644274 -0.025605298408605304 -0.2078435229359189
    outer loop
      vertex -38.875 -27.299999999999997 -1.975486616210969
      vertex -38.90623977956108 -27.349999999999998 -1.8223552549214748
      vertex -38.907549075639544 -27.299999999999997 -1.8223552549214748
    endloop
  endfacet
  facet normal -0.9778268960644277 0.025605298408592426 -0.207843522935919
    outer loop
      vertex -38.875 -27.299999999999997 -1.975486616210969
      vertex -38.907549075639544 -27.299999999999997 -1.8223552549214748
      vertex -38.89407390885743 -26.785404141820727 -1.8223552549214748
    endloop
  endfacet
  facet normal -0.9751467405102396 0.07674571288259964 -0.20784352293587807
    outer loop
      vertex -38.875 -26.786403763026193 -1.912214089247042
      vertex -38.89407390885743 -26.785404141820727 -1.8223552549214748
      vertex -38.875 -26.543047150759037 -1.8223552549214748
    endloop
  endfacet
  facet normal -0.987358162927069 -0.025854883415125554 -0.15638217003505805
    outer loop
      vertex -38.90623977956108 -27.349999999999998 -1.8223552549214748
      vertex -38.98813931765964 -27.349999999999998 -1.3052619222005157
      vertex -38.907549075639544 -27.299999999999997 -1.8223552549214748
    endloop
  endfacet
  facet normal -0.9873581629270688 0.025854883415112603 -0.15638217003506238
    outer loop
      vertex -38.907549075639544 -27.299999999999997 -1.8223552549214748
      vertex -38.975861206485405 -26.781117851178486 -1.3052619222005157
      vertex -38.89407390885743 -26.785404141820727 -1.8223552549214748
    endloop
  endfacet
  facet normal -0.9846518828329116 0.07749378380700465 -0.15638217003506222
    outer loop
      vertex -38.89407390885743 -26.785404141820727 -1.8223552549214748
      vertex -38.975861206485405 -26.781117851178486 -1.3052619222005157
      vertex -38.875 -26.543047150759037 -1.8223552549214748
    endloop
  endfacet
  facet normal -0.984651882832912 0.07749378380701802 -0.1563821700350533
    outer loop
      vertex -38.875 -26.543047150759037 -1.8223552549214748
      vertex -38.93513622686616 -26.263657922259835 -1.3052619222005157
      vertex -38.875 -26.26997849439637 -1.687038527855351
    endloop
  endfacet
  facet normal -0.987358162927069 -0.025854883415125447 -0.15638217003505805
    outer loop
      vertex -38.907549075639544 -27.299999999999997 -1.8223552549214748
      vertex -38.98813931765964 -27.349999999999998 -1.3052619222005157
      vertex -38.9894486137381 -27.299999999999997 -1.3052619222005157
    endloop
  endfacet
  facet normal -0.9873581629270692 0.025854883415108266 -0.1563821700350581
    outer loop
      vertex -38.907549075639544 -27.299999999999997 -1.8223552549214748
      vertex -38.9894486137381 -27.299999999999997 -1.3052619222005157
      vertex -38.975861206485405 -26.781117851178486 -1.3052619222005157
    endloop
  endfacet
  facet normal -0.9846518828329117 0.07749378380702082 -0.15638217003505478
    outer loop
      vertex -38.875 -26.543047150759037 -1.8223552549214748
      vertex -38.975861206485405 -26.781117851178486 -1.3052619222005157
      vertex -38.93513622686616 -26.263657922259835 -1.3052619222005157
    endloop
  endfacet
  facet normal -0.9792467403702226 0.1289202791240445 -0.1563821700350538
    outer loop
      vertex -38.875 -26.26997849439637 -1.687038527855351
      vertex -38.93513622686616 -26.263657922259835 -1.3052619222005157
      vertex -38.875 -25.806877929717363 -1.3052619222005157
    endloop
  endfacet
  facet normal -0.994184819285555 -0.026033645703108805 -0.10449303514375166
    outer loop
      vertex -38.98813931765964 -27.349999999999998 -1.3052619222005157
      vertex -39.04286404125281 -27.349999999999998 -0.7845909572784494
      vertex -38.9894486137381 -27.299999999999997 -1.3052619222005157
    endloop
  endfacet
  facet normal -0.994184819285555 0.026033645703091402 -0.10449303514375628
    outer loop
      vertex -38.9894486137381 -27.299999999999997 -1.3052619222005157
      vertex -39.03051093174683 -26.778253780439105 -0.7845909572784494
      vertex -38.975861206485405 -26.781117851178486 -1.3052619222005157
    endloop
  endfacet
  facet normal -0.9914598278008332 0.0780295806959643 -0.10449303514375645
    outer loop
      vertex -38.975861206485405 -26.781117851178486 -1.3052619222005157
      vertex -39.03051093174683 -26.778253780439105 -0.7845909572784494
      vertex -38.93513622686616 -26.263657922259835 -1.3052619222005157
    endloop
  endfacet
  facet normal -0.9860173138436377 0.12981164203191847 -0.10449303514375673
    outer loop
      vertex -38.93513622686616 -26.263657922259835 -1.3052619222005157
      vertex -38.989561162697555 -26.257937630999894 -0.7845909572784494
      vertex -38.875 -25.806877929717363 -1.3052619222005157
    endloop
  endfacet
  facet normal -0.9860173138436381 0.12981164203192155 -0.1044930351437478
    outer loop
      vertex -38.875 -25.806877929717363 -1.3052619222005157
      vertex -38.92143627065402 -25.740477702081247 -0.7845909572784494
      vertex -38.875 -25.74783248481954 -1.2319097973804498
    endloop
  endfacet
  facet normal -0.994184819285555 -0.026033645703108718 -0.10449303514375166
    outer loop
      vertex -38.9894486137381 -27.299999999999997 -1.3052619222005157
      vertex -39.04286404125281 -27.349999999999998 -0.7845909572784494
      vertex -39.04417333733127 -27.299999999999997 -0.7845909572784494
    endloop
  endfacet
  facet normal -0.9941848192855556 0.02603364570308679 -0.10449303514375172
    outer loop
      vertex -38.9894486137381 -27.299999999999997 -1.3052619222005157
      vertex -39.04417333733127 -27.299999999999997 -0.7845909572784494
      vertex -39.03051093174683 -26.778253780439105 -0.7845909572784494
    endloop
  endfacet
  facet normal -0.9914598278008332 0.07802958069596393 -0.1044930351437568
    outer loop
      vertex -38.93513622686616 -26.263657922259835 -1.3052619222005157
      vertex -39.03051093174683 -26.778253780439105 -0.7845909572784494
      vertex -38.989561162697555 -26.257937630999894 -0.7845909572784494
    endloop
  endfacet
  facet normal -0.9860173138436373 0.12981164203192777 -0.10449303514374851
    outer loop
      vertex -38.875 -25.806877929717363 -1.3052619222005157
      vertex -38.989561162697555 -26.257937630999894 -0.7845909572784494
      vertex -38.92143627065402 -25.740477702081247 -0.7845909572784494
    endloop
  endfacet
  facet normal -0.9778721949664189 0.1812378986801757 -0.10449303514374755
    outer loop
      vertex -38.875 -25.74783248481954 -1.2319097973804498
      vertex -38.92143627065402 -25.740477702081247 -0.7845909572784494
      vertex -38.875 -25.489930006256145 -0.7845909572784494
    endloop
  endfacet
  facet normal -0.9982882661924164 -0.026141098241975285 -0.05231807111546274
    outer loop
      vertex -39.04286404125281 -27.349999999999998 -0.7845909572784494
      vertex -39.070263953677106 -27.349999999999998 -0.26176948307873155
      vertex -39.04417333733127 -27.299999999999997 -0.7845909572784494
    endloop
  endfacet
  facet normal -0.9982882661924167 0.026141098241953178 -0.052318071115468205
    outer loop
      vertex -39.04417333733127 -27.299999999999997 -0.7845909572784494
      vertex -39.05787329354342 -26.776819779821405 -0.26176948307873155
      vertex -39.03051093174683 -26.778253780439105 -0.7845909572784494
    endloop
  endfacet
  facet normal -0.9955520274449501 0.07835164379262304 -0.0523180711154683
    outer loop
      vertex -39.03051093174683 -26.778253780439105 -0.7845909572784494
      vertex -39.05787329354342 -26.776819779821405 -0.26176948307873155
      vertex -38.989561162697555 -26.257937630999894 -0.7845909572784494
    endloop
  endfacet
  facet normal -0.9900870497902298 0.1303474329338179 -0.052318071115464895
    outer loop
      vertex -38.989561162697555 -26.257937630999894 -0.7845909572784494
      vertex -39.01681097553469 -26.255073560260513 -0.26176948307873155
      vertex -38.92143627065402 -25.740477702081247 -0.7845909572784494
    endloop
  endfacet
  facet normal -0.9819083123521419 0.18198594882167715 -0.05231807111546045
    outer loop
      vertex -38.92143627065402 -25.740477702081247 -0.7845909572784494
      vertex -38.94849884468882 -25.736191411439002 -0.26176948307873155
      vertex -38.875 -25.489930006256145 -0.7845909572784494
    endloop
  endfacet
  facet normal -0.9982882661924164 -0.02614109824197532 -0.05231807111546274
    outer loop
      vertex -39.04417333733127 -27.299999999999997 -0.7845909572784494
      vertex -39.070263953677106 -27.349999999999998 -0.26176948307873155
      vertex -39.071573249755566 -27.299999999999997 -0.26176948307873155
    endloop
  endfacet
  facet normal -0.9982882661924172 0.026141098241947748 -0.052318071115462786
    outer loop
      vertex -39.04417333733127 -27.299999999999997 -0.7845909572784494
      vertex -39.071573249755566 -27.299999999999997 -0.26176948307873155
      vertex -39.05787329354342 -26.776819779821405 -0.26176948307873155
    endloop
  endfacet
  facet normal -0.9955520274449502 0.0783516437926266 -0.052318071115464757
    outer loop
      vertex -38.989561162697555 -26.257937630999894 -0.7845909572784494
      vertex -39.05787329354342 -26.776819779821405 -0.26176948307873155
      vertex -39.01681097553469 -26.255073560260513 -0.26176948307873155
    endloop
  endfacet
  facet normal -0.9819083123521426 0.18198594882167282 -0.0523180711154626
    outer loop
      vertex -38.875 -25.489930006256145 -0.7845909572784494
      vertex -38.94849884468882 -25.736191411439002 -0.26176948307873155
      vertex -38.875 -25.349999999999998 -0.29785101419172294
    endloop
  endfacet
  facet normal -0.9900870497902294 0.13034743293382253 -0.052318071115460295
    outer loop
      vertex -39.01681097553469 -26.255073560260513 -0.26176948307873155
      vertex -38.94849884468882 -25.736191411439002 -0.26176948307873155
      vertex -38.92143627065402 -25.740477702081247 -0.7845909572784494
    endloop
  endfacet
  facet normal -0.9819083123521397 0.18198594882166455 -0.05231807111554531
    outer loop
      vertex -38.875 -25.349999999999998 -0.29785101419172294
      vertex -38.94849884468882 -25.736191411439002 -0.26176948307873155
      vertex -38.87692249733196 -25.349999999999998 -0.26176948307873155
    endloop
  endfacet
  facet normal -0.9996573249755567 -0.02617694830789423 0
    outer loop
      vertex -39.070263953677106 -27.349999999999998 -0.26176948307873155
      vertex -39.070263953677106 -27.349999999999998 0.26176948307873155
      vertex -39.071573249755566 -27.299999999999997 -0.26176948307873155
    endloop
  endfacet
  facet normal -0.9996573249755576 0.026176948307866658 0
    outer loop
      vertex -39.071573249755566 -27.299999999999997 -0.26176948307873155
      vertex -39.05787329354342 -26.776819779821405 0.26176948307873155
      vertex -39.05787329354342 -26.776819779821405 -0.26176948307873155
    endloop
  endfacet
  facet normal -0.9969173337331281 0.07845909572784458 0
    outer loop
      vertex -39.05787329354342 -26.776819779821405 -0.26176948307873155
      vertex -39.01681097553469 -26.255073560260513 0.26176948307873155
      vertex -39.01681097553469 -26.255073560260513 -0.26176948307873155
    endloop
  endfacet
  facet normal -0.99144486137381 0.13052619222005402 0
    outer loop
      vertex -39.01681097553469 -26.255073560260513 -0.26176948307873155
      vertex -38.94849884468882 -25.736191411439002 0.26176948307873155
      vertex -38.94849884468882 -25.736191411439002 -0.26176948307873155
    endloop
  endfacet
  facet normal -0.9832549075639575 0.18223552549213223 0
    outer loop
      vertex -38.94849884468882 -25.736191411439002 -0.26176948307873155
      vertex -38.94849884468882 -25.736191411439002 0.26176948307873155
      vertex -38.87692249733196 -25.349999999999998 -0.26176948307873155
    endloop
  endfacet
  facet normal -0.9996573249755567 -0.02617694830789423 0
    outer loop
      vertex -39.071573249755566 -27.299999999999997 -0.26176948307873155
      vertex -39.070263953677106 -27.349999999999998 0.26176948307873155
      vertex -39.071573249755566 -27.299999999999997 0.26176948307873155
    endloop
  endfacet
  facet normal -0.9996573249755576 0.026176948307866658 0
    outer loop
      vertex -39.071573249755566 -27.299999999999997 -0.26176948307873155
      vertex -39.071573249755566 -27.299999999999997 0.26176948307873155
      vertex -39.05787329354342 -26.776819779821405 0.26176948307873155
    endloop
  endfacet
  facet normal -0.9969173337331281 0.07845909572784458 0
    outer loop
      vertex -39.05787329354342 -26.776819779821405 -0.26176948307873155
      vertex -39.05787329354342 -26.776819779821405 0.26176948307873155
      vertex -39.01681097553469 -26.255073560260513 0.26176948307873155
    endloop
  endfacet
  facet normal -0.99144486137381 0.13052619222005402 0
    outer loop
      vertex -39.01681097553469 -26.255073560260513 -0.26176948307873155
      vertex -39.01681097553469 -26.255073560260513 0.26176948307873155
      vertex -38.94849884468882 -25.736191411439002 0.26176948307873155
    endloop
  endfacet
  facet normal -0.9832549075639575 0.18223552549213223 0
    outer loop
      vertex -38.87692249733196 -25.349999999999998 -0.26176948307873155
      vertex -38.94849884468882 -25.736191411439002 0.26176948307873155
      vertex -38.87692249733196 -25.349999999999998 0.26176948307873155
    endloop
  endfacet
  facet normal -0.9982882661924164 -0.026141098241975285 0.05231807111546274
    outer loop
      vertex -39.070263953677106 -27.349999999999998 0.26176948307873155
      vertex -39.04286404125281 -27.349999999999998 0.7845909572784494
      vertex -39.071573249755566 -27.299999999999997 0.26176948307873155
    endloop
  endfacet
  facet normal -0.9982882661924167 0.026141098241947734 0.052318071115468184
    outer loop
      vertex -39.071573249755566 -27.299999999999997 0.26176948307873155
      vertex -39.03051093174683 -26.778253780439105 0.7845909572784494
      vertex -39.05787329354342 -26.776819779821405 0.26176948307873155
    endloop
  endfacet
  facet normal -0.9955520274449502 0.07835164379262659 0.052318071115464757
    outer loop
      vertex -39.05787329354342 -26.776819779821405 0.26176948307873155
      vertex -38.989561162697555 -26.257937630999894 0.7845909572784494
      vertex -39.01681097553469 -26.255073560260513 0.26176948307873155
    endloop
  endfacet
  facet normal -0.9900870497902294 0.13034743293382253 0.052318071115460295
    outer loop
      vertex -39.01681097553469 -26.255073560260513 0.26176948307873155
      vertex -38.92143627065402 -25.740477702081247 0.7845909572784494
      vertex -38.94849884468882 -25.736191411439002 0.26176948307873155
    endloop
  endfacet
  facet normal -0.9819083123521442 0.18198594882166536 0.052318071115460475
    outer loop
      vertex -38.94849884468882 -25.736191411439002 0.26176948307873155
      vertex -38.92143627065402 -25.740477702081247 0.7845909572784494
      vertex -38.87692249733196 -25.349999999999998 0.26176948307873155
    endloop
  endfacet
  facet normal -0.9819083123520869 0.18198594882195074 0.05231807111554249
    outer loop
      vertex -38.87692249733196 -25.349999999999998 0.26176948307873155
      vertex -38.875 -25.489930006256145 0.7845909572784494
      vertex -38.875 -25.349999999999998 0.29785101419172294
    endloop
  endfacet
  facet normal -0.9982882661924164 -0.026141098241975254 0.05231807111546274
    outer loop
      vertex -39.071573249755566 -27.299999999999997 0.26176948307873155
      vertex -39.04286404125281 -27.349999999999998 0.7845909572784494
      vertex -39.04417333733127 -27.299999999999997 0.7845909572784494
    endloop
  endfacet
  facet normal -0.998288266192417 0.026141098241953178 0.05231807111546277
    outer loop
      vertex -39.071573249755566 -27.299999999999997 0.26176948307873155
      vertex -39.04417333733127 -27.299999999999997 0.7845909572784494
      vertex -39.03051093174683 -26.778253780439105 0.7845909572784494
    endloop
  endfacet
  facet normal -0.9955520274449501 0.07835164379262302 0.05231807111546829
    outer loop
      vertex -39.05787329354342 -26.776819779821405 0.26176948307873155
      vertex -39.03051093174683 -26.778253780439105 0.7845909572784494
      vertex -38.989561162697555 -26.257937630999894 0.7845909572784494
    endloop
  endfacet
  facet normal -0.9900870497902298 0.1303474329338179 0.0523180711154649
    outer loop
      vertex -39.01681097553469 -26.255073560260513 0.26176948307873155
      vertex -38.989561162697555 -26.257937630999894 0.7845909572784494
      vertex -38.92143627065402 -25.740477702081247 0.7845909572784494
    endloop
  endfacet
  facet normal -0.9819083123521415 0.18198594882167707 0.05231807111546945
    outer loop
      vertex -38.87692249733196 -25.349999999999998 0.26176948307873155
      vertex -38.92143627065402 -25.740477702081247 0.7845909572784494
      vertex -38.875 -25.489930006256145 0.7845909572784494
    endloop
  endfacet
  facet normal -0.994184819285555 -0.026033645703108805 0.10449303514375166
    outer loop
      vertex -39.04286404125281 -27.349999999999998 0.7845909572784494
      vertex -38.98813931765964 -27.349999999999998 1.3052619222005157
      vertex -39.04417333733127 -27.299999999999997 0.7845909572784494
    endloop
  endfacet
  facet normal -0.9941848192855551 0.02603364570308678 0.10449303514375628
    outer loop
      vertex -39.04417333733127 -27.299999999999997 0.7845909572784494
      vertex -38.975861206485405 -26.781117851178486 1.3052619222005157
      vertex -39.03051093174683 -26.778253780439105 0.7845909572784494
    endloop
  endfacet
  facet normal -0.9914598278008332 0.07802958069596394 0.1044930351437568
    outer loop
      vertex -39.03051093174683 -26.778253780439105 0.7845909572784494
      vertex -38.93513622686616 -26.263657922259835 1.3052619222005157
      vertex -38.989561162697555 -26.257937630999894 0.7845909572784494
    endloop
  endfacet
  facet normal -0.9860173138436373 0.12981164203192783 0.10449303514374784
    outer loop
      vertex -38.989561162697555 -26.257937630999894 0.7845909572784494
      vertex -38.875 -25.74783248481954 1.2319097973804498
      vertex -38.92143627065402 -25.740477702081247 0.7845909572784494
    endloop
  endfacet
  facet normal -0.9778721949664189 0.1812378986801757 0.10449303514374755
    outer loop
      vertex -38.92143627065402 -25.740477702081247 0.7845909572784494
      vertex -38.875 -25.74783248481954 1.2319097973804498
      vertex -38.875 -25.489930006256145 0.7845909572784494
    endloop
  endfacet
  facet normal -0.994184819285555 -0.02603364570310885 0.10449303514375166
    outer loop
      vertex -39.04417333733127 -27.299999999999997 0.7845909572784494
      vertex -38.98813931765964 -27.349999999999998 1.3052619222005157
      vertex -38.9894486137381 -27.299999999999997 1.3052619222005157
    endloop
  endfacet
  facet normal -0.9941848192855555 0.02603364570309143 0.1044930351437517
    outer loop
      vertex -39.04417333733127 -27.299999999999997 0.7845909572784494
      vertex -38.9894486137381 -27.299999999999997 1.3052619222005157
      vertex -38.975861206485405 -26.781117851178486 1.3052619222005157
    endloop
  endfacet
  facet normal -0.9914598278008332 0.07802958069596429 0.10449303514375645
    outer loop
      vertex -39.03051093174683 -26.778253780439105 0.7845909572784494
      vertex -38.975861206485405 -26.781117851178486 1.3052619222005157
      vertex -38.93513622686616 -26.263657922259835 1.3052619222005157
    endloop
  endfacet
  facet normal -0.9860173138436374 0.12981164203192005 0.10449303514375671
    outer loop
      vertex -38.989561162697555 -26.257937630999894 0.7845909572784494
      vertex -38.93513622686616 -26.263657922259835 1.3052619222005157
      vertex -38.875 -25.74783248481954 1.2319097973804498
    endloop
  endfacet
  facet normal -0.987358162927069 -0.025854883415125554 0.15638217003505805
    outer loop
      vertex -38.98813931765964 -27.349999999999998 1.3052619222005157
      vertex -38.90623977956108 -27.349999999999998 1.8223552549214748
      vertex -38.9894486137381 -27.299999999999997 1.3052619222005157
    endloop
  endfacet
  facet normal -0.9873581629270687 0.025854883415108262 0.15638217003506233
    outer loop
      vertex -38.9894486137381 -27.299999999999997 1.3052619222005157
      vertex -38.89407390885743 -26.785404141820727 1.8223552549214748
      vertex -38.975861206485405 -26.781117851178486 1.3052619222005157
    endloop
  endfacet
  facet normal -0.9860173138436388 0.1298116420319186 0.10449303514374544
    outer loop
      vertex -38.93513622686616 -26.263657922259835 1.3052619222005157
      vertex -38.875 -25.806877929717363 1.3052619222005157
      vertex -38.875 -25.74783248481954 1.2319097973804498
    endloop
  endfacet
  facet normal -0.9846518828329118 0.07749378380702084 0.15638217003505334
    outer loop
      vertex -38.975861206485405 -26.781117851178486 1.3052619222005157
      vertex -38.875 -26.26997849439637 1.687038527855351
      vertex -38.93513622686616 -26.263657922259835 1.3052619222005157
    endloop
  endfacet
  facet normal -0.9792467403702226 0.1289202791240445 0.1563821700350538
    outer loop
      vertex -38.93513622686616 -26.263657922259835 1.3052619222005157
      vertex -38.875 -26.26997849439637 1.687038527855351
      vertex -38.875 -25.806877929717363 1.3052619222005157
    endloop
  endfacet
  facet normal -0.984651882832911 0.07749378380701405 0.1563821700350622
    outer loop
      vertex -38.975861206485405 -26.781117851178486 1.3052619222005157
      vertex -38.89407390885743 -26.785404141820727 1.8223552549214748
      vertex -38.875 -26.26997849439637 1.687038527855351
    endloop
  endfacet
  facet normal -0.987358162927069 -0.025854883415125447 0.15638217003505805
    outer loop
      vertex -38.9894486137381 -27.299999999999997 1.3052619222005157
      vertex -38.90623977956108 -27.349999999999998 1.8223552549214748
      vertex -38.907549075639544 -27.299999999999997 1.8223552549214748
    endloop
  endfacet
  facet normal -0.9873581629270693 0.02585488341511262 0.15638217003505814
    outer loop
      vertex -38.9894486137381 -27.299999999999997 1.3052619222005157
      vertex -38.907549075639544 -27.299999999999997 1.8223552549214748
      vertex -38.89407390885743 -26.785404141820727 1.8223552549214748
    endloop
  endfacet
  facet normal -0.9778268960644287 -0.025605298408605266 0.20784352293591238
    outer loop
      vertex -38.90623977956108 -27.349999999999998 1.8223552549214748
      vertex -38.875 -27.349999999999998 1.9693268624580267
      vertex -38.907549075639544 -27.299999999999997 1.8223552549214748
    endloop
  endfacet
  facet normal -0.9778268960644365 0.025605298408592648 0.20784352293587752
    outer loop
      vertex -38.907549075639544 -27.299999999999997 1.8223552549214748
      vertex -38.875 -26.786403763026193 1.912214089247042
      vertex -38.89407390885743 -26.785404141820727 1.8223552549214748
    endloop
  endfacet
  facet normal -0.9846518828329173 0.0774937838070051 0.15638217003502722
    outer loop
      vertex -38.875 -26.26997849439637 1.687038527855351
      vertex -38.89407390885743 -26.785404141820727 1.8223552549214748
      vertex -38.875 -26.543047150759037 1.8223552549214748
    endloop
  endfacet
  facet normal -0.9751467405102396 0.07674571288259965 0.2078435229358781
    outer loop
      vertex -38.89407390885743 -26.785404141820727 1.8223552549214748
      vertex -38.875 -26.786403763026193 1.912214089247042
      vertex -38.875 -26.543047150759037 1.8223552549214748
    endloop
  endfacet
  facet normal -0.9778268960644277 -0.02560529840858527 0.20784352293591898
    outer loop
      vertex -38.907549075639544 -27.299999999999997 1.8223552549214748
      vertex -38.875 -27.349999999999998 1.9693268624580267
      vertex -38.875 -27.299999999999997 1.975486616210969
    endloop
  endfacet
  facet normal -0.9778268960644279 0.025605298408584845 0.207843522935919
    outer loop
      vertex -38.907549075639544 -27.299999999999997 1.8223552549214748
      vertex -38.875 -27.299999999999997 1.975486616210969
      vertex -38.875 -26.786403763026193 1.912214089247042
    endloop
  endfacet
  facet normal 1 0 0
    outer loop
      vertex -48 28.4 -4.05
      vertex -48 29.9 -4.05
      vertex -48 29.9 4.05
    endloop
  endfacet
  facet normal 0 1 0
    outer loop
      vertex -42.58725650918933 28.4 -4.05
      vertex -48 28.4 -4.05
      vertex -48 28.4 4.05
    endloop
  endfacet
  facet normal 0 -1 0
    outer loop
      vertex -48 29.9 -4.05
      vertex -43.85783543835371 29.9 -4.05
      vertex -43.85783543835371 29.9 4.05
    endloop
  endfacet
  facet normal 0 -1 0
    outer loop
      vertex -43.85783543835371 29.9 -4.05
      vertex -31.599999999999998 29.9 -4.05
      vertex -43.85783543835371 29.9 4.05
    endloop
  endfacet
  facet normal 0 1 0
    outer loop
      vertex -42.58725650918933 28.4 -4.05
      vertex -31.599999999999998 28.4 4.05
      vertex -31.599999999999998 28.4 -4.05
    endloop
  endfacet
  facet normal -1 0 0
    outer loop
      vertex -31.599999999999998 29.9 -4.05
      vertex -31.599999999999998 28.4 -4.05
      vertex -31.599999999999998 28.4 4.05
    endloop
  endfacet
  facet normal 1 0 0
    outer loop
      vertex -48 28.4 -4.05
      vertex -48 29.9 4.05
      vertex -48 28.4 4.05
    endloop
  endfacet
  facet normal 0 1 0
    outer loop
      vertex -48 28.4 4.05
      vertex -42.58725650918933 28.4 4.05
      vertex -42.58725650918933 28.4 -4.05
    endloop
  endfacet
  facet normal 0 -1 0
    outer loop
      vertex -48 29.9 -4.05
      vertex -43.85783543835371 29.9 4.05
      vertex -48 29.9 4.05
    endloop
  endfacet
  facet normal 0 1 0
    outer loop
      vertex -42.58725650918933 28.4 4.05
      vertex -31.599999999999998 28.4 4.05
      vertex -42.58725650918933 28.4 -4.05
    endloop
  endfacet
  facet normal 0 -1 0
    outer loop
      vertex -43.85783543835371 29.9 4.05
      vertex -31.599999999999998 29.9 -4.05
      vertex -31.599999999999998 29.9 4.05
    endloop
  endfacet
  facet normal -1 0 0
    outer loop
      vertex -31.599999999999998 28.4 4.05
      vertex -31.599999999999998 29.9 4.05
      vertex -31.599999999999998 29.9 -4.05
    endloop
  endfacet
  facet normal 1 0 0
    outer loop
      vertex -48 -29.9 -4.05
      vertex -48 -28.4 -4.05
      vertex -48 -28.4 4.05
    endloop
  endfacet
  facet normal 0 1 0
    outer loop
      vertex -48 -29.9 -4.05
      vertex -48 -29.9 4.05
      vertex -43.85783543835371 -29.9 -4.05
    endloop
  endfacet
  facet normal 0 -1 0
    outer loop
      vertex -48 -28.4 -4.05
      vertex -42.58725650918933 -28.4 -4.05
      vertex -42.58725650918933 -28.4 4.05
    endloop
  endfacet
  facet normal 0 -1 0
    outer loop
      vertex -42.58725650918933 -28.4 -4.05
      vertex -31.599999999999998 -28.4 -4.05
      vertex -42.58725650918933 -28.4 4.05
    endloop
  endfacet
  facet normal 0 1 0
    outer loop
      vertex -43.85783543835371 -29.9 -4.05
      vertex -31.599999999999998 -29.9 4.05
      vertex -31.599999999999998 -29.9 -4.05
    endloop
  endfacet
  facet normal -1 0 0
    outer loop
      vertex -31.599999999999998 -28.4 -4.05
      vertex -31.599999999999998 -29.9 -4.05
      vertex -31.599999999999998 -29.9 4.05
    endloop
  endfacet
  facet normal 1 0 0
    outer loop
      vertex -48 -29.9 -4.05
      vertex -48 -28.4 4.05
      vertex -48 -29.9 4.05
    endloop
  endfacet
  facet normal 0 1 0
    outer loop
      vertex -43.85783543835371 -29.9 4.05
      vertex -43.85783543835371 -29.9 -4.05
      vertex -48 -29.9 4.05
    endloop
  endfacet
  facet normal 0 -1 0
    outer loop
      vertex -42.58725650918933 -28.4 4.05
      vertex -48 -28.4 4.05
      vertex -48 -28.4 -4.05
    endloop
  endfacet
  facet normal 0 1 0
    outer loop
      vertex -43.85783543835371 -29.9 4.05
      vertex -31.599999999999998 -29.9 4.05
      vertex -43.85783543835371 -29.9 -4.05
    endloop
  endfacet
  facet normal 0 -1 0
    outer loop
      vertex -42.58725650918933 -28.4 4.05
      vertex -31.599999999999998 -28.4 -4.05
      vertex -31.599999999999998 -28.4 4.05
    endloop
  endfacet
  facet normal -1 0 0
    outer loop
      vertex -31.599999999999998 -29.9 4.05
      vertex -31.599999999999998 -28.4 4.05
      vertex -31.599999999999998 -28.4 -4.05
    endloop
  endfacet
  facet normal 1 0 0
    outer loop
      vertex -48.75 -25.349999999999998 -2.5599999999999996
      vertex -48.75 -25.349999999999998 -4.05
      vertex -48.75 -25.285360086856873 -2.5599999999999996
    endloop
  endfacet
  facet normal 1 0 0
    outer loop
      vertex -48.75 -25.285360086856873 -2.5599999999999996
      vertex -48.75 -25.349999999999998 -4.05
      vertex -48.75 -21.414639913143123 -2.5599999999999996
    endloop
  endfacet
  facet normal 1 0 0
    outer loop
      vertex -48.75 -21.414639913143123 -2.5599999999999996
      vertex -48.75 -25.349999999999998 -4.05
      vertex -48.75 -19.444463555739535 -4.05
    endloop
  endfacet
  facet normal 0 1 0
    outer loop
      vertex -38.875 -25.349999999999998 -0.29785101419172294
      vertex -30.849999999999998 -25.349999999999998 -4.05
      vertex -38.875 -25.349999999999998 -4.05
    endloop
  endfacet
  facet normal 0 1 0
    outer loop
      vertex -30.849999999999998 -25.349999999999998 -2.5599999999999996
      vertex -30.849999999999998 -25.349999999999998 -4.05
      vertex -38.875 -25.349999999999998 0.29785101419172294
    endloop
  endfacet
  facet normal 0 1 0
    outer loop
      vertex -48.75 -25.349999999999998 -4.05
      vertex -41.75 -25.349999999999998 4.05
      vertex -41.75 -25.349999999999998 -4.05
    endloop
  endfacet
  facet normal 0 1 0
    outer loop
      vertex -41.75 -25.349999999999998 -4.05
      vertex -41.75 -25.349999999999998 4.05
      vertex -40.724999999999994 -25.349999999999998 -4.05
    endloop
  endfacet
  facet normal 0 1 0
    outer loop
      vertex -48.75 -25.349999999999998 -2.5599999999999996
      vertex -41.75 -25.349999999999998 4.05
      vertex -48.75 -25.349999999999998 -4.05
    endloop
  endfacet
  facet normal 0 1 0
    outer loop
      vertex -38.875 -25.349999999999998 -0.29785101419172294
      vertex -38.87692249733196 -25.349999999999998 -0.26176948307873155
      vertex -30.849999999999998 -25.349999999999998 -4.05
    endloop
  endfacet
  facet normal 0 1 0
    outer loop
      vertex -38.87692249733196 -25.349999999999998 -0.26176948307873155
      vertex -38.87692249733196 -25.349999999999998 0.26176948307873155
      vertex -30.849999999999998 -25.349999999999998 -4.05
    endloop
  endfacet
  facet normal 0 1 0
    outer loop
      vertex -38.87692249733196 -25.349999999999998 0.26176948307873155
      vertex -38.875 -25.349999999999998 0.29785101419172294
      vertex -30.849999999999998 -25.349999999999998 -4.05
    endloop
  endfacet
  facet normal 1 0 0
    outer loop
      vertex -48.75 -21.414639913143123 -2.5599999999999996
      vertex -48.75 -19.444463555739535 -4.05
      vertex -48.75 21.414639913143123 -2.5599999999999996
    endloop
  endfacet
  facet normal -1 0 0
    outer loop
      vertex -30.849999999999998 -25.349999999999998 -2.5599999999999996
      vertex -30.849999999999998 25.349999999999998 -4.05
      vertex -30.849999999999998 -25.349999999999998 -4.05
    endloop
  endfacet
  facet normal -1 0 0
    outer loop
      vertex -30.849999999999998 -25.349999999999998 -2.5599999999999996
      vertex -30.849999999999998 -23.349999999999998 -2.5599999999999996
      vertex -30.849999999999998 25.349999999999998 -4.05
    endloop
  endfacet
  facet normal 0 1 0
    outer loop
      vertex -40.724999999999994 -25.349999999999998 -4.05
      vertex -41.75 -25.349999999999998 4.05
      vertex -40.724999999999994 -25.349999999999998 4.05
    endloop
  endfacet
  facet normal 0 1 0
    outer loop
      vertex -48.75 -25.349999999999998 -2.5599999999999996
      vertex -48.75 -25.349999999999998 4.05
      vertex -41.75 -25.349999999999998 4.05
    endloop
  endfacet
  facet normal 0 1 0
    outer loop
      vertex -30.849999999999998 -25.349999999999998 -2.5599999999999996
      vertex -38.875 -25.349999999999998 0.29785101419172294
      vertex -38.875 -25.349999999999998 4.05
    endloop
  endfacet
  facet normal 0 1 0
    outer loop
      vertex -30.849999999999998 -25.349999999999998 -2.5599999999999996
      vertex -38.875 -25.349999999999998 4.05
      vertex -30.849999999999998 -25.349999999999998 4.05
    endloop
  endfacet
  facet normal 1 0 0
    outer loop
      vertex -48.75 21.414639913143123 -2.5599999999999996
      vertex -48.75 -19.444463555739535 -4.05
      vertex -48.75 19.444463555739535 -4.05
    endloop
  endfacet
  facet normal -1 0 0
    outer loop
      vertex -30.849999999999998 -23.349999999999998 -2.5599999999999996
      vertex -30.849999999999998 23.349999999999998 -2.5599999999999996
      vertex -30.849999999999998 25.349999999999998 -4.05
    endloop
  endfacet
  facet normal 1 0 0
    outer loop
      vertex -48.75 25.349999999999998 -2.5599999999999996
      vertex -48.75 19.444463555739535 -4.05
      vertex -48.75 25.349999999999998 -4.05
    endloop
  endfacet
  facet normal 1 0 0
    outer loop
      vertex -48.75 21.414639913143123 -2.5599999999999996
      vertex -48.75 19.444463555739535 -4.05
      vertex -48.75 25.285360086856873 -2.5599999999999996
    endloop
  endfacet
  facet normal 1 0 0
    outer loop
      vertex -48.75 25.285360086856873 -2.5599999999999996
      vertex -48.75 19.444463555739535 -4.05
      vertex -48.75 25.349999999999998 -2.5599999999999996
    endloop
  endfacet
  facet normal 0 -1 0
    outer loop
      vertex -48.75 25.349999999999998 -2.5599999999999996
      vertex -48.75 25.349999999999998 -4.05
      vertex -41.75 25.349999999999998 -4.05
    endloop
  endfacet
  facet normal 0 -1 0
    outer loop
      vertex -48.75 25.349999999999998 -2.5599999999999996
      vertex -41.75 25.349999999999998 -4.05
      vertex -40.724999999999994 25.349999999999998 -4.05
    endloop
  endfacet
  facet normal 0 -1 0
    outer loop
      vertex -30.849999999999998 25.349999999999998 -2.5599999999999996
      vertex -38.875 25.349999999999998 -4.05
      vertex -30.849999999999998 25.349999999999998 -4.05
    endloop
  endfacet
  facet normal -1 0 0
    outer loop
      vertex -30.849999999999998 23.349999999999998 -2.5599999999999996
      vertex -30.849999999999998 25.349999999999998 -2.5599999999999996
      vertex -30.849999999999998 25.349999999999998 -4.05
    endloop
  endfacet
  facet normal 0 -1 0
    outer loop
      vertex -30.849999999999998 25.349999999999998 -2.5599999999999996
      vertex -38.875 25.349999999999998 -0.29785101419172294
      vertex -38.875 25.349999999999998 -4.05
    endloop
  endfacet
  facet normal 0 -1 0
    outer loop
      vertex -48.75 25.349999999999998 -2.5599999999999996
      vertex -40.724999999999994 25.349999999999998 -4.05
      vertex -48.75 25.349999999999998 4.05
    endloop
  endfacet
  facet normal 0 -1 0
    outer loop
      vertex -48.75 25.349999999999998 4.05
      vertex -40.724999999999994 25.349999999999998 -4.05
      vertex -41.75 25.349999999999998 4.05
    endloop
  endfacet
  facet normal 0 -1 0
    outer loop
      vertex -41.75 25.349999999999998 4.05
      vertex -40.724999999999994 25.349999999999998 -4.05
      vertex -40.724999999999994 25.349999999999998 4.05
    endloop
  endfacet
  facet normal 0 -1 0
    outer loop
      vertex -30.849999999999998 25.349999999999998 -2.5599999999999996
      vertex -30.849999999999998 25.349999999999998 4.05
      vertex -38.875 25.349999999999998 -0.29785101419172294
    endloop
  endfacet
  facet normal 0 -1 0
    outer loop
      vertex -38.875 25.349999999999998 -0.29785101419172294
      vertex -30.849999999999998 25.349999999999998 4.05
      vertex -38.87692249733196 25.349999999999998 -0.26176948307873155
    endloop
  endfacet
  facet normal 0 -1 0
    outer loop
      vertex -38.87692249733196 25.349999999999998 -0.26176948307873155
      vertex -30.849999999999998 25.349999999999998 4.05
      vertex -38.87692249733196 25.349999999999998 0.26176948307873155
    endloop
  endfacet
  facet normal 0 -1 0
    outer loop
      vertex -38.87692249733196 25.349999999999998 0.26176948307873155
      vertex -30.849999999999998 25.349999999999998 4.05
      vertex -38.875 25.349999999999998 0.29785101419172294
    endloop
  endfacet
  facet normal 0 -1 0
    outer loop
      vertex -38.875 25.349999999999998 0.29785101419172294
      vertex -38.61124401913876 25.349999999999998 4.05
      vertex -38.875 25.349999999999998 4.05
    endloop
  endfacet
  facet normal 0 -1 0
    outer loop
      vertex -38.875 25.349999999999998 0.29785101419172294
      vertex -30.849999999999998 25.349999999999998 4.05
      vertex -38.61124401913876 25.349999999999998 4.05
    endloop
  endfacet
  facet normal 1 0 0
    outer loop
      vertex -28.099999999999998 28.4 -4.05
      vertex -28.099999999999998 29.9 -4.05
      vertex -28.099999999999998 29.9 4.05
    endloop
  endfacet
  facet normal 0 1 0
    outer loop
      vertex -28.099999999999998 28.4 -4.05
      vertex -28.099999999999998 28.4 4.05
      vertex -11.7 28.4 -4.05
    endloop
  endfacet
  facet normal 0 -1 0
    outer loop
      vertex -28.099999999999998 29.9 -4.05
      vertex -11.7 29.9 -4.05
      vertex -11.7 29.9 4.05
    endloop
  endfacet
  facet normal -1 0 0
    outer loop
      vertex -11.7 28.4 -4.05
      vertex -11.7 28.4 4.05
      vertex -11.7 29.9 -4.05
    endloop
  endfacet
  facet normal 1 0 0
    outer loop
      vertex -28.099999999999998 29.9 4.05
      vertex -28.099999999999998 28.4 4.05
      vertex -28.099999999999998 28.4 -4.05
    endloop
  endfacet
  facet normal 0 -1 0
    outer loop
      vertex -28.099999999999998 29.9 4.05
      vertex -28.099999999999998 29.9 -4.05
      vertex -11.7 29.9 4.05
    endloop
  endfacet
  facet normal 0 1 0
    outer loop
      vertex -28.099999999999998 28.4 4.05
      vertex -11.7 28.4 4.05
      vertex -11.7 28.4 -4.05
    endloop
  endfacet
  facet normal -1 0 0
    outer loop
      vertex -11.7 28.4 4.05
      vertex -11.7 29.9 4.05
      vertex -11.7 29.9 -4.05
    endloop
  endfacet
  facet normal 1 0 0
    outer loop
      vertex -28.099999999999998 -29.9 -4.05
      vertex -28.099999999999998 -28.4 -4.05
      vertex -28.099999999999998 -28.4 4.05
    endloop
  endfacet
  facet normal 0 1 0
    outer loop
      vertex -28.099999999999998 -29.9 -4.05
      vertex -28.099999999999998 -29.9 4.05
      vertex -11.7 -29.9 -4.05
    endloop
  endfacet
  facet normal 0 -1 0
    outer loop
      vertex -28.099999999999998 -28.4 -4.05
      vertex -11.7 -28.4 -4.05
      vertex -11.7 -28.4 4.05
    endloop
  endfacet
  facet normal -1 0 0
    outer loop
      vertex -11.7 -28.4 -4.05
      vertex -11.7 -29.9 -4.05
      vertex -11.7 -29.9 4.05
    endloop
  endfacet
  facet normal 1 0 0
    outer loop
      vertex -28.099999999999998 -28.4 4.05
      vertex -28.099999999999998 -29.9 4.05
      vertex -28.099999999999998 -29.9 -4.05
    endloop
  endfacet
  facet normal 0 -1 0
    outer loop
      vertex -28.099999999999998 -28.4 -4.05
      vertex -11.7 -28.4 4.05
      vertex -28.099999999999998 -28.4 4.05
    endloop
  endfacet
  facet normal 0 1 0
    outer loop
      vertex -11.7 -29.9 -4.05
      vertex -28.099999999999998 -29.9 4.05
      vertex -11.7 -29.9 4.05
    endloop
  endfacet
  facet normal -1 0 0
    outer loop
      vertex -11.7 -28.4 4.05
      vertex -11.7 -28.4 -4.05
      vertex -11.7 -29.9 4.05
    endloop
  endfacet
  facet normal 1 0 0
    outer loop
      vertex -28.849999999999998 -25.349999999999998 -2.5599999999999996
      vertex -28.849999999999998 -25.349999999999998 -4.05
      vertex -28.849999999999998 -23.349999999999998 -2.5599999999999996
    endloop
  endfacet
  facet normal 1 0 0
    outer loop
      vertex -28.849999999999998 -23.349999999999998 -2.5599999999999996
      vertex -28.849999999999998 -25.349999999999998 -4.05
      vertex -28.849999999999998 23.349999999999998 -2.5599999999999996
    endloop
  endfacet
  facet normal 0 1 0
    outer loop
      vertex -28.849999999999998 -25.349999999999998 -2.5599999999999996
      vertex -20.825 -25.349999999999998 -4.05
      vertex -28.849999999999998 -25.349999999999998 -4.05
    endloop
  endfacet
  facet normal 0 1 0
    outer loop
      vertex -18.974999999999998 -25.349999999999998 -0.29785101419172294
      vertex -10.95 -25.349999999999998 -4.05
      vertex -18.974999999999998 -25.349999999999998 -4.05
    endloop
  endfacet
  facet normal 0 1 0
    outer loop
      vertex -10.95 -25.349999999999998 -2.5599999999999996
      vertex -10.95 -25.349999999999998 -4.05
      vertex -18.974999999999998 -25.349999999999998 0.29785101419172294
    endloop
  endfacet
  facet normal 0 1 0
    outer loop
      vertex -18.974999999999998 -25.349999999999998 -0.29785101419172294
      vertex -18.976922497331955 -25.349999999999998 -0.26176948307873155
      vertex -10.95 -25.349999999999998 -4.05
    endloop
  endfacet
  facet normal 0 1 0
    outer loop
      vertex -18.976922497331955 -25.349999999999998 -0.26176948307873155
      vertex -18.976922497331955 -25.349999999999998 0.26176948307873155
      vertex -10.95 -25.349999999999998 -4.05
    endloop
  endfacet
  facet normal 0 1 0
    outer loop
      vertex -18.976922497331955 -25.349999999999998 0.26176948307873155
      vertex -18.974999999999998 -25.349999999999998 0.29785101419172294
      vertex -10.95 -25.349999999999998 -4.05
    endloop
  endfacet
  facet normal 0 1 0
    outer loop
      vertex -28.849999999999998 -25.349999999999998 -2.5599999999999996
      vertex -28.849999999999998 -25.349999999999998 4.05
      vertex -20.825 -25.349999999999998 -4.05
    endloop
  endfacet
  facet normal -1 0 0
    outer loop
      vertex -10.95 -25.349999999999998 -2.5599999999999996
      vertex -10.95 25.349999999999998 -4.05
      vertex -10.95 -25.349999999999998 -4.05
    endloop
  endfacet
  facet normal -1 0 0
    outer loop
      vertex -10.95 -25.349999999999998 -2.5599999999999996
      vertex -10.95 -23.349999999999998 -2.5599999999999996
      vertex -10.95 25.349999999999998 -4.05
    endloop
  endfacet
  facet normal 0 1 0
    outer loop
      vertex -10.95 -25.349999999999998 -2.5599999999999996
      vertex -18.974999999999998 -25.349999999999998 0.29785101419172294
      vertex -18.974999999999998 -25.349999999999998 4.05
    endloop
  endfacet
  facet normal 0 1 0
    outer loop
      vertex -28.849999999999998 -25.349999999999998 4.05
      vertex -20.825 -25.349999999999998 4.05
      vertex -20.825 -25.349999999999998 -4.05
    endloop
  endfacet
  facet normal 0 1 0
    outer loop
      vertex -10.95 -25.349999999999998 -2.5599999999999996
      vertex -18.974999999999998 -25.349999999999998 4.05
      vertex -10.95 -25.349999999999998 4.05
    endloop
  endfacet
  facet normal 1 0 0
    outer loop
      vertex -28.849999999999998 23.349999999999998 -2.5599999999999996
      vertex -28.849999999999998 -25.349999999999998 -4.05
      vertex -28.849999999999998 25.349999999999998 -2.5599999999999996
    endloop
  endfacet
  facet normal 1 0 0
    outer loop
      vertex -28.849999999999998 25.349999999999998 -2.5599999999999996
      vertex -28.849999999999998 -25.349999999999998 -4.05
      vertex -28.849999999999998 25.349999999999998 -4.05
    endloop
  endfacet
  facet normal -1 0 0
    outer loop
      vertex -10.95 -23.349999999999998 -2.5599999999999996
      vertex -10.95 23.349999999999998 -2.5599999999999996
      vertex -10.95 25.349999999999998 -4.05
    endloop
  endfacet
  facet normal 0 -1 0
    outer loop
      vertex -10.95 25.349999999999998 -2.5599999999999996
      vertex -18.974999999999998 25.349999999999998 -4.05
      vertex -10.95 25.349999999999998 -4.05
    endloop
  endfacet
  facet normal 0 -1 0
    outer loop
      vertex -10.95 25.349999999999998 -2.5599999999999996
      vertex -18.974999999999998 25.349999999999998 -0.29785101419172294
      vertex -18.974999999999998 25.349999999999998 -4.05
    endloop
  endfacet
  facet normal -1 0 0
    outer loop
      vertex -10.95 23.349999999999998 -2.5599999999999996
      vertex -10.95 25.349999999999998 -2.5599999999999996
      vertex -10.95 25.349999999999998 -4.05
    endloop
  endfacet
  facet normal 0 -1 0
    outer loop
      vertex -28.849999999999998 25.349999999999998 -4.05
      vertex -20.825 25.349999999999998 -4.05
      vertex -20.825 25.349999999999998 4.05
    endloop
  endfacet
  facet normal 0 -1 0
    outer loop
      vertex -28.849999999999998 25.349999999999998 -4.05
      vertex -20.825 25.349999999999998 4.05
      vertex -28.849999999999998 25.349999999999998 -2.5599999999999996
    endloop
  endfacet
  facet normal 0 -1 0
    outer loop
      vertex -10.95 25.349999999999998 -2.5599999999999996
      vertex -10.95 25.349999999999998 4.05
      vertex -18.974999999999998 25.349999999999998 -0.29785101419172294
    endloop
  endfacet
  facet normal 0 -1 0
    outer loop
      vertex -28.849999999999998 25.349999999999998 -2.5599999999999996
      vertex -20.825 25.349999999999998 4.05
      vertex -28.849999999999998 25.349999999999998 4.05
    endloop
  endfacet
  facet normal 0 -1 0
    outer loop
      vertex -18.974999999999998 25.349999999999998 -0.29785101419172294
      vertex -10.95 25.349999999999998 4.05
      vertex -18.976922497331955 25.349999999999998 -0.26176948307873155
    endloop
  endfacet
  facet normal 0 -1 0
    outer loop
      vertex -18.976922497331955 25.349999999999998 -0.26176948307873155
      vertex -10.95 25.349999999999998 4.05
      vertex -18.976922497331955 25.349999999999998 0.26176948307873155
    endloop
  endfacet
  facet normal 0 -1 0
    outer loop
      vertex -18.976922497331955 25.349999999999998 0.26176948307873155
      vertex -10.95 25.349999999999998 4.05
      vertex -18.974999999999998 25.349999999999998 0.29785101419172294
    endloop
  endfacet
  facet normal 0 -1 0
    outer loop
      vertex -18.974999999999998 25.349999999999998 0.29785101419172294
      vertex -10.95 25.349999999999998 4.05
      vertex -18.974999999999998 25.349999999999998 4.05
    endloop
  endfacet
  facet normal 1 0 0
    outer loop
      vertex -8.2 29.9 -4.05
      vertex -8.2 29.9 4.05
      vertex -8.2 28.4 -4.05
    endloop
  endfacet
  facet normal 0 1 0
    outer loop
      vertex -8.2 28.4 4.05
      vertex 8.2 28.4 -4.05
      vertex -8.2 28.4 -4.05
    endloop
  endfacet
  facet normal 1 0 0
    outer loop
      vertex -8.2 29.9 4.05
      vertex -8.2 28.4 4.05
      vertex -8.2 28.4 -4.05
    endloop
  endfacet
  facet normal 0 -1 0
    outer loop
      vertex -8.2 29.9 4.05
      vertex -8.2 29.9 -4.05
      vertex 8.2 29.9 4.05
    endloop
  endfacet
  facet normal 0 -1 0
    outer loop
      vertex -8.2 29.9 -4.05
      vertex 8.2 29.9 -4.05
      vertex 8.2 29.9 4.05
    endloop
  endfacet
  facet normal -1 0 0
    outer loop
      vertex 8.2 29.9 -4.05
      vertex 8.2 28.4 -4.05
      vertex 8.2 28.4 4.05
    endloop
  endfacet
  facet normal 0 1 0
    outer loop
      vertex -8.2 28.4 4.05
      vertex 8.2 28.4 4.05
      vertex 8.2 28.4 -4.05
    endloop
  endfacet
  facet normal -1 0 0
    outer loop
      vertex 8.2 29.9 4.05
      vertex 8.2 29.9 -4.05
      vertex 8.2 28.4 4.05
    endloop
  endfacet
  facet normal 1 0 0
    outer loop
      vertex -8.2 -29.9 -4.05
      vertex -8.2 -28.4 -4.05
      vertex -8.2 -28.4 4.05
    endloop
  endfacet
  facet normal 0 1 0
    outer loop
      vertex -8.2 -29.9 -4.05
      vertex -8.2 -29.9 4.05
      vertex 8.2 -29.9 -4.05
    endloop
  endfacet
  facet normal 1 0 0
    outer loop
      vertex -8.2 -29.9 4.05
      vertex -8.2 -29.9 -4.05
      vertex -8.2 -28.4 4.05
    endloop
  endfacet
  facet normal 0 -1 0
    outer loop
      vertex -8.2 -28.4 -4.05
      vertex 8.2 -28.4 4.05
      vertex -8.2 -28.4 4.05
    endloop
  endfacet
  facet normal 0 -1 0
    outer loop
      vertex -8.2 -28.4 -4.05
      vertex 8.2 -28.4 -4.05
      vertex 8.2 -28.4 4.05
    endloop
  endfacet
  facet normal -1 0 0
    outer loop
      vertex 8.2 -29.9 -4.05
      vertex 8.2 -29.9 4.05
      vertex 8.2 -28.4 -4.05
    endloop
  endfacet
  facet normal 0 1 0
    outer loop
      vertex -8.2 -29.9 4.05
      vertex 8.2 -29.9 4.05
      vertex 8.2 -29.9 -4.05
    endloop
  endfacet
  facet normal -1 0 0
    outer loop
      vertex 8.2 -29.9 4.05
      vertex 8.2 -28.4 4.05
      vertex 8.2 -28.4 -4.05
    endloop
  endfacet
  facet normal 1 0 0
    outer loop
      vertex -8.95 -25.349999999999998 -2.5599999999999996
      vertex -8.95 -25.349999999999998 -4.05
      vertex -8.95 -23.349999999999998 -2.5599999999999996
    endloop
  endfacet
  facet normal 0 1 0
    outer loop
      vertex -8.95 -25.349999999999998 -2.5599999999999996
      vertex -0.925 -25.349999999999998 -4.05
      vertex -8.95 -25.349999999999998 -4.05
    endloop
  endfacet
  facet normal 0 1 0
    outer loop
      vertex -8.95 -25.349999999999998 -2.5599999999999996
      vertex -8.95 -25.349999999999998 4.05
      vertex -0.925 -25.349999999999998 -4.05
    endloop
  endfacet
  facet normal 1 0 0
    outer loop
      vertex -8.95 -23.349999999999998 -2.5599999999999996
      vertex -8.95 -25.349999999999998 -4.05
      vertex -8.95 23.349999999999998 -2.5599999999999996
    endloop
  endfacet
  facet normal 0 1 0
    outer loop
      vertex -0.925 -25.349999999999998 4.05
      vertex -0.925 -25.349999999999998 -4.05
      vertex -8.95 -25.349999999999998 4.05
    endloop
  endfacet
  facet normal 1 0 0
    outer loop
      vertex -8.95 23.349999999999998 -2.5599999999999996
      vertex -8.95 -25.349999999999998 -4.05
      vertex -8.95 25.349999999999998 -2.5599999999999996
    endloop
  endfacet
  facet normal 1 0 0
    outer loop
      vertex -8.95 25.349999999999998 -2.5599999999999996
      vertex -8.95 -25.349999999999998 -4.05
      vertex -8.95 25.349999999999998 -4.05
    endloop
  endfacet
  facet normal 0 -1 0
    outer loop
      vertex -8.95 25.349999999999998 -4.05
      vertex -0.925 25.349999999999998 -4.05
      vertex -0.925 25.349999999999998 4.05
    endloop
  endfacet
  facet normal 0 -1 0
    outer loop
      vertex -8.95 25.349999999999998 -4.05
      vertex -0.925 25.349999999999998 4.05
      vertex -8.95 25.349999999999998 -2.5599999999999996
    endloop
  endfacet
  facet normal 0 -1 0
    outer loop
      vertex -8.95 25.349999999999998 -2.5599999999999996
      vertex -0.925 25.349999999999998 4.05
      vertex -8.95 25.349999999999998 4.05
    endloop
  endfacet
  facet normal 0 1 0
    outer loop
      vertex 0.925 -25.349999999999998 -0.29785101419172294
      vertex 8.95 -25.349999999999998 -4.05
      vertex 0.925 -25.349999999999998 -4.05
    endloop
  endfacet
  facet normal 0 1 0
    outer loop
      vertex 8.95 -25.349999999999998 -2.5599999999999996
      vertex 8.95 -25.349999999999998 -4.05
      vertex 0.925 -25.349999999999998 0.29785101419172294
    endloop
  endfacet
  facet normal 0 1 0
    outer loop
      vertex 0.925 -25.349999999999998 -0.29785101419172294
      vertex 0.9230775026680421 -25.349999999999998 -0.26176948307873155
      vertex 8.95 -25.349999999999998 -4.05
    endloop
  endfacet
  facet normal 0 1 0
    outer loop
      vertex 0.9230775026680421 -25.349999999999998 -0.26176948307873155
      vertex 0.9230775026680421 -25.349999999999998 0.26176948307873155
      vertex 8.95 -25.349999999999998 -4.05
    endloop
  endfacet
  facet normal 0 1 0
    outer loop
      vertex 0.9230775026680421 -25.349999999999998 0.26176948307873155
      vertex 0.925 -25.349999999999998 0.29785101419172294
      vertex 8.95 -25.349999999999998 -4.05
    endloop
  endfacet
  facet normal -1 0 0
    outer loop
      vertex 8.95 -25.349999999999998 -2.5599999999999996
      vertex 8.95 25.349999999999998 -4.05
      vertex 8.95 -25.349999999999998 -4.05
    endloop
  endfacet
  facet normal -1 0 0
    outer loop
      vertex 8.95 -25.349999999999998 -2.5599999999999996
      vertex 8.95 -23.349999999999998 -2.5599999999999996
      vertex 8.95 25.349999999999998 -4.05
    endloop
  endfacet
  facet normal 0 1 0
    outer loop
      vertex 8.95 -25.349999999999998 -2.5599999999999996
      vertex 0.925 -25.349999999999998 0.29785101419172294
      vertex 0.925 -25.349999999999998 4.05
    endloop
  endfacet
  facet normal 0 1 0
    outer loop
      vertex 8.95 -25.349999999999998 -2.5599999999999996
      vertex 0.925 -25.349999999999998 4.05
      vertex 8.95 -25.349999999999998 4.05
    endloop
  endfacet
  facet normal -1 0 0
    outer loop
      vertex 8.95 -23.349999999999998 -2.5599999999999996
      vertex 8.95 23.349999999999998 -2.5599999999999996
      vertex 8.95 25.349999999999998 -4.05
    endloop
  endfacet
  facet normal 0 -1 0
    outer loop
      vertex 8.95 25.349999999999998 -2.5599999999999996
      vertex 0.925 25.349999999999998 -4.05
      vertex 8.95 25.349999999999998 -4.05
    endloop
  endfacet
  facet normal -1 0 0
    outer loop
      vertex 8.95 23.349999999999998 -2.5599999999999996
      vertex 8.95 25.349999999999998 -2.5599999999999996
      vertex 8.95 25.349999999999998 -4.05
    endloop
  endfacet
  facet normal 0 -1 0
    outer loop
      vertex 8.95 25.349999999999998 -2.5599999999999996
      vertex 0.925 25.349999999999998 -0.29785101419172294
      vertex 0.925 25.349999999999998 -4.05
    endloop
  endfacet
  facet normal 0 -1 0
    outer loop
      vertex 8.95 25.349999999999998 -2.5599999999999996
      vertex 8.95 25.349999999999998 4.05
      vertex 0.925 25.349999999999998 -0.29785101419172294
    endloop
  endfacet
  facet normal 0 -1 0
    outer loop
      vertex 0.925 25.349999999999998 -0.29785101419172294
      vertex 8.95 25.349999999999998 4.05
      vertex 0.9230775026680421 25.349999999999998 -0.26176948307873155
    endloop
  endfacet
  facet normal 0 -1 0
    outer loop
      vertex 0.9230775026680421 25.349999999999998 -0.26176948307873155
      vertex 8.95 25.349999999999998 4.05
      vertex 0.9230775026680421 25.349999999999998 0.26176948307873155
    endloop
  endfacet
  facet normal 0 -1 0
    outer loop
      vertex 0.9230775026680421 25.349999999999998 0.26176948307873155
      vertex 8.95 25.349999999999998 4.05
      vertex 0.925 25.349999999999998 0.29785101419172294
    endloop
  endfacet
  facet normal 0 -1 0
    outer loop
      vertex 0.925 25.349999999999998 0.29785101419172294
      vertex 8.95 25.349999999999998 4.05
      vertex 0.925 25.349999999999998 4.05
    endloop
  endfacet
  facet normal 1 0 0
    outer loop
      vertex 11.7 28.4 -4.05
      vertex 11.7 29.9 -4.05
      vertex 11.7 29.9 4.05
    endloop
  endfacet
  facet normal 0 1 0
    outer loop
      vertex 28.099999999999998 28.4 -4.05
      vertex 11.7 28.4 -4.05
      vertex 11.7 28.4 4.05
    endloop
  endfacet
  facet normal 0 -1 0
    outer loop
      vertex 11.7 29.9 -4.05
      vertex 28.099999999999998 29.9 -4.05
      vertex 28.099999999999998 29.9 4.05
    endloop
  endfacet
  facet normal -1 0 0
    outer loop
      vertex 28.099999999999998 29.9 -4.05
      vertex 28.099999999999998 28.4 -4.05
      vertex 28.099999999999998 28.4 4.05
    endloop
  endfacet
  facet normal 1 0 0
    outer loop
      vertex 11.7 28.4 4.05
      vertex 11.7 28.4 -4.05
      vertex 11.7 29.9 4.05
    endloop
  endfacet
  facet normal 0 -1 0
    outer loop
      vertex 11.7 29.9 -4.05
      vertex 28.099999999999998 29.9 4.05
      vertex 11.7 29.9 4.05
    endloop
  endfacet
  facet normal 0 1 0
    outer loop
      vertex 28.099999999999998 28.4 -4.05
      vertex 11.7 28.4 4.05
      vertex 28.099999999999998 28.4 4.05
    endloop
  endfacet
  facet normal -1 0 0
    outer loop
      vertex 28.099999999999998 28.4 4.05
      vertex 28.099999999999998 29.9 4.05
      vertex 28.099999999999998 29.9 -4.05
    endloop
  endfacet
  facet normal 1 0 0
    outer loop
      vertex 11.7 -28.4 -4.05
      vertex 11.7 -28.4 4.05
      vertex 11.7 -29.9 -4.05
    endloop
  endfacet
  facet normal 0 1 0
    outer loop
      vertex 11.7 -29.9 -4.05
      vertex 11.7 -29.9 4.05
      vertex 28.099999999999998 -29.9 -4.05
    endloop
  endfacet
  facet normal 0 -1 0
    outer loop
      vertex 11.7 -28.4 -4.05
      vertex 28.099999999999998 -28.4 -4.05
      vertex 28.099999999999998 -28.4 4.05
    endloop
  endfacet
  facet normal -1 0 0
    outer loop
      vertex 28.099999999999998 -28.4 -4.05
      vertex 28.099999999999998 -29.9 -4.05
      vertex 28.099999999999998 -29.9 4.05
    endloop
  endfacet
  facet normal 1 0 0
    outer loop
      vertex 11.7 -28.4 4.05
      vertex 11.7 -29.9 4.05
      vertex 11.7 -29.9 -4.05
    endloop
  endfacet
  facet normal 0 -1 0
    outer loop
      vertex 11.7 -28.4 -4.05
      vertex 28.099999999999998 -28.4 4.05
      vertex 11.7 -28.4 4.05
    endloop
  endfacet
  facet normal 0 1 0
    outer loop
      vertex 28.099999999999998 -29.9 -4.05
      vertex 11.7 -29.9 4.05
      vertex 28.099999999999998 -29.9 4.05
    endloop
  endfacet
  facet normal -1 0 0
    outer loop
      vertex 28.099999999999998 -29.9 4.05
      vertex 28.099999999999998 -28.4 4.05
      vertex 28.099999999999998 -28.4 -4.05
    endloop
  endfacet
  facet normal 1 0 0
    outer loop
      vertex 10.95 -25.349999999999998 -2.5599999999999996
      vertex 10.95 -25.349999999999998 -4.05
      vertex 10.95 -23.349999999999998 -2.5599999999999996
    endloop
  endfacet
  facet normal 0 1 0
    outer loop
      vertex 10.95 -25.349999999999998 -2.5599999999999996
      vertex 18.974999999999998 -25.349999999999998 -4.05
      vertex 10.95 -25.349999999999998 -4.05
    endloop
  endfacet
  facet normal 0 1 0
    outer loop
      vertex 20.825 -25.349999999999998 -0.29785101419172294
      vertex 28.849999999999998 -25.349999999999998 -4.05
      vertex 20.825 -25.349999999999998 -4.05
    endloop
  endfacet
  facet normal 0 1 0
    outer loop
      vertex 28.849999999999998 -25.349999999999998 -2.5599999999999996
      vertex 28.849999999999998 -25.349999999999998 -4.05
      vertex 20.825 -25.349999999999998 0.29785101419172294
    endloop
  endfacet
  facet normal 0 1 0
    outer loop
      vertex 20.825 -25.349999999999998 -0.29785101419172294
      vertex 20.823077502668042 -25.349999999999998 -0.26176948307873155
      vertex 28.849999999999998 -25.349999999999998 -4.05
    endloop
  endfacet
  facet normal 0 1 0
    outer loop
      vertex 20.823077502668042 -25.349999999999998 -0.26176948307873155
      vertex 20.823077502668042 -25.349999999999998 0.26176948307873155
      vertex 28.849999999999998 -25.349999999999998 -4.05
    endloop
  endfacet
  facet normal 0 1 0
    outer loop
      vertex 20.823077502668042 -25.349999999999998 0.26176948307873155
      vertex 20.825 -25.349999999999998 0.29785101419172294
      vertex 28.849999999999998 -25.349999999999998 -4.05
    endloop
  endfacet
  facet normal 0 1 0
    outer loop
      vertex 10.95 -25.349999999999998 -2.5599999999999996
      vertex 10.95 -25.349999999999998 4.05
      vertex 18.974999999999998 -25.349999999999998 -4.05
    endloop
  endfacet
  facet normal 1 0 0
    outer loop
      vertex 10.95 -23.349999999999998 -2.5599999999999996
      vertex 10.95 -25.349999999999998 -4.05
      vertex 10.95 23.349999999999998 -2.5599999999999996
    endloop
  endfacet
  facet normal -1 0 0
    outer loop
      vertex 28.849999999999998 -25.349999999999998 -2.5599999999999996
      vertex 28.849999999999998 25.349999999999998 -4.05
      vertex 28.849999999999998 -25.349999999999998 -4.05
    endloop
  endfacet
  facet normal -1 0 0
    outer loop
      vertex 28.849999999999998 -25.349999999999998 -2.5599999999999996
      vertex 28.849999999999998 -23.349999999999998 -2.5599999999999996
      vertex 28.849999999999998 25.349999999999998 -4.05
    endloop
  endfacet
  facet normal 0 1 0
    outer loop
      vertex 28.849999999999998 -25.349999999999998 -2.5599999999999996
      vertex 20.825 -25.349999999999998 0.29785101419172294
      vertex 20.825 -25.349999999999998 4.05
    endloop
  endfacet
  facet normal 0 1 0
    outer loop
      vertex 18.974999999999998 -25.349999999999998 4.05
      vertex 18.974999999999998 -25.349999999999998 -4.05
      vertex 10.95 -25.349999999999998 4.05
    endloop
  endfacet
  facet normal 0 1 0
    outer loop
      vertex 28.849999999999998 -25.349999999999998 -2.5599999999999996
      vertex 20.825 -25.349999999999998 4.05
      vertex 28.849999999999998 -25.349999999999998 4.05
    endloop
  endfacet
  facet normal 1 0 0
    outer loop
      vertex 10.95 23.349999999999998 -2.5599999999999996
      vertex 10.95 -25.349999999999998 -4.05
      vertex 10.95 25.349999999999998 -2.5599999999999996
    endloop
  endfacet
  facet normal 1 0 0
    outer loop
      vertex 10.95 25.349999999999998 -2.5599999999999996
      vertex 10.95 -25.349999999999998 -4.05
      vertex 10.95 25.349999999999998 -4.05
    endloop
  endfacet
  facet normal 0 -1 0
    outer loop
      vertex 28.849999999999998 25.349999999999998 -2.5599999999999996
      vertex 20.825 25.349999999999998 -4.05
      vertex 28.849999999999998 25.349999999999998 -4.05
    endloop
  endfacet
  facet normal 0 -1 0
    outer loop
      vertex 20.825 25.349999999999998 -0.29785101419172294
      vertex 20.825 25.349999999999998 -4.05
      vertex 28.849999999999998 25.349999999999998 -2.5599999999999996
    endloop
  endfacet
  facet normal 0 -1 0
    outer loop
      vertex 18.974999999999998 25.349999999999998 -4.05
      vertex 18.974999999999998 25.349999999999998 4.05
      vertex 10.95 25.349999999999998 -4.05
    endloop
  endfacet
  facet normal 0 -1 0
    outer loop
      vertex 18.974999999999998 25.349999999999998 4.05
      vertex 10.95 25.349999999999998 -2.5599999999999996
      vertex 10.95 25.349999999999998 -4.05
    endloop
  endfacet
  facet normal -1 0 0
    outer loop
      vertex 28.849999999999998 -23.349999999999998 -2.5599999999999996
      vertex 28.849999999999998 23.349999999999998 -2.5599999999999996
      vertex 28.849999999999998 25.349999999999998 -4.05
    endloop
  endfacet
  facet normal -1 0 0
    outer loop
      vertex 28.849999999999998 23.349999999999998 -2.5599999999999996
      vertex 28.849999999999998 25.349999999999998 -2.5599999999999996
      vertex 28.849999999999998 25.349999999999998 -4.05
    endloop
  endfacet
  facet normal 0 -1 0
    outer loop
      vertex 20.825 25.349999999999998 -0.29785101419172294
      vertex 28.849999999999998 25.349999999999998 -2.5599999999999996
      vertex 28.849999999999998 25.349999999999998 4.05
    endloop
  endfacet
  facet normal 0 -1 0
    outer loop
      vertex 10.95 25.349999999999998 -2.5599999999999996
      vertex 18.974999999999998 25.349999999999998 4.05
      vertex 10.95 25.349999999999998 4.05
    endloop
  endfacet
  facet normal 0 -1 0
    outer loop
      vertex 20.825 25.349999999999998 -0.29785101419172294
      vertex 28.849999999999998 25.349999999999998 4.05
      vertex 20.823077502668042 25.349999999999998 -0.26176948307873155
    endloop
  endfacet
  facet normal 0 -1 0
    outer loop
      vertex 20.823077502668042 25.349999999999998 -0.26176948307873155
      vertex 28.849999999999998 25.349999999999998 4.05
      vertex 20.823077502668042 25.349999999999998 0.26176948307873155
    endloop
  endfacet
  facet normal 0 -1 0
    outer loop
      vertex 20.823077502668042 25.349999999999998 0.26176948307873155
      vertex 28.849999999999998 25.349999999999998 4.05
      vertex 20.825 25.349999999999998 0.29785101419172294
    endloop
  endfacet
  facet normal 0 -1 0
    outer loop
      vertex 20.825 25.349999999999998 0.29785101419172294
      vertex 28.849999999999998 25.349999999999998 4.05
      vertex 20.825 25.349999999999998 4.05
    endloop
  endfacet
  facet normal 1 0 0
    outer loop
      vertex 31.599999999999998 28.4 -4.05
      vertex 31.599999999999998 29.9 -4.05
      vertex 31.599999999999998 29.9 4.05
    endloop
  endfacet
  facet normal 0 -1 0
    outer loop
      vertex 43.85783543835371 29.9 -4.05
      vertex 31.599999999999998 29.9 4.05
      vertex 31.599999999999998 29.9 -4.05
    endloop
  endfacet
  facet normal 0 1 0
    outer loop
      vertex 42.58725650918933 28.4 -4.05
      vertex 31.599999999999998 28.4 -4.05
      vertex 42.58725650918933 28.4 4.05
    endloop
  endfacet
  facet normal 0 1 0
    outer loop
      vertex 48 28.4 -4.05
      vertex 42.58725650918933 28.4 -4.05
      vertex 42.58725650918933 28.4 4.05
    endloop
  endfacet
  facet normal 0 -1 0
    outer loop
      vertex 43.85783543835371 29.9 -4.05
      vertex 48 29.9 -4.05
      vertex 48 29.9 4.05
    endloop
  endfacet
  facet normal -1 0 0
    outer loop
      vertex 48 28.4 -4.05
      vertex 48 28.4 4.05
      vertex 48 29.9 -4.05
    endloop
  endfacet
  facet normal 1 0 0
    outer loop
      vertex 31.599999999999998 28.4 4.05
      vertex 31.599999999999998 28.4 -4.05
      vertex 31.599999999999998 29.9 4.05
    endloop
  endfacet
  facet normal 0 1 0
    outer loop
      vertex 42.58725650918933 28.4 4.05
      vertex 31.599999999999998 28.4 -4.05
      vertex 31.599999999999998 28.4 4.05
    endloop
  endfacet
  facet normal 0 -1 0
    outer loop
      vertex 43.85783543835371 29.9 4.05
      vertex 31.599999999999998 29.9 4.05
      vertex 43.85783543835371 29.9 -4.05
    endloop
  endfacet
  facet normal 0 1 0
    outer loop
      vertex 42.58725650918933 28.4 4.05
      vertex 48 28.4 4.05
      vertex 48 28.4 -4.05
    endloop
  endfacet
  facet normal 0 -1 0
    outer loop
      vertex 43.85783543835371 29.9 4.05
      vertex 43.85783543835371 29.9 -4.05
      vertex 48 29.9 4.05
    endloop
  endfacet
  facet normal -1 0 0
    outer loop
      vertex 48 29.9 -4.05
      vertex 48 28.4 4.05
      vertex 48 29.9 4.05
    endloop
  endfacet
  facet normal 1 0 0
    outer loop
      vertex 31.599999999999998 -29.9 -4.05
      vertex 31.599999999999998 -28.4 -4.05
      vertex 31.599999999999998 -28.4 4.05
    endloop
  endfacet
  facet normal 0 -1 0
    outer loop
      vertex 42.58725650918933 -28.4 -4.05
      vertex 31.599999999999998 -28.4 4.05
      vertex 31.599999999999998 -28.4 -4.05
    endloop
  endfacet
  facet normal 0 1 0
    outer loop
      vertex 31.599999999999998 -29.9 -4.05
      vertex 43.85783543835371 -29.9 4.05
      vertex 43.85783543835371 -29.9 -4.05
    endloop
  endfacet
  facet normal 0 1 0
    outer loop
      vertex 43.85783543835371 -29.9 -4.05
      vertex 43.85783543835371 -29.9 4.05
      vertex 48 -29.9 -4.05
    endloop
  endfacet
  facet normal 0 -1 0
    outer loop
      vertex 42.58725650918933 -28.4 -4.05
      vertex 48 -28.4 -4.05
      vertex 48 -28.4 4.05
    endloop
  endfacet
  facet normal -1 0 0
    outer loop
      vertex 48 -29.9 -4.05
      vertex 48 -29.9 4.05
      vertex 48 -28.4 -4.05
    endloop
  endfacet
  facet normal 1 0 0
    outer loop
      vertex 31.599999999999998 -28.4 4.05
      vertex 31.599999999999998 -29.9 4.05
      vertex 31.599999999999998 -29.9 -4.05
    endloop
  endfacet
  facet normal 0 1 0
    outer loop
      vertex 43.85783543835371 -29.9 4.05
      vertex 31.599999999999998 -29.9 -4.05
      vertex 31.599999999999998 -29.9 4.05
    endloop
  endfacet
  facet normal 0 -1 0
    outer loop
      vertex 42.58725650918933 -28.4 4.05
      vertex 31.599999999999998 -28.4 4.05
      vertex 42.58725650918933 -28.4 -4.05
    endloop
  endfacet
  facet normal 0 1 0
    outer loop
      vertex 48 -29.9 -4.05
      vertex 43.85783543835371 -29.9 4.05
      vertex 48 -29.9 4.05
    endloop
  endfacet
  facet normal 0 -1 0
    outer loop
      vertex 42.58725650918933 -28.4 4.05
      vertex 42.58725650918933 -28.4 -4.05
      vertex 48 -28.4 4.05
    endloop
  endfacet
  facet normal -1 0 0
    outer loop
      vertex 48 -28.4 -4.05
      vertex 48 -29.9 4.05
      vertex 48 -28.4 4.05
    endloop
  endfacet
  facet normal 0 1 0
    outer loop
      vertex 30.849999999999998 -25.349999999999998 -2.5599999999999996
      vertex 38.875 -25.349999999999998 -4.05
      vertex 30.849999999999998 -25.349999999999998 -4.05
    endloop
  endfacet
  facet normal 1 0 0
    outer loop
      vertex 30.849999999999998 -25.349999999999998 -2.5599999999999996
      vertex 30.849999999999998 -25.349999999999998 -4.05
      vertex 30.849999999999998 -23.349999999999998 -2.5599999999999996
    endloop
  endfacet
  facet normal 0 1 0
    outer loop
      vertex 40.724999999999994 -25.349999999999998 -0.29785101419172294
      vertex 41.75 -25.349999999999998 -4.05
      vertex 40.724999999999994 -25.349999999999998 -4.05
    endloop
  endfacet
  facet normal 0 1 0
    outer loop
      vertex 40.724999999999994 -25.349999999999998 -0.29785101419172294
      vertex 48.75 -25.349999999999998 -4.05
      vertex 41.75 -25.349999999999998 -4.05
    endloop
  endfacet
  facet normal 0 1 0
    outer loop
      vertex 48.75 -25.349999999999998 -2.5599999999999996
      vertex 48.75 -25.349999999999998 -4.05
      vertex 40.724999999999994 -25.349999999999998 0.29785101419172294
    endloop
  endfacet
  facet normal -1 0 0
    outer loop
      vertex 48.75 -25.349999999999998 -2.5599999999999996
      vertex 48.75 -19.444463555739535 -4.05
      vertex 48.75 -25.349999999999998 -4.05
    endloop
  endfacet
  facet normal -1 0 0
    outer loop
      vertex 48.75 -25.349999999999998 -2.5599999999999996
      vertex 48.75 -25.285360086856873 -2.5599999999999996
      vertex 48.75 -19.444463555739535 -4.05
    endloop
  endfacet
  facet normal -1 0 0
    outer loop
      vertex 48.75 -25.285360086856873 -2.5599999999999996
      vertex 48.75 -21.414639913143123 -2.5599999999999996
      vertex 48.75 -19.444463555739535 -4.05
    endloop
  endfacet
  facet normal 0 1 0
    outer loop
      vertex 30.849999999999998 -25.349999999999998 -2.5599999999999996
      vertex 30.849999999999998 -25.349999999999998 4.05
      vertex 38.875 -25.349999999999998 -4.05
    endloop
  endfacet
  facet normal 0 1 0
    outer loop
      vertex 40.724999999999994 -25.349999999999998 -0.29785101419172294
      vertex 40.72307750266803 -25.349999999999998 -0.26176948307873155
      vertex 48.75 -25.349999999999998 -4.05
    endloop
  endfacet
  facet normal 0 1 0
    outer loop
      vertex 40.72307750266803 -25.349999999999998 -0.26176948307873155
      vertex 40.72307750266803 -25.349999999999998 0.26176948307873155
      vertex 48.75 -25.349999999999998 -4.05
    endloop
  endfacet
  facet normal 0 1 0
    outer loop
      vertex 40.72307750266803 -25.349999999999998 0.26176948307873155
      vertex 40.724999999999994 -25.349999999999998 0.29785101419172294
      vertex 48.75 -25.349999999999998 -4.05
    endloop
  endfacet
  facet normal 1 0 0
    outer loop
      vertex 30.849999999999998 -23.349999999999998 -2.5599999999999996
      vertex 30.849999999999998 -25.349999999999998 -4.05
      vertex 30.849999999999998 23.349999999999998 -2.5599999999999996
    endloop
  endfacet
  facet normal -1 0 0
    outer loop
      vertex 48.75 -21.414639913143123 -2.5599999999999996
      vertex 48.75 19.444463555739535 -4.05
      vertex 48.75 -19.444463555739535 -4.05
    endloop
  endfacet
  facet normal 0 1 0
    outer loop
      vertex 38.875 -25.349999999999998 -4.05
      vertex 30.849999999999998 -25.349999999999998 4.05
      vertex 38.875 -25.349999999999998 4.05
    endloop
  endfacet
  facet normal 0 1 0
    outer loop
      vertex 48.75 -25.349999999999998 -2.5599999999999996
      vertex 40.724999999999994 -25.349999999999998 0.29785101419172294
      vertex 41.75 -25.349999999999998 4.05
    endloop
  endfacet
  facet normal 0 1 0
    outer loop
      vertex 48.75 -25.349999999999998 -2.5599999999999996
      vertex 41.75 -25.349999999999998 4.05
      vertex 48.75 -25.349999999999998 4.05
    endloop
  endfacet
  facet normal 0 1 0
    outer loop
      vertex 40.724999999999994 -25.349999999999998 0.29785101419172294
      vertex 40.724999999999994 -25.349999999999998 4.05
      vertex 41.75 -25.349999999999998 4.05
    endloop
  endfacet
  facet normal 1 0 0
    outer loop
      vertex 30.849999999999998 23.349999999999998 -2.5599999999999996
      vertex 30.849999999999998 -25.349999999999998 -4.05
      vertex 30.849999999999998 25.349999999999998 -2.5599999999999996
    endloop
  endfacet
  facet normal 1 0 0
    outer loop
      vertex 30.849999999999998 25.349999999999998 -2.5599999999999996
      vertex 30.849999999999998 -25.349999999999998 -4.05
      vertex 30.849999999999998 25.349999999999998 -4.05
    endloop
  endfacet
  facet normal -1 0 0
    outer loop
      vertex 48.75 -21.414639913143123 -2.5599999999999996
      vertex 48.75 21.414639913143123 -2.5599999999999996
      vertex 48.75 19.444463555739535 -4.05
    endloop
  endfacet
  facet normal 0 -1 0
    outer loop
      vertex 38.61124401913876 25.349999999999998 -4.05
      vertex 30.849999999999998 25.349999999999998 -2.5599999999999996
      vertex 30.849999999999998 25.349999999999998 -4.05
    endloop
  endfacet
  facet normal 0 -1 0
    outer loop
      vertex 30.849999999999998 25.349999999999998 -2.5599999999999996
      vertex 38.61124401913876 25.349999999999998 -4.05
      vertex 38.875 25.349999999999998 -4.05
    endloop
  endfacet
  facet normal -1 0 0
    outer loop
      vertex 48.75 21.414639913143123 -2.5599999999999996
      vertex 48.75 25.349999999999998 -4.05
      vertex 48.75 19.444463555739535 -4.05
    endloop
  endfacet
  facet normal -1 0 0
    outer loop
      vertex 48.75 21.414639913143123 -2.5599999999999996
      vertex 48.75 25.285360086856873 -2.5599999999999996
      vertex 48.75 25.349999999999998 -4.05
    endloop
  endfacet
  facet normal -1 0 0
    outer loop
      vertex 48.75 25.285360086856873 -2.5599999999999996
      vertex 48.75 25.349999999999998 -2.5599999999999996
      vertex 48.75 25.349999999999998 -4.05
    endloop
  endfacet
  facet normal 0 -1 0
    outer loop
      vertex 40.724999999999994 25.349999999999998 -0.29785101419172294
      vertex 40.724999999999994 25.349999999999998 -4.05
      vertex 41.75 25.349999999999998 -4.05
    endloop
  endfacet
  facet normal 0 -1 0
    outer loop
      vertex 40.724999999999994 25.349999999999998 -0.29785101419172294
      vertex 41.75 25.349999999999998 -4.05
      vertex 48.75 25.349999999999998 -4.05
    endloop
  endfacet
  facet normal 0 -1 0
    outer loop
      vertex 48.75 25.349999999999998 -2.5599999999999996
      vertex 40.724999999999994 25.349999999999998 -0.29785101419172294
      vertex 48.75 25.349999999999998 -4.05
    endloop
  endfacet
  facet normal 0 -1 0
    outer loop
      vertex 30.849999999999998 25.349999999999998 -2.5599999999999996
      vertex 38.875 25.349999999999998 -4.05
      vertex 30.849999999999998 25.349999999999998 4.05
    endloop
  endfacet
  facet normal 0 -1 0
    outer loop
      vertex 38.875 25.349999999999998 -4.05
      vertex 38.875 25.349999999999998 4.05
      vertex 30.849999999999998 25.349999999999998 4.05
    endloop
  endfacet
  facet normal 0 -1 0
    outer loop
      vertex 48.75 25.349999999999998 -2.5599999999999996
      vertex 48.75 25.349999999999998 4.05
      vertex 40.724999999999994 25.349999999999998 -0.29785101419172294
    endloop
  endfacet
  facet normal 0 -1 0
    outer loop
      vertex 40.724999999999994 25.349999999999998 -0.29785101419172294
      vertex 48.75 25.349999999999998 4.05
      vertex 40.72307750266803 25.349999999999998 -0.26176948307873155
    endloop
  endfacet
  facet normal 0 -1 0
    outer loop
      vertex 40.72307750266803 25.349999999999998 -0.26176948307873155
      vertex 48.75 25.349999999999998 4.05
      vertex 40.72307750266803 25.349999999999998 0.26176948307873155
    endloop
  endfacet
  facet normal 0 -1 0
    outer loop
      vertex 40.72307750266803 25.349999999999998 0.26176948307873155
      vertex 48.75 25.349999999999998 4.05
      vertex 40.724999999999994 25.349999999999998 0.29785101419172294
    endloop
  endfacet
  facet normal 0 -1 0
    outer loop
      vertex 40.724999999999994 25.349999999999998 0.29785101419172294
      vertex 41.75 25.349999999999998 4.05
      vertex 40.724999999999994 25.349999999999998 4.05
    endloop
  endfacet
  facet normal 0 -1 0
    outer loop
      vertex 40.724999999999994 25.349999999999998 0.29785101419172294
      vertex 48.75 25.349999999999998 4.05
      vertex 41.75 25.349999999999998 4.05
    endloop
  endfacet
endsolid OpenSCAD_Model
